📖 Loading index from enao_genre_index.json...
📂 Loading checkpoint...
🌊 Hydrating with Top 50 Artists per Genre...
[6/6291] 'trap latino' (Est: 2.1h left)... Found 50.
[7/6291] 'reggaeton' (Est: 2.1h left)... Found 50.
[8/6291] 'dance pop' (Est: 2.1h left)... Found 50.
[9/6291] 'pop rap' (Est: 2.1h left)... Found 50.
[10/6291] 'modern rock' (Est: 2.1h left)... Found 41.
[11/6291] 'pov: indie' (Est: 2.1h left)... Found 1.
[12/6291] 'musica mexicana' (Est: 2.1h left)... Found 18.
[13/6291] 'latin pop' (Est: 2.1h left)... Found 50.
[14/6291] 'classic rock' (Est: 2.1h left)... Found 50.
[15/6291] 'filmi' (Est: 2.1h left)... Found 50.
[16/6291] 'permanent wave' (Est: 2.1h left)... Found 18.
[17/6291] 'trap' (Est: 2.1h left)... Found 50.
[18/6291] 'alternative metal' (Est: 2.1h left)... Found 50.
[19/6291] 'k-pop' (Est: 2.1h left)... Found 50.
[20/6291] 'r&b' (Est: 2.1h left)... Found 50.
[21/6291] 'corrido' (Est: 2.1h left)... Found 50.
[22/6291] 'canadian pop' (Est: 2.1h left)... Found 1.
[23/6291] 'norteno' (Est: 2.1h left)... Found 50.
[24/6291] 'sierreno' (Est: 2.1h left)... Found 50.
[25/6291] 'album rock' (Est: 2.1h left)... Found 36.
[26/6291] 'soft rock' (Est: 2.1h left)... Found 50.
[27/6291] 'pop dance' (Est: 2.1h left)... Found 9.
[28/6291] 'sad sierreno' (Est: 2.1h left)... No artists.
[29/6291] 'edm' (Est: 2.1h left)... Found 50.
[30/6291] 'hard rock' (Est: 2.1h left)... Found 50.
[31/6291] 'contemporary country' (Est: 2.1h left)... Found 50.
[32/6291] 'mellow gold' (Est: 2.1h left)... Found 8.
[33/6291] 'uk pop' (Est: 2.1h left)... Found 12.
[34/6291] 'melodic rap' (Est: 2.1h left)... Found 24.
[35/6291] 'modern bollywood' (Est: 2.1h left)... Found 1.
[36/6291] 'alternative rock' (Est: 2.1h left)...❌ Exception for tag 'alternative rock': ('Connection aborted.', ConnectionResetError(104, 'Connection reset by peer'))
 Found 50.
[37/6291] 'banda' (Est: 2.1h left)... Found 50.
[38/6291] 'post-grunge' (Est: 2.1h left)... Found 50.
[39/6291] 'corridos tumbados' (Est: 2.1h left)... Found 1.
[40/6291] 'sertanejo universitario' (Est: 2.1h left)... Found 17.
[41/6291] 'nu metal' (Est: 2.1h left)... Found 50.
[42/6291] 'country' (Est: 2.1h left)... Found 50.
[43/6291] 'art pop' (Est: 2.1h left)... Found 50.
[44/6291] 'atl hip hop' (Est: 2.1h left)... No artists.
[45/6291] 'urban contemporary' (Est: 2.1h left)... Found 29.
[46/6291] 'sertanejo' (Est: 2.1h left)... Found 50.
[47/6291] 'southern hip hop' (Est: 2.1h left)... Found 50.
[48/6291] 'singer-songwriter' (Est: 2.1h left)... Found 50.
[49/6291] 'reggaeton colombiano' (Est: 2.1h left)... No artists.
[50/6291] 'arrocha' (Est: 2.1h left)... Found 1.
💾 Checkpoint saved (1339 entities)
[51/6291] 'french hip hop' (Est: 2.1h left)... Found 26.
[52/6291] 'colombian pop' (Est: 2.1h left)... No artists.
[53/6291] 'alt z' (Est: 2.1h left)... Found 12.
[54/6291] 'country road' (Est: 2.1h left)... Found 2.
[55/6291] 'mexican pop' (Est: 2.1h left)... Found 1.
[56/6291] 'canadian hip hop' (Est: 2.1h left)... Found 38.
[57/6291] 'j-pop' (Est: 2.1h left)... Found 50.
[58/6291] 'indonesian pop' (Est: 2.1h left)... Found 1.
[59/6291] 'singer-songwriter pop' (Est: 2.1h left)... Found 3.
[60/6291] 'ranchera' (Est: 2.1h left)... Found 50.
[61/6291] 'new wave pop' (Est: 2.1h left)... Found 9.
[62/6291] 'indietronica' (Est: 2.1h left)... Found 50.
[63/6291] 'german hip hop' (Est: 2.1h left)... Found 10.
[64/6291] 'pop urbaine' (Est: 2.1h left)... Found 3.
[65/6291] 'rock en espanol' (Est: 2.1h left)... Found 41.
[66/6291] 'latin alternative' (Est: 2.1h left)... Found 11.
[67/6291] 'gangster rap' (Est: 2.1h left)... Found 7.
[68/6291] 'soul' (Est: 2.1h left)...❌ Exception for tag 'soul': ('Connection aborted.', ConnectionResetError(104, 'Connection reset by peer'))
 Found 50.
[69/6291] 'k-pop boy group' (Est: 2.1h left)... No artists.
[70/6291] 'latin arena pop' (Est: 2.1h left)... No artists.
[71/6291] 'chicago rap' (Est: 2.1h left)... Found 7.
[72/6291] 'italian pop' (Est: 2.1h left)...❌ Exception for tag 'italian pop': ('Connection aborted.', ConnectionResetError(104, 'Connection reset by peer'))
 Found 43.
[73/6291] 'heartland rock' (Est: 2.1h left)... Found 50.
[74/6291] 'k-pop girl group' (Est: 2.1h left)... No artists.
[75/6291] 'agronejo' (Est: 2.1h left)... No artists.
[76/6291] 'modern country pop' (Est: 2.1h left)... No artists.
[77/6291] 'electro house' (Est: 2.1h left)... Found 50.
[78/6291] 'latin hip hop' (Est: 2.1h left)... Found 8.
[79/6291] 'canadian contemporary r&b' (Est: 2.1h left)... Found 1.
[80/6291] 'pop punk' (Est: 2.1h left)... Found 50.
[81/6291] 'neo mellow' (Est: 2.1h left)... Found 4.
[82/6291] 'pop rock' (Est: 2.1h left)... Found 50.
[83/6291] 'latin rock' (Est: 2.1h left)... Found 50.
[84/6291] 'punjabi pop' (Est: 2.1h left)... Found 5.
[85/6291] 'rap metal' (Est: 2.1h left)... Found 50.
[86/6291] 'trap argentino' (Est: 2.1h left)... No artists.
[87/6291] 'new romantic' (Est: 2.1h left)... Found 50.
[88/6291] 'new wave' (Est: 2.1h left)... Found 50.
[89/6291] 'uk dance' (Est: 2.1h left)... Found 2.
[90/6291] 'slap house' (Est: 2.1h left)... Found 18.
[91/6291] 'modern alternative rock' (Est: 2.1h left)... Found 10.
[92/6291] 'indie pop' (Est: 2.1h left)... Found 50.
[93/6291] 'indie rock' (Est: 2.1h left)... Found 50.
[94/6291] 'house' (Est: 2.1h left)... Found 50.
[95/6291] 'conscious hip hop' (Est: 2.1h left)... Found 50.
[96/6291] 'modern country rock' (Est: 2.1h left)... No artists.
[97/6291] 'east coast hip hop' (Est: 2.1h left)... Found 50.
[98/6291] 'folk rock' (Est: 2.1h left)... Found 50.
[99/6291] 'metal' (Est: 2.1h left)... Found 50.
[100/6291] 'turkish pop' (Est: 2.1h left)... Found 30.
💾 Checkpoint saved (2173 entities)
[101/6291] 'bedroom pop' (Est: 2.1h left)... Found 50.
[102/6291] 'desi pop' (Est: 2.1h left)... Found 2.
[103/6291] 'italian hip hop' (Est: 2.1h left)... Found 2.
[104/6291] 'hoerspiel' (Est: 2.1h left)... Found 2.
[105/6291] 'afrobeats' (Est: 2.1h left)... Found 50.
[106/6291] 'adult standards' (Est: 2.1h left)... Found 5.
[107/6291] 'post-teen pop' (Est: 2.1h left)... Found 8.
[108/6291] 'neo soul' (Est: 2.1h left)... Found 50.
[109/6291] 'sped up' (Est: 2.1h left)... No artists.
[110/6291] 'cloud rap' (Est: 2.1h left)... Found 50.
[111/6291] 'viral pop' (Est: 2.1h left)... Found 3.
[112/6291] 'talent show' (Est: 2.1h left)... No artists.
[113/6291] 'spanish pop' (Est: 2.1h left)... Found 4.
[114/6291] 'punk' (Est: 2.1h left)... Found 50.
[115/6291] 'alternative r&b' (Est: 2.1h left)... Found 50.
[116/6291] 'grupera' (Est: 2.1h left)... Found 5.
[117/6291] 'west coast rap' (Est: 2.1h left)... Found 12.
[118/6291] 'opm' (Est: 2.1h left)... Found 50.
[119/6291] 'boy band' (Est: 2.1h left)... Found 50.
[120/6291] 'psychedelic rock' (Est: 2.1h left)... Found 50.
[121/6291] 'glam metal' (Est: 2.1h left)... Found 50.
[122/6291] 'stomp and holler' (Est: 2.1h left)... Found 10.
[123/6291] 'desi hip hop' (Est: 2.1h left)... Found 6.
[124/6291] 'ccm' (Est: 2.1h left)... Found 42.
[125/6291] 'rage rap' (Est: 2.1h left)... Found 3.
[126/6291] 'hip pop' (Est: 2.1h left)... Found 7.
[127/6291] 'puerto rican pop' (Est: 2.1h left)... No artists.
[128/6291] 'german pop' (Est: 2.1h left)... Found 50.
[129/6291] 'miami hip hop' (Est: 2.1h left)... Found 1.
[130/6291] 'argentine rock' (Est: 2.1h left)... Found 7.
[131/6291] 'sertanejo pop' (Est: 2.1h left)... No artists.
[132/6291] 'tropical' (Est: 2.1h left)...❌ Exception for tag 'tropical': ('Connection aborted.', ConnectionResetError(104, 'Connection reset by peer'))
 Found 50.
[133/6291] 'glam rock' (Est: 2.1h left)... Found 50.
[134/6291] 'funk carioca' (Est: 2.1h left)... Found 23.
[135/6291] 'nigerian pop' (Est: 2.1h left)... Found 1.
[136/6291] 'argentine hip hop' (Est: 2.1h left)... No artists.
[137/6291] 'dark trap' (Est: 2.1h left)... Found 12.
[138/6291] 'latin viral pop' (Est: 2.1h left)... No artists.
[139/6291] 'piano rock' (Est: 2.1h left)... Found 50.
[140/6291] 'detroit hip hop' (Est: 2.1h left)... Found 2.
[141/6291] 'italian adult pop' (Est: 2.0h left)... No artists.
[142/6291] 'country rock' (Est: 2.0h left)... Found 50.
[143/6291] 'underground hip hop' (Est: 2.0h left)... Found 50.
[144/6291] 'mexican hip hop' (Est: 2.0h left)... Found 1.
[145/6291] 'progressive electro house' (Est: 2.0h left)... No artists.
[146/6291] 'synthpop' (Est: 2.0h left)... Found 50.
[147/6291] 'metropopolis' (Est: 2.0h left)... Found 4.
[148/6291] 'garage rock' (Est: 2.0h left)... Found 50.
[149/6291] 'indie folk' (Est: 2.0h left)... Found 50.
[150/6291] 'vocal jazz' (Est: 2.0h left)... Found 50.
💾 Checkpoint saved (3062 entities)
[151/6291] 'classical' (Est: 2.0h left)... Found 50.
[152/6291] 'europop' (Est: 2.0h left)... Found 50.
[153/6291] 'progressive house' (Est: 2.0h left)... Found 50.
[154/6291] 'art rock' (Est: 2.0h left)... Found 50.
[155/6291] 'yacht rock' (Est: 2.0h left)... Found 47.
[156/6291] 'mpb' (Est: 2.0h left)... Found 50.
[157/6291] 'pagode' (Est: 2.0h left)... Found 25.
[158/6291] 'tropical house' (Est: 2.0h left)... Found 50.
[159/6291] 'urbano espanol' (Est: 2.0h left)... Found 1.
[160/6291] 'chamber pop' (Est: 2.0h left)... Found 50.
[161/6291] 'rap francais' (Est: 2.0h left)... Found 22.
[162/6291] 'dance rock' (Est: 2.0h left)... Found 50.
[163/6291] 'j-rock' (Est: 2.0h left)... Found 50.
[164/6291] 'polish hip hop' (Est: 2.0h left)... Found 8.
[165/6291] 'sleep' (Est: 2.0h left)... Found 25.
[166/6291] 'folk' (Est: 2.0h left)... Found 50.
[167/6291] 'anime' (Est: 2.0h left)... Found 50.
[168/6291] 'trap brasileiro' (Est: 2.0h left)... No artists.
[169/6291] 'disco' (Est: 2.0h left)... Found 50.
[170/6291] 'pluggnb' (Est: 2.0h left)... Found 22.
[171/6291] 'british soul' (Est: 2.0h left)... Found 9.
[172/6291] 'metalcore' (Est: 2.0h left)... Found 50.
[173/6291] 'australian pop' (Est: 2.0h left)... Found 5.
[174/6291] 'uk hip hop' (Est: 2.0h left)... Found 43.
[175/6291] 'christian music' (Est: 2.0h left)... Found 28.
[176/6291] 'gen z singer-songwriter' (Est: 2.0h left)... Found 2.
[177/6291] 'electropop' (Est: 2.0h left)... Found 50.
[178/6291] 'big room' (Est: 2.0h left)... Found 50.
[179/6291] 'forro' (Est: 2.0h left)... Found 50.
[180/6291] 'swedish pop' (Est: 2.0h left)... Found 33.
[181/6291] 'classic oklahoma country' (Est: 2.0h left)... No artists.
[182/6291] 'reggaeton flow' (Est: 2.0h left)... Found 1.
[183/6291] 'pop nacional' (Est: 2.0h left)... No artists.
[184/6291] 'british invasion' (Est: 2.0h left)... Found 9.
[185/6291] 'mexican rock' (Est: 2.0h left)... Found 4.
[186/6291] 'indie soul' (Est: 2.0h left)... Found 20.
[187/6291] 'contemporary r&b' (Est: 2.0h left)... Found 50.
[188/6291] 'folk-pop' (Est: 2.0h left)... Found 50.
[189/6291] 'white noise' (Est: 2.0h left)... Found 4.
[190/6291] 'pagode novo' (Est: 2.0h left)... No artists.
[191/6291] 'soundtrack' (Est: 2.0h left)... Found 50.
[192/6291] 'funk metal' (Est: 2.0h left)... Found 50.
[193/6291] 'grunge' (Est: 2.0h left)... Found 50.
[194/6291] 'french pop' (Est: 2.0h left)... Found 50.
[195/6291] 'emo rap' (Est: 2.0h left)... Found 50.
[196/6291] 'salsa' (Est: 2.0h left)... Found 50.
[197/6291] 'rain' (Est: 2.0h left)... Found 20.
[198/6291] 'r&b francais' (Est: 2.0h left)... No artists.
[199/6291] 'lgbtq+ hip hop' (Est: 2.0h left)... Found 3.
[200/6291] 'turkish rock' (Est: 2.0h left)... Found 6.
💾 Checkpoint saved (4146 entities)
[201/6291] 'memphis hip hop' (Est: 2.0h left)... Found 1.
[202/6291] 'mariachi' (Est: 2.0h left)... Found 50.
[203/6291] 'brostep' (Est: 2.0h left)... Found 31.
[204/6291] 'classic soul' (Est: 2.0h left)... Found 4.
[205/6291] 'funk mtg' (Est: 2.0h left)... No artists.
[206/6291] 'trap triste' (Est: 2.0h left)... No artists.
[207/6291] 'dirty south rap' (Est: 2.0h left)... Found 4.
[208/6291] 'melodic metalcore' (Est: 2.0h left)... Found 50.
[209/6291] 'blues rock' (Est: 2.0h left)... Found 50.
[210/6291] 'alternative hip hop' (Est: 2.0h left)... Found 50.
[211/6291] 'melancholia' (Est: 2.0h left)... Found 10.
[212/6291] 'pop soul' (Est: 2.0h left)... Found 50.
[213/6291] 'brazilian gospel' (Est: 2.0h left)... Found 1.
[214/6291] 'outlaw country' (Est: 2.0h left)... Found 50.
[215/6291] 'orchestral soundtrack' (Est: 2.0h left)... Found 6.
[216/6291] 'dutch house' (Est: 2.0h left)... Found 30.
[217/6291] 'turkish hip hop' (Est: 2.0h left)... Found 2.
[218/6291] 'queens hip hop' (Est: 2.0h left)...❌ Exception for tag 'queens hip hop': ('Connection aborted.', ConnectionResetError(104, 'Connection reset by peer'))
 Found 1.
[219/6291] 'christian alternative rock' (Est: 2.0h left)... No artists.
[220/6291] 'mandopop' (Est: 2.0h left)... Found 50.
[221/6291] 'lounge' (Est: 2.0h left)... Found 50.
[222/6291] 'worship' (Est: 2.0h left)... Found 50.
[223/6291] 'dfw rap' (Est: 2.0h left)... Found 1.
[224/6291] 'electronica' (Est: 2.0h left)... Found 50.
[225/6291] 'pixel' (Est: 2.0h left)... Found 3.
[226/6291] 'trap italiana' (Est: 2.0h left)... No artists.
[227/6291] 'pop reggaeton' (Est: 2.0h left)... Found 1.
[228/6291] 'new orleans rap' (Est: 2.0h left)... Found 1.
[229/6291] 'otacore' (Est: 2.0h left)... Found 4.
[230/6291] 'rock-and-roll' (Est: 2.0h left)... Found 50.
[231/6291] 'funk' (Est: 2.0h left)... Found 50.
[232/6291] 'quiet storm' (Est: 2.0h left)... Found 50.
[233/6291] 'motown' (Est: 2.0h left)... Found 45.
[234/6291] 'japanese teen pop' (Est: 2.0h left)... Found 4.
[235/6291] 'brazilian hip hop' (Est: 2.0h left)... Found 1.
[236/6291] 'gruperas inmortales' (Est: 2.0h left)... No artists.
[237/6291] 'kleine hoerspiel' (Est: 2.0h left)... No artists.
[238/6291] 'indie poptimism' (Est: 2.0h left)... Found 7.
[239/6291] 'dream pop' (Est: 2.0h left)... Found 50.
[240/6291] 'rap conscient' (Est: 2.0h left)... Found 1.
[241/6291] 'neo-synthpop' (Est: 2.0h left)... Found 6.
[242/6291] 'funk rock' (Est: 2.0h left)... Found 50.
[243/6291] 'easy listening' (Est: 2.0h left)... Found 50.
[244/6291] 'bolero' (Est: 2.0h left)... Found 50.
[245/6291] 'g funk' (Est: 2.0h left)... Found 50.
[246/6291] 'barbadian pop' (Est: 2.0h left)... No artists.
[247/6291] 'progressive rock' (Est: 2.0h left)... Found 50.
[248/6291] 'eurodance' (Est: 2.0h left)... Found 50.
[249/6291] 'hardcore hip hop' (Est: 2.0h left)... Found 50.
[250/6291] 'bachata' (Est: 2.0h left)... Found 50.
💾 Checkpoint saved (4924 entities)
[251/6291] 'australian dance' (Est: 2.0h left)... Found 1.
[252/6291] 'neon pop punk' (Est: 2.0h left)... Found 7.
[253/6291] 'emo' (Est: 2.0h left)... Found 50.
[254/6291] 'trap boricua' (Est: 2.0h left)... No artists.
[255/6291] 'brazilian rock' (Est: 2.0h left)... Found 14.
[256/6291] 'funk paulista' (Est: 2.0h left)... No artists.
[257/6291] 'pop venezolano' (Est: 2.0h left)... Found 1.
[258/6291] 'cantautor' (Est: 2.0h left)... Found 18.
[259/6291] 'chanson' (Est: 2.0h left)... Found 50.
[260/6291] 'drift phonk' (Est: 2.0h left)... Found 44.
[261/6291] 'florida rap' (Est: 2.0h left)... Found 2.
[262/6291] 'bedroom r&b' (Est: 2.0h left)... Found 1.
[263/6291] 'latin christian' (Est: 2.0h left)... Found 2.
[264/6291] 'movie tunes' (Est: 2.0h left)... Found 3.
[265/6291] 'indonesian pop rock' (Est: 2.0h left)... No artists.
[266/6291] 'russian hip hop' (Est: 2.0h left)... Found 12.
[267/6291] 'spanish hip hop' (Est: 2.0h left)... Found 2.
[268/6291] 'cali rap' (Est: 2.0h left)... Found 1.
[269/6291] 'dancehall' (Est: 2.0h left)... Found 50.
[270/6291] 'brooklyn drill' (Est: 2.0h left)... Found 1.
[271/6291] 'trap queen' (Est: 2.0h left)... Found 2.
[272/6291] 'urbano chileno' (Est: 2.0h left)... No artists.
[273/6291] 'color noise' (Est: 2.0h left)... No artists.
[274/6291] 'children's music' (Est: 2.0h left)... Found 50.
[275/6291] 'world worship' (Est: 2.0h left)... No artists.
[276/6291] 'urbano mexicano' (Est: 2.0h left)... Found 2.
[277/6291] 'sheffield indie' (Est: 2.0h left)... No artists.
[278/6291] 'classic texas country' (Est: 2.0h left)... No artists.
[279/6291] 'escape room' (Est: 2.0h left)... Found 8.
[280/6291] 'modern indie pop' (Est: 2.0h left)... Found 1.
[281/6291] 'funk rj' (Est: 2.0h left)... No artists.
[282/6291] 'plugg' (Est: 2.0h left)... Found 38.
[283/6291] 'anime rock' (Est: 2.0h left)... No artists.
[284/6291] 'merseybeat' (Est: 2.0h left)... Found 37.
[285/6291] 'reggae fusion' (Est: 2.0h left)... Found 22.
[286/6291] 'shoegaze' (Est: 2.0h left)... Found 50.
[287/6291] 'tamil hip hop' (Est: 2.0h left)... No artists.
[288/6291] 'britpop' (Est: 2.0h left)... Found 50.
[289/6291] 'australian rock' (Est: 2.0h left)... Found 9.
[290/6291] 'industrial metal' (Est: 2.0h left)... Found 50.
[291/6291] 'baroque pop' (Est: 2.0h left)... Found 50.
[292/6291] 'brooklyn indie' (Est: 2.0h left)... No artists.
[293/6291] 'pop argentino' (Est: 2.0h left)... No artists.
[294/6291] 'r&b en espanol' (Est: 2.0h left)... No artists.
[295/6291] 'trance' (Est: 2.0h left)... Found 50.
[296/6291] 'turkish trap' (Est: 2.0h left)... Found 1.
[297/6291] 'thai pop' (Est: 2.0h left)... Found 4.
[298/6291] 'lilith' (Est: 2.0h left)... Found 5.
[299/6291] 'indian instrumental' (Est: 2.0h left)... No artists.
[300/6291] 'downtempo' (Est: 2.0h left)... Found 50.
💾 Checkpoint saved (5481 entities)
[301/6291] 'southern rock' (Est: 2.0h left)... Found 50.
[302/6291] 'sophisti-pop' (Est: 2.0h left)... Found 50.
[303/6291] 'punjabi hip hop' (Est: 2.0h left)... Found 2.
[304/6291] 'polish trap' (Est: 2.0h left)... Found 2.
[305/6291] 'socal pop punk' (Est: 2.0h left)... No artists.
[306/6291] 'candy pop' (Est: 2.0h left)... Found 2.
[307/6291] 'tamil pop' (Est: 2.0h left)... No artists.
[308/6291] 'rockabilly' (Est: 2.0h left)... Found 50.
[309/6291] 'girl group' (Est: 2.0h left)...❌ Exception for tag 'girl group': ('Connection aborted.', ConnectionResetError(104, 'Connection reset by peer'))
 Found 50.
[310/6291] 'uk contemporary r&b' (Est: 2.0h left)... Found 2.
[311/6291] 'atl trap' (Est: 2.0h left)... Found 1.
[312/6291] 'old school thrash' (Est: 2.0h left)... Found 5.
[313/6291] 'classic bollywood' (Est: 2.0h left)...❌ Exception for tag 'classic bollywood': ('Connection aborted.', ConnectionResetError(104, 'Connection reset by peer'))
 Found 1.
[314/6291] 'compositional ambient' (Est: 2.0h left)... Found 6.
[315/6291] 'gym phonk' (Est: 2.0h left)... Found 1.
[316/6291] 'north carolina hip hop' (Est: 2.0h left)... No artists.
[317/6291] 'dark r&b' (Est: 2.0h left)... Found 5.
[318/6291] 'country dawn' (Est: 2.0h left)... No artists.
[319/6291] 'symphonic rock' (Est: 2.0h left)...❌ Exception for tag 'symphonic rock': ('Connection aborted.', ConnectionResetError(104, 'Connection reset by peer'))
 Found 50.
[320/6291] 'tennessee hip hop' (Est: 2.0h left)... No artists.
[321/6291] 'instrumental lullaby' (Est: 2.0h left)... No artists.
[322/6291] 'pittsburgh rap' (Est: 2.0h left)... No artists.
[323/6291] 'thrash metal' (Est: 2.0h left)... Found 50.
[324/6291] 'afropop' (Est: 2.0h left)... Found 50.
[325/6291] 'screamo' (Est: 2.0h left)... Found 50.
[326/6291] 'canadian rock' (Est: 2.0h left)... Found 3.
[327/6291] 'kindermusik' (Est: 2.0h left)... Found 1.
[328/6291] 'melodic drill' (Est: 2.0h left)... No artists.
[329/6291] 'nyc rap' (Est: 2.0h left)... Found 1.
[330/6291] 'modern blues rock' (Est: 2.0h left)... Found 3.
[331/6291] 'rock nacional brasileiro' (Est: 2.0h left)... No artists.
[332/6291] 'philly rap' (Est: 2.0h left)... Found 1.
[333/6291] 'afrofuturism' (Est: 2.0h left)... Found 8.
[334/6291] 'healing hz' (Est: 2.0h left)... No artists.
[335/6291] 'cumbia pop' (Est: 2.0h left)... Found 2.
[336/6291] 'rap latina' (Est: 2.0h left)... No artists.
[337/6291] 'reggae' (Est: 2.0h left)... Found 50.
[338/6291] 'madchester' (Est: 2.0h left)... Found 24.
[339/6291] 'spanish pop rock' (Est: 2.0h left)... No artists.
[340/6291] 'k-rap' (Est: 2.0h left)... Found 3.
[341/6291] 'dutch hip hop' (Est: 2.0h left)... Found 1.
[342/6291] 'trip hop' (Est: 2.0h left)... Found 50.
[343/6291] 'la indie' (Est: 2.0h left)... Found 3.
[344/6291] 'alternative dance' (Est: 2.0h left)... Found 50.
[345/6291] 'v-pop' (Est: 2.0h left)... Found 50.
[346/6291] 'rap rock' (Est: 2.0h left)... Found 50.
[347/6291] 'funk consciente' (Est: 2.0h left)... No artists.
[348/6291] 'indie anthem-folk' (Est: 2.0h left)... Found 2.
[349/6291] 'musica chihuahuense' (Est: 2.0h left)... No artists.
[350/6291] 'chill house' (Est: 2.0h left)... Found 4.
💾 Checkpoint saved (5988 entities)
[351/6291] 'australian hip hop' (Est: 2.0h left)... Found 5.
[352/6291] 'azontobeats' (Est: 2.0h left)... Found 1.
[353/6291] 'new americana' (Est: 2.0h left)... Found 3.
[354/6291] 'tejano' (Est: 2.0h left)... Found 45.
[355/6291] 'korean ost' (Est: 2.0h left)... No artists.
[356/6291] 'nova mpb' (Est: 2.0h left)... Found 7.
[357/6291] 'dutch edm' (Est: 2.0h left)... No artists.
[358/6291] 'j-division' (Est: 2.0h left)... No artists.
[359/6291] 'sertanejo tradicional' (Est: 2.0h left)... No artists.
[360/6291] 'acoustic pop' (Est: 2.0h left)... Found 25.
[361/6291] 'aesthetic rap' (Est: 2.0h left)... Found 1.
[362/6291] 'pop flamenco' (Est: 2.0h left)... No artists.
[363/6291] 'cancion melodica' (Est: 2.0h left)... Found 24.
[364/6291] 'sigilkore' (Est: 2.0h left)... Found 12.
[365/6291] 'rap conciencia' (Est: 2.0h left)... Found 1.
[366/6291] 'neo-psychedelic' (Est: 2.0h left)... Found 26.
[367/6291] 'dutch pop' (Est: 2.0h left)... Found 3.
[368/6291] 'adoracao' (Est: 2.0h left)... No artists.
[369/6291] 'ska argentino' (Est: 2.0h left)... Found 1.
[370/6291] 'irish rock' (Est: 2.0h left)... Found 8.
[371/6291] 'classic italian pop' (Est: 2.0h left)... No artists.
[372/6291] 'indie pop rap' (Est: 2.0h left)... Found 2.
[373/6291] 'pop r&b' (Est: 2.0h left)... Found 6.
[374/6291] 'groove metal' (Est: 2.0h left)... Found 50.
[375/6291] 'power metal' (Est: 2.0h left)... Found 50.
[376/6291] 'lo-fi study' (Est: 2.0h left)... No artists.
[377/6291] 'classic country pop' (Est: 2.0h left)... No artists.
[378/6291] 'danish pop' (Est: 2.0h left)... Found 1.
[379/6291] 'jazz' (Est: 2.0h left)... Found 50.
[380/6291] 'industrial rock' (Est: 2.0h left)... Found 50.
[381/6291] 'hyperpop' (Est: 2.0h left)... Found 50.
[382/6291] 'axe' (Est: 2.0h left)... Found 13.
[383/6291] 'phonk brasileiro' (Est: 2.0h left)... No artists.
[384/6291] 'pixie' (Est: 2.0h left)... Found 1.
[385/6291] 'bossa nova' (Est: 2.0h left)... Found 50.
[386/6291] 'uk post-punk' (Est: 2.0h left)... Found 4.
[387/6291] 'lo-fi indie' (Est: 2.0h left)... Found 25.
[388/6291] 'cumbia sonidera' (Est: 2.0h left)... Found 4.
[389/6291] 'southern soul' (Est: 2.0h left)... Found 50.
[390/6291] 'roots reggae' (Est: 2.0h left)... Found 50.
[391/6291] 'sad rap' (Est: 2.0h left)... Found 8.
[392/6291] 'german techno' (Est: 2.0h left)... Found 1.
[393/6291] 'lo-fi beats' (Est: 2.0h left)... Found 5.
[394/6291] 'sad lo-fi' (Est: 2.0h left)... Found 1.
[395/6291] 'pop emo' (Est: 2.0h left)... Found 1.
[396/6291] 'binaural' (Est: 2.0h left)... Found 6.
[397/6291] 'german metal' (Est: 2.0h left)... Found 15.
[398/6291] 'cumbia villera' (Est: 2.0h left)... Found 8.
[399/6291] 'latin worship' (Est: 2.0h left)... No artists.
[400/6291] 'german dance' (Est: 2.0h left)... Found 2.
💾 Checkpoint saved (6493 entities)
[401/6291] 'drill' (Est: 2.0h left)... Found 50.
[402/6291] 'pop edm' (Est: 2.0h left)... Found 2.
[403/6291] 'arab pop' (Est: 2.0h left)... Found 2.
[404/6291] 'brazilian reggae' (Est: 2.0h left)... No artists.
[405/6291] 'broadway' (Est: 2.0h left)... Found 20.
[406/6291] 'roots rock' (Est: 2.0h left)... Found 50.
[407/6291] 'samba' (Est: 2.0h left)... Found 50.
[408/6291] 'tech house' (Est: 2.0h left)... Found 50.
[409/6291] 'filter house' (Est: 2.0h left)... Found 2.
[410/6291] 'video game music' (Est: 2.0h left)... Found 50.
[411/6291] 'neo-classical' (Est: 2.0h left)... Found 50.
[412/6291] 'jazz pop' (Est: 2.0h left)...❌ Exception for tag 'jazz pop': ('Connection aborted.', ConnectionResetError(104, 'Connection reset by peer'))
 Found 50.
[413/6291] 'show tunes' (Est: 2.0h left)... Found 7.
[414/6291] 'rap canario' (Est: 2.0h left)... No artists.
[415/6291] 'mollywood' (Est: 2.0h left)... No artists.
[416/6291] 'sufi' (Est: 2.0h left)... Found 23.
[417/6291] 'swedish hip hop' (Est: 2.0h left)... Found 1.
[418/6291] 'turkish alt pop' (Est: 2.0h left)... No artists.
[419/6291] 'hollywood' (Est: 2.0h left)... Found 27.
[420/6291] 'spanish rock' (Est: 2.0h left)... Found 16.
[421/6291] 'nursery' (Est: 2.0h left)... Found 7.
[422/6291] 'irish singer-songwriter' (Est: 2.0h left)... Found 1.
[423/6291] 'electro latino' (Est: 2.0h left)... Found 9.
[424/6291] 'shimmer pop' (Est: 2.0h left)...❌ Exception for tag 'shimmer pop': ('Connection aborted.', ConnectionResetError(104, 'Connection reset by peer'))
 Found 10.
[425/6291] 'lullaby' (Est: 2.0h left)... Found 8.
[426/6291] 'korean r&b' (Est: 2.0h left)... No artists.
[427/6291] 'baton rouge rap' (Est: 2.0h left)... Found 1.
[428/6291] 'skate punk' (Est: 2.0h left)... Found 50.
[429/6291] 'grime' (Est: 2.0h left)... Found 50.
[430/6291] 'country pop' (Est: 2.0h left)... Found 50.
[431/6291] 'german rock' (Est: 2.0h left)... Found 4.
[432/6291] 'nigerian hip hop' (Est: 2.0h left)... Found 1.
[433/6291] 'russian pop' (Est: 2.0h left)... Found 22.
[434/6291] 'noise pop' (Est: 2.0h left)... Found 50.
[435/6291] 'speed metal' (Est: 2.0h left)... Found 50.
[436/6291] 'canadian trap' (Est: 2.0h left)...❌ Exception for tag 'canadian trap': ('Connection aborted.', ConnectionResetError(104, 'Connection reset by peer'))
 Found 1.
[437/6291] 'indonesian indie' (Est: 2.0h left)... No artists.
[438/6291] 'rap marseille' (Est: 2.0h left)... No artists.
[439/6291] 'vallenato' (Est: 2.0h left)... Found 50.
[440/6291] 'kentucky hip hop' (Est: 2.0h left)... Found 1.
[441/6291] 'ohio hip hop' (Est: 1.9h left)... No artists.
[442/6291] 'la pop' (Est: 1.9h left)... No artists.
[443/6291] 'swedish trap pop' (Est: 1.9h left)... No artists.
[444/6291] 'salsa puertorriquena' (Est: 1.9h left)... No artists.
[445/6291] 'environmental' (Est: 1.9h left)... Found 5.
[446/6291] 'musica para ninos' (Est: 1.9h left)... No artists.
[447/6291] 'french indie pop' (Est: 1.9h left)... Found 2.
[448/6291] 'hindi hip hop' (Est: 1.9h left)... Found 2.
[449/6291] 'tollywood' (Est: 1.9h left)... Found 1.
[450/6291] 'ambient pop' (Est: 1.9h left)... Found 50.
💾 Checkpoint saved (7160 entities)
[451/6291] 'stutter house' (Est: 1.9h left)... Found 8.
[452/6291] 'cloud rap francais' (Est: 1.9h left)... No artists.
[453/6291] 'jazz blues' (Est: 1.9h left)... Found 43.
[454/6291] 'background piano' (Est: 1.9h left)... Found 3.
[455/6291] 'lagu jawa' (Est: 1.9h left)... No artists.
[456/6291] 'florida drill' (Est: 1.9h left)... No artists.
[457/6291] 'cuarteto' (Est: 1.9h left)... Found 9.
[458/6291] 'dreamo' (Est: 1.9h left)... Found 3.
[459/6291] 'turbo folk' (Est: 1.9h left)... Found 50.
[460/6291] 'pinoy hip hop' (Est: 1.9h left)... No artists.
[461/6291] 'czsk hip hop' (Est: 1.9h left)... No artists.
[462/6291] 'rap napoletano' (Est: 1.9h left)... Found 1.
[463/6291] 'chicago drill' (Est: 1.9h left)... Found 16.
[464/6291] 'japanese singer-songwriter' (Est: 1.9h left)... No artists.
[465/6291] 'oxford indie' (Est: 1.9h left)... No artists.
[466/6291] 'new rave' (Est: 1.9h left)... Found 38.
[467/6291] 'french rock' (Est: 1.9h left)... Found 15.
[468/6291] 'swedish electropop' (Est: 1.9h left)... No artists.
[469/6291] 'classic j-pop' (Est: 1.9h left)... No artists.
[470/6291] 'polish pop' (Est: 1.9h left)... Found 10.
[471/6291] 'drill francais' (Est: 1.9h left)... No artists.
[472/6291] 'new jack swing' (Est: 1.9h left)... Found 50.
[473/6291] 'canadian singer-songwriter' (Est: 1.9h left)... Found 1.
[474/6291] 'drill espanol' (Est: 1.9h left)... No artists.
[475/6291] 'gym hardstyle' (Est: 1.9h left)... No artists.
[476/6291] 'indonesian singer-songwriter' (Est: 1.9h left)... No artists.
[477/6291] 'dangdut' (Est: 1.9h left)... Found 27.
[478/6291] 'swing' (Est: 1.9h left)... Found 50.
[479/6291] 'deep house' (Est: 1.9h left)... Found 50.
[480/6291] 'new french touch' (Est: 1.9h left)... Found 2.
[481/6291] 'industrial' (Est: 1.9h left)... Found 50.
[482/6291] 'uk alternative pop' (Est: 1.9h left)... Found 2.
[483/6291] 'coverchill' (Est: 1.9h left)... No artists.
[484/6291] 'hare krishna' (Est: 1.9h left)... No artists.
[485/6291] 'complextro' (Est: 1.9h left)... Found 50.
[486/6291] 'kollywood' (Est: 1.9h left)... Found 5.
[487/6291] 'uk metalcore' (Est: 1.9h left)... Found 1.
[488/6291] 'baroque' (Est: 1.9h left)... Found 50.
[489/6291] 'el paso indie' (Est: 1.9h left)... No artists.
[490/6291] 'flamenco urbano' (Est: 1.9h left)... Found 1.
[491/6291] 'modern indie folk' (Est: 1.9h left)... No artists.
[492/6291] 'country rap' (Est: 1.9h left)... Found 34.
[493/6291] 'early music' (Est: 1.9h left)... Found 24.
[494/6291] 'glitchcore' (Est: 1.9h left)... Found 7.
[495/6291] 'cantopop' (Est: 1.9h left)... Found 50.
[496/6291] 'bachata dominicana' (Est: 1.9h left)... No artists.
[497/6291] 'modern folk rock' (Est: 1.9h left)... Found 1.
[498/6291] 'egyptian pop' (Est: 1.9h left)... Found 1.
[499/6291] 'mexican indie' (Est: 1.9h left)... Found 2.
[500/6291] 'bubblegrunge' (Est: 1.9h left)... Found 8.
💾 Checkpoint saved (7662 entities)
[501/6291] 'beatlesque' (Est: 1.9h left)... Found 4.
[502/6291] 'norwegian pop' (Est: 1.9h left)... Found 15.
[503/6291] 'meditation' (Est: 1.9h left)... Found 50.
[504/6291] 'symphonic metal' (Est: 1.9h left)... Found 50.
[505/6291] 'arabesk' (Est: 1.9h left)... Found 36.
[506/6291] 'german drill' (Est: 1.9h left)... No artists.
[507/6291] 'deep underground hip hop' (Est: 1.9h left)... Found 1.
[508/6291] 'electronic trap' (Est: 1.9h left)... Found 2.
[509/6291] 'classic pakistani pop' (Est: 1.9h left)... No artists.
[510/6291] 'electric blues' (Est: 1.9h left)... Found 50.
[511/6291] 'weirdcore' (Est: 1.9h left)... Found 10.
[512/6291] 'late romantic era' (Est: 1.9h left)... Found 1.
[513/6291] 'chill r&b' (Est: 1.9h left)... Found 3.
[514/6291] 'meme rap' (Est: 1.9h left)... Found 6.
[515/6291] 'viral rap' (Est: 1.9h left)... Found 1.
[516/6291] 'japanese vgm' (Est: 1.9h left)... Found 3.
[517/6291] 'funk ostentacao' (Est: 1.9h left)... Found 13.
[518/6291] 'trap funk' (Est: 1.9h left)... No artists.
[519/6291] 'arrochadeira' (Est: 1.9h left)... No artists.
[520/6291] 'indie r&b' (Est: 1.9h left)... Found 18.
[521/6291] 'pop rock brasileiro' (Est: 1.9h left)... No artists.
[522/6291] 'previa' (Est: 1.9h left)... No artists.
[523/6291] 'blues' (Est: 1.9h left)... Found 50.
[524/6291] 'covertronica' (Est: 1.9h left)... No artists.
[525/6291] 'pagode baiano' (Est: 1.9h left)... Found 2.
[526/6291] 'indie rock italiano' (Est: 1.9h left)... No artists.
[527/6291] 'bhojpuri pop' (Est: 1.9h left)... Found 1.
[528/6291] 'neue deutsche harte' (Est: 1.9h left)... Found 33.
[529/6291] 'scandipop' (Est: 1.9h left)... No artists.
[530/6291] 'classic canadian rock' (Est: 1.9h left)... No artists.
[531/6291] 'meme' (Est: 1.9h left)... Found 46.
[532/6291] 'belgian edm' (Est: 1.9h left)... No artists.
[533/6291] 'indonesian jazz' (Est: 1.9h left)... No artists.
[534/6291] 'contemporary vocal jazz' (Est: 1.9h left)... Found 3.
[535/6291] 'nu-cumbia' (Est: 1.9h left)... Found 2.
[536/6291] 'rap dominicano' (Est: 1.9h left)... No artists.
[537/6291] 'anime score' (Est: 1.9h left)... Found 2.
[538/6291] 'classic swedish pop' (Est: 1.9h left)... No artists.
[539/6291] 'ambient lo-fi' (Est: 1.9h left)... No artists.
[540/6291] 'swamp rock' (Est: 1.9h left)... Found 18.
[541/6291] 'vocaloid' (Est: 1.9h left)... Found 50.
[542/6291] 'classical era' (Est: 1.9h left)... Found 2.
[543/6291] 'pakistani hip hop' (Est: 1.9h left)... No artists.
[544/6291] 'australian psych' (Est: 1.9h left)... Found 1.
[545/6291] 'australian indie' (Est: 1.9h left)... Found 4.
[546/6291] 'instrumental hip hop' (Est: 1.9h left)... Found 50.
[547/6291] 'c-pop' (Est: 1.9h left)... Found 50.
[548/6291] 'old school atlanta hip hop' (Est: 1.9h left)... No artists.
[549/6291] 'indonesian rock' (Est: 1.9h left)...❌ Exception for tag 'indonesian rock': ('Connection aborted.', ConnectionResetError(104, 'Connection reset by peer'))
 Found 1.
[550/6291] 'punk blues' (Est: 1.9h left)... Found 45.
💾 Checkpoint saved (8157 entities)
[551/6291] 'taiwan pop' (Est: 1.9h left)... No artists.
[552/6291] 'power pop' (Est: 1.9h left)... Found 50.
[553/6291] 'schlager' (Est: 1.9h left)... Found 50.
[554/6291] 'chillhop' (Est: 1.9h left)... Found 26.
[555/6291] 'russian trap' (Est: 1.9h left)... Found 3.
[556/6291] 'nz pop' (Est: 1.9h left)... Found 1.
[557/6291] 'gujarati pop' (Est: 1.9h left)... No artists.
[558/6291] 'memphis soul' (Est: 1.9h left)... Found 4.
[559/6291] 'musica popular colombiana' (Est: 1.9h left)... Found 2.
[560/6291] 'mambo chileno' (Est: 1.9h left)... Found 1.
[561/6291] 'christian rock' (Est: 1.9h left)... Found 50.
[562/6291] 'classic indonesian rock' (Est: 1.9h left)... No artists.
[563/6291] 'early romantic era' (Est: 1.9h left)... No artists.
[564/6291] 'edmonton indie' (Est: 1.9h left)... No artists.
[565/6291] 'sacramento indie' (Est: 1.9h left)... No artists.
[566/6291] 'jam band' (Est: 1.9h left)...❌ Exception for tag 'jam band': ('Connection aborted.', ConnectionResetError(104, 'Connection reset by peer'))
 Found 50.
[567/6291] 'drum and bass' (Est: 1.9h left)... Found 50.
[568/6291] 'melbourne bounce international' (Est: 1.9h left)... No artists.
[569/6291] 'dutch rap pop' (Est: 1.9h left)... No artists.
[570/6291] 'dangdut koplo' (Est: 1.9h left)... No artists.
[571/6291] 'turkish folk' (Est: 1.9h left)...❌ Exception for tag 'turkish folk': ('Connection aborted.', ConnectionResetError(104, 'Connection reset by peer'))
 Found 11.
[572/6291] 'golden age hip hop' (Est: 1.9h left)... Found 7.
[573/6291] 'javanese dangdut' (Est: 1.9h left)... No artists.
[574/6291] 'post-punk argentina' (Est: 1.9h left)... No artists.
[575/6291] 'alternative emo' (Est: 1.9h left)... Found 4.
[576/6291] 'greek trap' (Est: 1.9h left)...❌ Exception for tag 'greek trap': ('Connection aborted.', ConnectionResetError(104, 'Connection reset by peer'))
 Found 2.
[577/6291] 'post-punk' (Est: 1.9h left)... Found 50.
[578/6291] 'hamburg hip hop' (Est: 1.9h left)... No artists.
[579/6291] 'soul blues' (Est: 1.9h left)... Found 50.
[580/6291] 'pop rap brasileiro' (Est: 1.9h left)... No artists.
[581/6291] 'venezuelan hip hop' (Est: 1.9h left)... No artists.
[582/6291] 'j-pixie' (Est: 1.9h left)... No artists.
[583/6291] 'cantautora mexicana' (Est: 1.9h left)...❌ Exception for tag 'cantautora mexicana': ('Connection aborted.', ConnectionResetError(104, 'Connection reset by peer'))
 No artists.
[584/6291] 'deep euro house' (Est: 1.9h left)... No artists.
[585/6291] 'pop lgbtq+ brasileira' (Est: 1.9h left)... No artists.
[586/6291] 'bass house' (Est: 1.9h left)... Found 50.
[587/6291] 'nouvelle chanson francaise' (Est: 1.9h left)... Found 7.
[588/6291] 'crunk' (Est: 1.9h left)... Found 18.
[589/6291] 'electro' (Est: 1.9h left)... Found 50.
[590/6291] 'operatic pop' (Est: 1.9h left)... Found 26.
[591/6291] 'spanish indie pop' (Est: 1.9h left)... Found 1.
[592/6291] 'celtic rock' (Est: 1.9h left)... Found 50.
[593/6291] 'vietnamese hip hop' (Est: 1.9h left)... Found 1.
[594/6291] 'p-pop' (Est: 1.9h left)... Found 50.
[595/6291] 'indie hip hop' (Est: 1.9h left)... Found 9.
[596/6291] 'stoner rock' (Est: 1.9h left)... Found 50.
[597/6291] 'pop house' (Est: 1.9h left)... Found 1.
[598/6291] 'bubblegum pop' (Est: 1.9h left)... Found 50.
[599/6291] 'argentine indie' (Est: 1.9h left)...❌ Exception for tag 'argentine indie': ('Connection aborted.', ConnectionResetError(104, 'Connection reset by peer'))
 Found 1.
[600/6291] 'modern bhajan' (Est: 1.9h left)...❌ Exception for tag 'modern bhajan': ('Connection aborted.', ConnectionResetError(104, 'Connection reset by peer'))
 No artists.
💾 Checkpoint saved (8716 entities)
[601/6291] 'new york drill' (Est: 1.9h left)... Found 9.
[602/6291] 'red dirt' (Est: 1.9h left)... Found 18.
[603/6291] 'irish pop' (Est: 1.9h left)... Found 2.
[604/6291] 'danish hip hop' (Est: 1.9h left)... Found 1.
[605/6291] 'progressive metal' (Est: 1.9h left)... Found 50.
[606/6291] 'canadian metal' (Est: 1.9h left)... Found 2.
[607/6291] 'malaysian pop' (Est: 1.9h left)... Found 2.
[608/6291] 'countrygaze' (Est: 1.9h left)... Found 2.
[609/6291] 'indie garage rock' (Est: 1.9h left)... Found 7.
[610/6291] 'etherpop' (Est: 1.9h left)... No artists.
[611/6291] 'ska' (Est: 1.9h left)... Found 50.
[612/6291] 'bebop' (Est: 1.9h left)... Found 50.
[613/6291] 'funk pop' (Est: 1.9h left)... Found 4.
[614/6291] 'chilean rock' (Est: 1.9h left)... Found 1.
[615/6291] 'chinese viral pop' (Est: 1.9h left)... No artists.
[616/6291] 'turkce drill' (Est: 1.9h left)... No artists.
[617/6291] 'australian electropop' (Est: 1.9h left)... No artists.
[618/6291] 'musica de fondo' (Est: 1.9h left)... No artists.
[619/6291] 'philly indie' (Est: 1.9h left)... No artists.
[620/6291] 'hip house' (Est: 1.9h left)... Found 50.
[621/6291] 'post-romantic era' (Est: 1.9h left)... No artists.
[622/6291] 'swedish gangsta rap' (Est: 1.9h left)... No artists.
[623/6291] 'dancefloor dnb' (Est: 1.9h left)... No artists.
[624/6291] 'comic' (Est: 1.9h left)... Found 7.
[625/6291] 'scenecore' (Est: 1.9h left)... Found 18.
[626/6291] 'piano cover' (Est: 1.9h left)... No artists.
[627/6291] 'rumba' (Est: 1.9h left)... Found 50.
[628/6291] 'electra' (Est: 1.9h left)... Found 2.
[629/6291] 'korean pop' (Est: 1.9h left)... Found 3.
[630/6291] 'reggae rock' (Est: 1.9h left)... Found 38.
[631/6291] 'dance-punk' (Est: 1.9h left)... Found 50.
[632/6291] 'chill pop' (Est: 1.9h left)... Found 6.
[633/6291] 'german alternative rap' (Est: 1.9h left)...❌ Exception for tag 'german alternative rap': ('Connection aborted.', ConnectionResetError(104, 'Connection reset by peer'))
 Found 1.
[634/6291] 'canadian indie' (Est: 1.9h left)... Found 2.
[635/6291] 'preschool children's music' (Est: 1.9h left)... Found 1.
[636/6291] 'moombahton' (Est: 1.9h left)... Found 31.
[637/6291] 'tagalog rap' (Est: 1.9h left)... No artists.
[638/6291] 'background music' (Est: 1.9h left)...❌ Exception for tag 'background music': ('Connection aborted.', ConnectionResetError(104, 'Connection reset by peer'))
 Found 7.
[639/6291] 'funk bh' (Est: 1.9h left)... No artists.
[640/6291] 'torch song' (Est: 1.9h left)... Found 3.
[641/6291] 'indie surf' (Est: 1.9h left)...❌ Exception for tag 'indie surf': ('Connection aborted.', ConnectionResetError(104, 'Connection reset by peer'))
 Found 20.
[642/6291] 'italian underground hip hop' (Est: 1.9h left)... No artists.
[643/6291] 'pop romantico' (Est: 1.9h left)... Found 1.
[644/6291] 'dutch rock' (Est: 1.9h left)... No artists.
[645/6291] 'rome indie' (Est: 1.9h left)... No artists.
[646/6291] 'uk drill' (Est: 1.9h left)... Found 50.
[647/6291] 'protopunk' (Est: 1.9h left)... Found 17.
[648/6291] 'shush' (Est: 1.9h left)...❌ Exception for tag 'shush': ('Connection aborted.', ConnectionResetError(104, 'Connection reset by peer'))
 No artists.
[649/6291] 'smooth jazz' (Est: 1.9h left)... Found 50.
[650/6291] 'j-poprock' (Est: 1.9h left)... No artists.
💾 Checkpoint saved (9197 entities)
[651/6291] 'old school hip hop' (Est: 1.9h left)... Found 50.
[652/6291] 'ectofolk' (Est: 1.9h left)... Found 1.
[653/6291] 'small room' (Est: 1.9h left)... Found 2.
[654/6291] 'turkish singer-songwriter' (Est: 1.9h left)... No artists.
[655/6291] 'indonesian r&b' (Est: 1.9h left)... No artists.
[656/6291] 'kentucky roots' (Est: 1.9h left)... No artists.
[657/6291] 'turkish alternative rock' (Est: 1.9h left)... No artists.
[658/6291] 'bedroom soul' (Est: 1.9h left)... Found 1.
[659/6291] 'cartoon' (Est: 1.9h left)... Found 10.
[660/6291] 'modern salsa' (Est: 1.9h left)... No artists.
[661/6291] 'writing' (Est: 1.9h left)... Found 9.
[662/6291] 'background jazz' (Est: 1.9h left)... No artists.
[663/6291] 'lo-fi jazzhop' (Est: 1.9h left)...❌ Exception for tag 'lo-fi jazzhop': ('Connection aborted.', ConnectionResetError(104, 'Connection reset by peer'))
 No artists.
[664/6291] 'musica infantil' (Est: 1.9h left)...❌ Exception for tag 'musica infantil': ('Connection aborted.', ConnectionResetError(104, 'Connection reset by peer'))
❌ Exception for tag 'musica infantil': ('Connection aborted.', ConnectionResetError(104, 'Connection reset by peer'))
❌ Exception for tag 'musica infantil': ('Connection aborted.', ConnectionResetError(104, 'Connection reset by peer'))
 No artists.
[665/6291] 'romanian pop' (Est: 1.9h left)... Found 1.
[666/6291] 'gauze pop' (Est: 1.9h left)... Found 1.
[667/6291] 'chillwave' (Est: 1.9h left)... Found 50.
[668/6291] 'deep ccm' (Est: 1.9h left)...❌ Exception for tag 'deep ccm': ('Connection aborted.', ConnectionResetError(104, 'Connection reset by peer'))
 No artists.
[669/6291] 'norteno-sax' (Est: 1.9h left)... Found 49.
[670/6291] 'alternative pop rock' (Est: 1.9h left)... Found 50.
[671/6291] 'finnish pop' (Est: 1.9h left)... Found 28.
[672/6291] 'trova' (Est: 1.9h left)... Found 29.
[673/6291] 'desi trap' (Est: 1.9h left)... No artists.
[674/6291] 'dembow' (Est: 1.9h left)... Found 25.
[675/6291] 'cumbia' (Est: 1.9h left)...❌ Exception for tag 'cumbia': ('Connection aborted.', ConnectionResetError(104, 'Connection reset by peer'))
 Found 50.
[676/6291] 'speedrun' (Est: 1.9h left)... No artists.
[677/6291] 'world' (Est: 1.9h left)...❌ Exception for tag 'world': ('Connection aborted.', ConnectionResetError(104, 'Connection reset by peer'))
 Found 50.
[678/6291] 'norwegian indie' (Est: 1.9h left)... No artists.
[679/6291] 'perreo' (Est: 1.9h left)... Found 1.
[680/6291] 'reggaeton chileno' (Est: 1.9h left)...❌ Exception for tag 'reggaeton chileno': ('Connection aborted.', ConnectionResetError(104, 'Connection reset by peer'))
 No artists.
[681/6291] 'aussietronica' (Est: 1.9h left)... No artists.
[682/6291] 'classic schlager' (Est: 1.9h left)... Found 2.
[683/6291] 'melbourne bounce' (Est: 1.9h left)... Found 11.
[684/6291] 'rock cristiano' (Est: 1.9h left)... No artists.
[685/6291] 'finnish hip hop' (Est: 1.9h left)... Found 4.
[686/6291] 'french indietronica' (Est: 1.9h left)...❌ Exception for tag 'french indietronica': ('Connection aborted.', ConnectionResetError(104, 'Connection reset by peer'))
 No artists.
[687/6291] 'experimental pop' (Est: 1.9h left)... Found 50.
[688/6291] 'belgian hip hop' (Est: 1.9h left)... Found 1.
[689/6291] 'classic opm' (Est: 1.9h left)...❌ Exception for tag 'classic opm': ('Connection aborted.', ConnectionResetError(104, 'Connection reset by peer'))
 No artists.
[690/6291] 'jazz funk' (Est: 1.9h left)... Found 50.
[691/6291] 'tecnobanda' (Est: 1.9h left)... No artists.
[692/6291] 'japanese soundtrack' (Est: 1.9h left)... Found 2.
[693/6291] 'modern dream pop' (Est: 1.9h left)... Found 1.
[694/6291] 'pinoy r&b' (Est: 1.9h left)...❌ Exception for tag 'pinoy r&b': ('Connection aborted.', ConnectionResetError(104, 'Connection reset by peer'))
 Found 2.
[695/6291] 'czech hip hop' (Est: 1.9h left)...❌ Exception for tag 'czech hip hop': ('Connection aborted.', ConnectionResetError(104, 'Connection reset by peer'))
 No artists.
[696/6291] 'indie triste' (Est: 1.9h left)...❌ Exception for tag 'indie triste': ('Connection aborted.', ConnectionResetError(104, 'Connection reset by peer'))
❌ Exception for tag 'indie triste': ('Connection aborted.', ConnectionResetError(104, 'Connection reset by peer'))
 No artists.
[697/6291] 'south carolina hip hop' (Est: 1.9h left)... Found 2.
[698/6291] 'trap mexicano' (Est: 1.9h left)... No artists.
[699/6291] 'albanian hip hop' (Est: 1.9h left)...❌ Exception for tag 'albanian hip hop': ('Connection aborted.', ConnectionResetError(104, 'Connection reset by peer'))
 No artists.
[700/6291] 'boom bap espanol' (Est: 1.9h left)... No artists.
💾 Checkpoint saved (9622 entities)
[701/6291] 'chutney' (Est: 1.9h left)...❌ Exception for tag 'chutney': ('Connection aborted.', ConnectionResetError(104, 'Connection reset by peer'))
 Found 3.
[702/6291] 'laiko' (Est: 1.9h left)... Found 50.
[703/6291] 'sunshine pop' (Est: 1.9h left)... Found 50.
[704/6291] 'birmingham metal' (Est: 1.9h left)...❌ Exception for tag 'birmingham metal': ('Connection aborted.', ConnectionResetError(104, 'Connection reset by peer'))
 No artists.
[705/6291] 'german soundtrack' (Est: 1.9h left)... No artists.
[706/6291] 'disco house' (Est: 1.9h left)... Found 47.
[707/6291] 'fvnky rimex' (Est: 1.9h left)...❌ Exception for tag 'fvnky rimex': ('Connection aborted.', ConnectionResetError(104, 'Connection reset by peer'))
 No artists.
[708/6291] 'acid rock' (Est: 1.9h left)... Found 50.
[709/6291] 'instrumental worship' (Est: 1.9h left)...❌ Exception for tag 'instrumental worship': ('Connection aborted.', ConnectionResetError(104, 'Connection reset by peer'))
 No artists.
[710/6291] 'japanese alternative rock' (Est: 1.9h left)... No artists.
[711/6291] 'scottish rock' (Est: 1.9h left)... Found 3.
[712/6291] 'corridos alternativos' (Est: 1.9h left)... No artists.
[713/6291] 'nashville sound' (Est: 1.9h left)... Found 33.
[714/6291] 'modern alternative pop' (Est: 1.9h left)... Found 2.
[715/6291] 'rap df' (Est: 1.9h left)... No artists.
[716/6291] 'velha guarda' (Est: 1.9h left)...❌ Exception for tag 'velha guarda': ('Connection aborted.', ConnectionResetError(104, 'Connection reset by peer'))
 No artists.
[717/6291] 'rap politico' (Est: 1.9h left)...❌ Exception for tag 'rap politico': ('Connection aborted.', ConnectionResetError(104, 'Connection reset by peer'))
 No artists.
[718/6291] 'post-hardcore' (Est: 1.9h left)... Found 50.
[719/6291] 'cumbia 420' (Est: 1.9h left)... No artists.
[720/6291] 'british singer-songwriter' (Est: 1.9h left)... No artists.
[721/6291] 'bossa nova cover' (Est: 1.9h left)... No artists.
[722/6291] 'social media pop' (Est: 1.9h left)... Found 6.
[723/6291] 'brazilian edm' (Est: 1.9h left)... No artists.
[724/6291] 'scorecore' (Est: 1.9h left)... Found 5.
[725/6291] 'redneck' (Est: 1.9h left)... Found 1.
[726/6291] 'german baroque' (Est: 1.9h left)... No artists.
[727/6291] 'detroit trap' (Est: 1.9h left)... Found 36.
[728/6291] 'texas country' (Est: 1.9h left)... Found 25.
[729/6291] 'greek pop' (Est: 1.9h left)... Found 15.
[730/6291] 'british soundtrack' (Est: 1.9h left)... No artists.
[731/6291] 'swedish metal' (Est: 1.9h left)... Found 11.
[732/6291] 'israeli pop' (Est: 1.9h left)... No artists.
[733/6291] 'slowcore' (Est: 1.9h left)... Found 50.
[734/6291] 'gaming edm' (Est: 1.9h left)... Found 4.
[735/6291] 'houston rap' (Est: 1.9h left)... Found 5.
[736/6291] 'german romanticism' (Est: 1.9h left)... No artists.
[737/6291] 'nu jazz' (Est: 1.9h left)... Found 50.
[738/6291] 'panamanian pop' (Est: 1.9h left)... No artists.
[739/6291] 'new jersey rap' (Est: 1.9h left)... Found 2.
[740/6291] 'epicore' (Est: 1.9h left)... Found 1.
[741/6291] 'r&b brasileiro' (Est: 1.9h left)... No artists.
[742/6291] 'slowed and reverb' (Est: 1.8h left)... Found 1.
[743/6291] 'czech pop' (Est: 1.8h left)...❌ Exception for tag 'czech pop': ('Connection aborted.', ConnectionResetError(104, 'Connection reset by peer'))
❌ Exception for tag 'czech pop': ('Connection aborted.', ConnectionResetError(104, 'Connection reset by peer'))
 No artists.
[744/6291] 'death metal' (Est: 1.8h left)...❌ Exception for tag 'death metal': ('Connection aborted.', ConnectionResetError(104, 'Connection reset by peer'))
 Found 50.
[745/6291] 'arkansas country' (Est: 1.8h left)... Found 1.
[746/6291] 'chicano rap' (Est: 1.8h left)... Found 11.
[747/6291] 'high vibe' (Est: 1.8h left)... Found 1.
[748/6291] 'swedish trap' (Est: 1.8h left)... No artists.
[749/6291] 'political hip hop' (Est: 1.8h left)... Found 50.
[750/6291] 'j-rap' (Est: 1.8h left)... Found 3.
💾 Checkpoint saved (10125 entities)
[751/6291] 'uk funky' (Est: 1.8h left)... Found 36.
[752/6291] 'albanian pop' (Est: 1.8h left)... Found 5.
[753/6291] 'mexican rock-and-roll' (Est: 1.8h left)... No artists.
[754/6291] 'black americana' (Est: 1.8h left)... Found 2.
[755/6291] 'ghazal' (Est: 1.8h left)... Found 17.
[756/6291] 'modern southern rock' (Est: 1.8h left)... Found 1.
[757/6291] 'indian singer-songwriter' (Est: 1.8h left)... Found 3.
[758/6291] 'japanese emo' (Est: 1.8h left)...❌ Exception for tag 'japanese emo': ('Connection aborted.', ConnectionResetError(104, 'Connection reset by peer'))
 No artists.
[759/6291] 'indian indie' (Est: 1.8h left)... Found 3.
[760/6291] 'indonesian folk' (Est: 1.8h left)... No artists.
[761/6291] 'deboxe' (Est: 1.8h left)... No artists.
[762/6291] 'french synthpop' (Est: 1.8h left)... No artists.
[763/6291] 'russian dance' (Est: 1.8h left)... Found 3.
[764/6291] 'gothic metal' (Est: 1.8h left)... Found 50.
[765/6291] 'lo-fi cover' (Est: 1.8h left)... No artists.
[766/6291] 'post-disco' (Est: 1.8h left)... Found 10.
[767/6291] 'greek hip hop' (Est: 1.8h left)...❌ Exception for tag 'greek hip hop': ('Connection aborted.', ConnectionResetError(104, 'Connection reset by peer'))
❌ Exception for tag 'greek hip hop': ('Connection aborted.', ConnectionResetError(104, 'Connection reset by peer'))
 Found 7.
[768/6291] 'rap genovese' (Est: 1.8h left)... No artists.
[769/6291] 'trap chileno' (Est: 1.8h left)... No artists.
[770/6291] 'reggaeton mexicano' (Est: 1.8h left)... Found 1.
[771/6291] 'cumbia chilena' (Est: 1.8h left)... Found 8.
[772/6291] 'italian indie pop' (Est: 1.8h left)... No artists.
[773/6291] 'kentucky indie' (Est: 1.8h left)... No artists.
[774/6291] 'nyc pop' (Est: 1.8h left)... No artists.
[775/6291] 'uk alternative hip hop' (Est: 1.8h left)... Found 2.
[776/6291] 'bronx drill' (Est: 1.8h left)... No artists.
[777/6291] 'italo dance' (Est: 1.8h left)... Found 50.
[778/6291] 'salsa colombiana' (Est: 1.8h left)... No artists.
[779/6291] 'euphoric hardstyle' (Est: 1.8h left)... Found 8.
[780/6291] 'christian indie' (Est: 1.8h left)...❌ Exception for tag 'christian indie': ('Connection aborted.', ConnectionResetError(104, 'Connection reset by peer'))
 No artists.
[781/6291] 'canadian punk' (Est: 1.8h left)... Found 1.
[782/6291] 'polish viral pop' (Est: 1.8h left)... No artists.
[783/6291] 'musica sonorense' (Est: 1.8h left)... No artists.
[784/6291] 'brill building pop' (Est: 1.8h left)... Found 2.
[785/6291] 'modern blues' (Est: 1.8h left)... Found 21.
[786/6291] 'rawstyle' (Est: 1.8h left)... Found 17.
[787/6291] 'afroswing' (Est: 1.8h left)... Found 48.
[788/6291] 'oakland hip hop' (Est: 1.8h left)... Found 1.
[789/6291] 'hard rock brasileiro' (Est: 1.8h left)... No artists.
[790/6291] 'grupero romantico' (Est: 1.8h left)... No artists.
[791/6291] 'phonk' (Est: 1.8h left)... Found 50.
[792/6291] 'modern power pop' (Est: 1.8h left)... No artists.
[793/6291] 'rap calme' (Est: 1.8h left)... No artists.
[794/6291] 'rock urbano mexicano' (Est: 1.8h left)... Found 2.
[795/6291] 'british blues' (Est: 1.8h left)... Found 34.
[796/6291] 'hardcore punk' (Est: 1.8h left)... Found 50.
[797/6291] 'anime lo-fi' (Est: 1.8h left)... No artists.
[798/6291] 'hungarian pop' (Est: 1.8h left)... Found 8.
[799/6291] 'russian alt pop' (Est: 1.8h left)... No artists.
[800/6291] 'rap belge' (Est: 1.8h left)... Found 1.
💾 Checkpoint saved (10487 entities)
[801/6291] 'chicago indie' (Est: 1.8h left)...❌ Exception for tag 'chicago indie': ('Connection aborted.', ConnectionResetError(104, 'Connection reset by peer'))
 No artists.
[802/6291] 'lo-fi sleep' (Est: 1.8h left)... No artists.
[803/6291] 'german cloud rap' (Est: 1.8h left)... Found 1.
[804/6291] 'cumbia peruana' (Est: 1.8h left)... Found 37.
[805/6291] 'indie game soundtrack' (Est: 1.8h left)... Found 2.
[806/6291] 'spanish new wave' (Est: 1.8h left)... No artists.
[807/6291] 'stomp and flutter' (Est: 1.8h left)... No artists.
[808/6291] 'bossbeat' (Est: 1.8h left)... Found 2.
[809/6291] 'minimal techno' (Est: 1.8h left)... Found 50.
[810/6291] 'alternative country' (Est: 1.8h left)... Found 50.
[811/6291] 'gothic symphonic metal' (Est: 1.8h left)... Found 2.
[812/6291] 'banda jalisciense' (Est: 1.8h left)... No artists.
[813/6291] 'minnesota hip hop' (Est: 1.8h left)... No artists.
[814/6291] 'latin talent show' (Est: 1.8h left)... No artists.
[815/6291] 'frauenrap' (Est: 1.8h left)... No artists.
[816/6291] 'early modern classical' (Est: 1.8h left)... Found 1.
[817/6291] 'asmr' (Est: 1.8h left)... Found 14.
[818/6291] 'acoustic cover' (Est: 1.8h left)... No artists.
[819/6291] 'afrofuturismo brasileiro' (Est: 1.8h left)... No artists.
[820/6291] 'zolo' (Est: 1.8h left)... Found 30.
[821/6291] 'nu disco' (Est: 1.8h left)... Found 50.
[822/6291] 'indonesian pop punk' (Est: 1.8h left)... No artists.
[823/6291] 'afro r&b' (Est: 1.8h left)... Found 3.
[824/6291] 'hi-nrg' (Est: 1.8h left)... Found 50.
[825/6291] 'lo-fi chill' (Est: 1.8h left)... Found 1.
[826/6291] 'anadolu rock' (Est: 1.8h left)... No artists.
[827/6291] 'duranguense' (Est: 1.8h left)... Found 5.
[828/6291] 'dubstep' (Est: 1.8h left)... Found 50.
[829/6291] 'trancecore' (Est: 1.8h left)... Found 21.
[830/6291] 'dutch trance' (Est: 1.8h left)... Found 30.
[831/6291] 'christian hip hop' (Est: 1.8h left)... Found 50.
[832/6291] 'jazz rap' (Est: 1.8h left)... Found 50.
[833/6291] 'persian pop' (Est: 1.8h left)... Found 50.
[834/6291] 'rock gospel brasileiro' (Est: 1.8h left)... No artists.
[835/6291] 'pop electronico' (Est: 1.8h left)... No artists.
[836/6291] 'finnish dance pop' (Est: 1.8h left)... No artists.
[837/6291] 'supergroup' (Est: 1.8h left)... Found 42.
[838/6291] 'deep groove house' (Est: 1.8h left)... No artists.
[839/6291] 'classic hardstyle' (Est: 1.8h left)... No artists.
[840/6291] 'modern hard rock' (Est: 1.8h left)... Found 3.
[841/6291] 'ocean' (Est: 1.8h left)... Found 44.
[842/6291] 'haryanvi pop' (Est: 1.8h left)... No artists.
[843/6291] 'belgian pop' (Est: 1.8h left)... Found 1.
[844/6291] 'contemporary post-bop' (Est: 1.8h left)... Found 1.
[845/6291] 'vietnamese melodic rap' (Est: 1.8h left)... No artists.
[846/6291] 'hip hop tuga' (Est: 1.8h left)... Found 6.
[847/6291] 'gospel' (Est: 1.8h left)... Found 50.
[848/6291] 'shiver pop' (Est: 1.8h left)... No artists.
[849/6291] 'jazz trumpet' (Est: 1.8h left)... Found 1.
[850/6291] 'american metalcore' (Est: 1.8h left)... No artists.
💾 Checkpoint saved (11070 entities)
[851/6291] 'canadian electronic' (Est: 1.8h left)... Found 1.
[852/6291] 'water' (Est: 1.8h left)... Found 13.
[853/6291] 'barnmusik' (Est: 1.8h left)... Found 1.
[854/6291] 'northern soul' (Est: 1.8h left)... Found 30.
[855/6291] 'argentine telepop' (Est: 1.8h left)... No artists.
[856/6291] 'deathcore' (Est: 1.8h left)... Found 50.
[857/6291] 'pakistani pop' (Est: 1.8h left)... Found 17.
[858/6291] 'visual kei' (Est: 1.8h left)... Found 50.
[859/6291] 'stoner metal' (Est: 1.8h left)... Found 50.
[860/6291] 'ukrainian pop' (Est: 1.8h left)... Found 19.
[861/6291] 'doo-wop' (Est: 1.8h left)... Found 50.
[862/6291] 'colombian hip hop' (Est: 1.8h left)... No artists.
[863/6291] 'traprun' (Est: 1.8h left)... Found 1.
[864/6291] 'melodic dubstep' (Est: 1.8h left)... Found 50.
[865/6291] 'seattle hip hop' (Est: 1.8h left)... No artists.
[866/6291] 'detroit rock' (Est: 1.8h left)... Found 3.
[867/6291] 'hindi indie' (Est: 1.8h left)... No artists.
[868/6291] 'ambient worship' (Est: 1.8h left)... No artists.
[869/6291] 'piseiro' (Est: 1.8h left)... Found 1.
[870/6291] 'ska mexicano' (Est: 1.8h left)... Found 1.
[871/6291] 'big beat' (Est: 1.8h left)... Found 50.
[872/6291] 'canadian country' (Est: 1.8h left)... No artists.
[873/6291] 'pinoy trap' (Est: 1.8h left)... No artists.
[874/6291] 'vapor soul' (Est: 1.8h left)... Found 6.
[875/6291] 'haryanvi hip hop' (Est: 1.8h left)... No artists.
[876/6291] 'taiwan singer-songwriter' (Est: 1.8h left)... No artists.
[877/6291] 'hardwave' (Est: 1.8h left)... Found 10.
[878/6291] 'australian indie folk' (Est: 1.8h left)... No artists.
[879/6291] 'folklore argentino' (Est: 1.8h left)... No artists.
[880/6291] 'partyschlager' (Est: 1.8h left)... Found 2.
[881/6291] 'rock alternativo brasileiro' (Est: 1.8h left)... No artists.
[882/6291] 'diva house' (Est: 1.8h left)... Found 2.
[883/6291] 'london rap' (Est: 1.8h left)... Found 3.
[884/6291] 'argentine reggae' (Est: 1.8h left)... No artists.
[885/6291] 'future garage' (Est: 1.8h left)... Found 50.
[886/6291] 'milan indie' (Est: 1.8h left)... No artists.
[887/6291] 'intelligent dance music' (Est: 1.8h left)... Found 6.
[888/6291] 'drumless hip hop' (Est: 1.8h left)... Found 22.
[889/6291] 'nwobhm' (Est: 1.8h left)... Found 50.
[890/6291] 'charva' (Est: 1.8h left)... No artists.
[891/6291] 'cool jazz' (Est: 1.8h left)... Found 50.
[892/6291] 'canadian pop punk' (Est: 1.8h left)... No artists.
[893/6291] 'indonesian alternative rock' (Est: 1.8h left)... No artists.
[894/6291] 'indonesian folk pop' (Est: 1.8h left)... No artists.
[895/6291] 'melodic death metal' (Est: 1.8h left)... Found 50.
[896/6291] 'j-pop boy group' (Est: 1.8h left)... No artists.
[897/6291] 'japanese electropop' (Est: 1.8h left)... No artists.
[898/6291] 'australian surf rock' (Est: 1.8h left)... No artists.
[899/6291] 'j-acoustic' (Est: 1.8h left)... No artists.
[900/6291] 'progressive bluegrass' (Est: 1.8h left)... Found 32.
💾 Checkpoint saved (11629 entities)
[901/6291] 'corridos clasicos' (Est: 1.8h left)... No artists.
[902/6291] 'rif' (Est: 1.8h left)... Found 17.
[903/6291] 'turkce slow sarkilar' (Est: 1.8h left)... No artists.
[904/6291] 'canadian contemporary country' (Est: 1.8h left)... No artists.
[905/6291] 'chicago bop' (Est: 1.8h left)... Found 1.
[906/6291] 'middle earth' (Est: 1.8h left)... Found 2.
[907/6291] 'swedish synthpop' (Est: 1.8h left)... No artists.
[908/6291] 'hawaiian hip hop' (Est: 1.8h left)... No artists.
[909/6291] 'neoperreo' (Est: 1.8h left)... Found 12.
[910/6291] 'boston rock' (Est: 1.8h left)... No artists.
[911/6291] 'classic mandopop' (Est: 1.8h left)... No artists.
[912/6291] 'soul jazz' (Est: 1.8h left)... Found 50.
[913/6291] 'rave funk' (Est: 1.8h left)... No artists.
[914/6291] 'seattle indie' (Est: 1.8h left)... No artists.
[915/6291] 'vocal house' (Est: 1.8h left)... Found 50.
[916/6291] 'russelater' (Est: 1.8h left)... No artists.
[917/6291] 'cubaton' (Est: 1.8h left)... Found 5.
[918/6291] 'vapor twitch' (Est: 1.8h left)... Found 1.
[919/6291] 'mainland chinese pop' (Est: 1.8h left)... No artists.
[920/6291] 'trap soul' (Est: 1.8h left)... Found 50.
[921/6291] 'electronica argentina' (Est: 1.8h left)... No artists.
[922/6291] 'tropicalia' (Est: 1.8h left)... Found 15.
[923/6291] 'manguebeat' (Est: 1.8h left)... No artists.
[924/6291] 'rock uruguayo' (Est: 1.8h left)... No artists.
[925/6291] 'rap espanol' (Est: 1.8h left)... Found 2.
[926/6291] 'korean city pop' (Est: 1.8h left)... Found 1.
[927/6291] 'jazz saxophone' (Est: 1.8h left)... Found 1.
[928/6291] 'moroccan pop' (Est: 1.8h left)... Found 3.
[929/6291] 'impressionism' (Est: 1.8h left)... Found 9.
[930/6291] 'nu gaze' (Est: 1.8h left)... Found 7.
[931/6291] 'chill drill' (Est: 1.8h left)... No artists.
[932/6291] 'urdu hip hop' (Est: 1.8h left)... Found 2.
[933/6291] 'traditional blues' (Est: 1.8h left)... Found 1.
[934/6291] 'dinner jazz' (Est: 1.8h left)... No artists.
[935/6291] 'funk 150 bpm' (Est: 1.8h left)... No artists.
[936/6291] 'jamaican dancehall' (Est: 1.8h left)... No artists.
[937/6291] 'brighton indie' (Est: 1.8h left)... No artists.
[938/6291] 'spacegrunge' (Est: 1.8h left)... Found 1.
[939/6291] 'musica bajacaliforniana' (Est: 1.8h left)... No artists.
[940/6291] 'suomi rock' (Est: 1.8h left)... Found 1.
[941/6291] 'comic metal' (Est: 1.8h left)... No artists.
[942/6291] 'swedish idol pop' (Est: 1.8h left)... No artists.
[943/6291] 'alte' (Est: 1.8h left)... Found 12.
[944/6291] 'japanese r&b' (Est: 1.8h left)... Found 3.
[945/6291] 'swedish alternative rock' (Est: 1.8h left)... Found 1.
[946/6291] 'psychedelic hip hop' (Est: 1.8h left)... Found 3.
[947/6291] 'japanese chillhop' (Est: 1.8h left)... No artists.
[948/6291] 'roots worship' (Est: 1.8h left)... No artists.
[949/6291] 'experimental r&b' (Est: 1.8h left)... Found 2.
[950/6291] 'uplifting trance' (Est: 1.8h left)... Found 41.
💾 Checkpoint saved (11889 entities)
[951/6291] 'new age' (Est: 1.8h left)... Found 50.
[952/6291] 'p funk' (Est: 1.8h left)... Found 22.
[953/6291] 'scam rap' (Est: 1.8h left)... Found 16.
[954/6291] 'vallenato moderno' (Est: 1.8h left)... Found 1.
[955/6291] 'german indie' (Est: 1.8h left)... Found 4.
[956/6291] 'new age piano' (Est: 1.8h left)... Found 6.
[957/6291] 'float house' (Est: 1.8h left)... Found 1.
[958/6291] 'sky room' (Est: 1.8h left)... No artists.
[959/6291] 'swedish indie pop' (Est: 1.8h left)... Found 1.
[960/6291] 'rock drums' (Est: 1.8h left)... No artists.
[961/6291] 'sound' (Est: 1.8h left)... Found 50.
[962/6291] 'levenslied' (Est: 1.8h left)... Found 50.
[963/6291] 'nueva cancion' (Est: 1.8h left)... Found 31.
[964/6291] 'russian rock' (Est: 1.8h left)... Found 34.
[965/6291] 'bhajan' (Est: 1.8h left)... Found 15.
[966/6291] 'experimental hip hop' (Est: 1.8h left)... Found 50.
[967/6291] 'bolero mexicano' (Est: 1.8h left)... Found 4.
[968/6291] 'vancouver indie' (Est: 1.8h left)... Found 1.
[969/6291] 'arabic hip hop' (Est: 1.8h left)... Found 4.
[970/6291] 'new jersey indie' (Est: 1.8h left)... No artists.
[971/6291] 'nashville hip hop' (Est: 1.8h left)... No artists.
[972/6291] 'ska punk' (Est: 1.8h left)... Found 50.
[973/6291] 'rap cristiano' (Est: 1.8h left)... Found 2.
[974/6291] 'english indie rock' (Est: 1.8h left)... Found 8.
[975/6291] 'naija worship' (Est: 1.8h left)... No artists.
[976/6291] 'uk americana' (Est: 1.8h left)... Found 2.
[977/6291] 'neo-singer-songwriter' (Est: 1.8h left)... No artists.
[978/6291] 'modern j-rock' (Est: 1.8h left)... No artists.
[979/6291] 'south african pop' (Est: 1.8h left)... No artists.
[980/6291] 'lo-fi product' (Est: 1.8h left)... No artists.
[981/6291] 'rap maroc' (Est: 1.8h left)... No artists.
[982/6291] 'ambient folk' (Est: 1.8h left)... Found 17.
[983/6291] 'bass trap' (Est: 1.8h left)... No artists.
[984/6291] 'classic kollywood' (Est: 1.8h left)... No artists.
[985/6291] 'jazz piano' (Est: 1.8h left)... Found 10.
[986/6291] 'rebel blues' (Est: 1.8h left)... No artists.
[987/6291] 'toronto indie' (Est: 1.8h left)... No artists.
[988/6291] 'progressive trance' (Est: 1.8h left)... Found 50.
[989/6291] 'tierra caliente' (Est: 1.8h left)... Found 28.
[990/6291] 'muziek voor kinderen' (Est: 1.8h left)... No artists.
[991/6291] 'dark pop' (Est: 1.8h left)... Found 50.
[992/6291] 'odia pop' (Est: 1.8h left)... No artists.
[993/6291] 'trap colombiano' (Est: 1.8h left)... No artists.
[994/6291] 'indie quebecois' (Est: 1.8h left)... No artists.
[995/6291] 'ambient' (Est: 1.8h left)... Found 50.
[996/6291] 'funk viral' (Est: 1.8h left)... No artists.
[997/6291] 'medieval rock' (Est: 1.8h left)... Found 13.
[998/6291] 'teen pop' (Est: 1.8h left)... Found 50.
[999/6291] 'folk brasileiro' (Est: 1.8h left)... No artists.
[1000/6291] 'lo-fi' (Est: 1.8h left)... Found 50.
💾 Checkpoint saved (12390 entities)
[1001/6291] 'manele' (Est: 1.8h left)... Found 50.
[1002/6291] 'instrumental rock' (Est: 1.8h left)... Found 50.
[1003/6291] 'trap baiano' (Est: 1.8h left)... No artists.
[1004/6291] 'british folk' (Est: 1.8h left)... Found 44.
[1005/6291] 'rap baiano' (Est: 1.8h left)... No artists.
[1006/6291] 'amapiano' (Est: 1.8h left)... Found 50.
[1007/6291] 'funk mandelao' (Est: 1.8h left)... Found 2.
[1008/6291] 'celtic' (Est: 1.8h left)... Found 50.
[1009/6291] 'tekk' (Est: 1.8h left)... No artists.
[1010/6291] 'turkish alternative' (Est: 1.8h left)... Found 3.
[1011/6291] 'german hard rock' (Est: 1.8h left)... No artists.
[1012/6291] 'canadian latin' (Est: 1.8h left)... Found 1.
[1013/6291] 'bases de freestyle' (Est: 1.8h left)... No artists.
[1014/6291] 'minneapolis sound' (Est: 1.8h left)... Found 7.
[1015/6291] 'bubblegum dance' (Est: 1.8h left)... Found 50.
[1016/6291] 'funk das antigas' (Est: 1.8h left)... No artists.
[1017/6291] 'jazz cover' (Est: 1.8h left)... No artists.
[1018/6291] 'british indie rock' (Est: 1.8h left)... No artists.
[1019/6291] 'alabama rap' (Est: 1.8h left)... Found 1.
[1020/6291] 'baltimore indie' (Est: 1.8h left)... No artists.
[1021/6291] 'women's music' (Est: 1.8h left)... No artists.
[1022/6291] 'old school rap francais' (Est: 1.8h left)... No artists.
[1023/6291] 'antiviral pop' (Est: 1.8h left)... No artists.
[1024/6291] 'shamanic' (Est: 1.8h left)... Found 6.
[1025/6291] 'basshall' (Est: 1.8h left)... No artists.
[1026/6291] 'czech rock' (Est: 1.8h left)... No artists.
[1027/6291] 'a cappella' (Est: 1.8h left)... Found 50.
[1028/6291] 'deep tropical house' (Est: 1.8h left)...❌ Exception for tag 'deep tropical house': ('Connection aborted.', ConnectionResetError(104, 'Connection reset by peer'))
 No artists.
[1029/6291] 'nasheed' (Est: 1.8h left)... Found 8.
[1030/6291] 'japanese soul' (Est: 1.8h left)... Found 3.
[1031/6291] 'german trap' (Est: 1.8h left)... Found 1.
[1032/6291] 'rkt' (Est: 1.8h left)... Found 1.
[1033/6291] 'brazilian ccm' (Est: 1.8h left)... No artists.
[1034/6291] 'zhongguo feng' (Est: 1.8h left)... Found 4.
[1035/6291] 'crank wave' (Est: 1.8h left)... Found 2.
[1036/6291] 'st louis rap' (Est: 1.8h left)... No artists.
[1037/6291] 'canzone d'autore' (Est: 1.8h left)... Found 4.
[1038/6291] 'trap catala' (Est: 1.8h left)... No artists.
[1039/6291] 'athens indie' (Est: 1.8h left)... No artists.
[1040/6291] 'australian house' (Est: 1.8h left)... No artists.
[1041/6291] 'australian reggae fusion' (Est: 1.8h left)... Found 1.
[1042/6291] 'philly soul' (Est: 1.7h left)... Found 28.
[1043/6291] 'classic girl group' (Est: 1.7h left)... No artists.
[1044/6291] 'boom bap' (Est: 1.7h left)... Found 50.
[1045/6291] 'r&b argentino' (Est: 1.7h left)... No artists.
[1046/6291] 'bow pop' (Est: 1.7h left)... Found 3.
[1047/6291] 'texas latin rap' (Est: 1.7h left)... No artists.
[1048/6291] 'synthwave' (Est: 1.7h left)... Found 50.
[1049/6291] 'chill phonk' (Est: 1.7h left)... Found 3.
[1050/6291] 'rap catala' (Est: 1.7h left)... No artists.
💾 Checkpoint saved (12802 entities)
[1051/6291] 'pinoy rock' (Est: 1.7h left)... Found 4.
[1052/6291] 'thai indie pop' (Est: 1.7h left)... No artists.
[1053/6291] 'austropop' (Est: 1.7h left)... Found 2.
[1054/6291] 'azonto' (Est: 1.7h left)... Found 3.
[1055/6291] 'karadeniz turkuleri' (Est: 1.7h left)... No artists.
[1056/6291] 'russian drain' (Est: 1.7h left)... Found 1.
[1057/6291] 'indie viet' (Est: 1.7h left)... No artists.
[1058/6291] 'nu-metalcore' (Est: 1.7h left)... Found 12.
[1059/6291] 'swedish singer-songwriter' (Est: 1.7h left)... No artists.
[1060/6291] 'hopebeat' (Est: 1.7h left)... Found 2.
[1061/6291] 'gymcore' (Est: 1.7h left)... No artists.
[1062/6291] 'focus' (Est: 1.7h left)... Found 10.
[1063/6291] 'wonky' (Est: 1.7h left)... Found 38.
[1064/6291] 'swedish eurodance' (Est: 1.7h left)... No artists.
[1065/6291] 'russian gangster rap' (Est: 1.7h left)... No artists.
[1066/6291] 'taiwan indie' (Est: 1.7h left)... No artists.
[1067/6291] 'synth funk' (Est: 1.7h left)... Found 44.
[1068/6291] 'rap mineiro' (Est: 1.7h left)... No artists.
[1069/6291] 'rap algerien' (Est: 1.7h left)... No artists.
[1070/6291] 'ye ye' (Est: 1.7h left)... Found 29.
[1071/6291] 'singaporean pop' (Est: 1.7h left)... No artists.
[1072/6291] 'pinoy reggae' (Est: 1.7h left)... No artists.
[1073/6291] 'art punk' (Est: 1.7h left)... Found 50.
[1074/6291] 'batidao romantico' (Est: 1.7h left)... Found 2.
[1075/6291] 'indiecoustica' (Est: 1.7h left)... No artists.
[1076/6291] 'hypnagogic pop' (Est: 1.7h left)... Found 50.
[1077/6291] 'djent' (Est: 1.7h left)... Found 50.
[1078/6291] 'variete francaise' (Est: 1.7h left)... Found 26.
[1079/6291] 'classify' (Est: 1.7h left)...❌ Exception for tag 'classify': ('Connection aborted.', ConnectionResetError(104, 'Connection reset by peer'))
 Found 1.
[1080/6291] 'indonesian worship' (Est: 1.7h left)... No artists.
[1081/6291] 'greek drill' (Est: 1.7h left)... Found 1.
[1082/6291] 'g-house' (Est: 1.7h left)... Found 13.
[1083/6291] 'turkish trap pop' (Est: 1.7h left)...❌ Exception for tag 'turkish trap pop': ('Connection aborted.', ConnectionResetError(104, 'Connection reset by peer'))
 No artists.
[1084/6291] 'lebanese pop' (Est: 1.7h left)... No artists.
[1085/6291] 'tamaulipas rap' (Est: 1.7h left)... No artists.
[1086/6291] 'polish alternative' (Est: 1.7h left)... Found 5.
[1087/6291] 'swedish drill' (Est: 1.7h left)... No artists.
[1088/6291] 'harlem renaissance' (Est: 1.7h left)... No artists.
[1089/6291] 'uk doom metal' (Est: 1.7h left)... Found 1.
[1090/6291] 'hard bop' (Est: 1.7h left)... Found 50.
[1091/6291] 'jazztronica' (Est: 1.7h left)... Found 11.
[1092/6291] 'portuguese pop' (Est: 1.7h left)... No artists.
[1093/6291] 'classic soundtrack' (Est: 1.7h left)... Found 1.
[1094/6291] 'italian baroque' (Est: 1.7h left)... No artists.
[1095/6291] 'westcoast flow' (Est: 1.7h left)... No artists.
[1096/6291] 'rap chileno' (Est: 1.7h left)... Found 1.
[1097/6291] 'rap geek' (Est: 1.7h left)... No artists.
[1098/6291] 'russian romanticism' (Est: 1.7h left)...❌ Exception for tag 'russian romanticism': ('Connection aborted.', ConnectionResetError(104, 'Connection reset by peer'))
❌ Exception for tag 'russian romanticism': ('Connection aborted.', ConnectionResetError(104, 'Connection reset by peer'))
 No artists.
[1099/6291] 'j-pop girl group' (Est: 1.7h left)... No artists.
[1100/6291] 'new school turkce rap' (Est: 1.7h left)... No artists.
💾 Checkpoint saved (13119 entities)
[1101/6291] 'sleaze rock' (Est: 1.7h left)... Found 21.
[1102/6291] 'brazilian jazz' (Est: 1.7h left)... Found 4.
[1103/6291] 'electronic rock' (Est: 1.7h left)... Found 50.
[1104/6291] 'chill abstract hip hop' (Est: 1.7h left)... No artists.
[1105/6291] 'jazz guitar' (Est: 1.7h left)... Found 16.
[1106/6291] 'rhythm game' (Est: 1.7h left)... No artists.
[1107/6291] 'proto-metal' (Est: 1.7h left)...❌ Exception for tag 'proto-metal': ('Connection aborted.', ConnectionResetError(104, 'Connection reset by peer'))
 Found 50.
[1108/6291] 'prog metal' (Est: 1.7h left)... Found 41.
[1109/6291] 'bassline' (Est: 1.7h left)... Found 50.
[1110/6291] 'retro soul' (Est: 1.7h left)... Found 4.
[1111/6291] 'jazz fusion' (Est: 1.7h left)... Found 50.
[1112/6291] 'latin afrobeat' (Est: 1.7h left)... No artists.
[1113/6291] 'classic colombian pop' (Est: 1.7h left)...❌ Exception for tag 'classic colombian pop': ('Connection aborted.', ConnectionResetError(104, 'Connection reset by peer'))
 No artists.
[1114/6291] 'iskelma' (Est: 1.7h left)...❌ Exception for tag 'iskelma': ('Connection aborted.', ConnectionResetError(104, 'Connection reset by peer'))
 Found 32.
[1115/6291] 'proto-hyperpop' (Est: 1.7h left)... Found 4.
[1116/6291] 'japanese classical' (Est: 1.7h left)... Found 31.
[1117/6291] 'electro swing' (Est: 1.7h left)... Found 40.
[1118/6291] 'rock nacional' (Est: 1.7h left)... Found 8.
[1119/6291] 'rap cearense' (Est: 1.7h left)... No artists.
[1120/6291] 'rock gaucho' (Est: 1.7h left)... Found 3.
[1121/6291] 'pop folk' (Est: 1.7h left)... Found 50.
[1122/6291] 'spanish punk' (Est: 1.7h left)...❌ Exception for tag 'spanish punk': ('Connection aborted.', ConnectionResetError(104, 'Connection reset by peer'))
 No artists.
[1123/6291] 'australian children's music' (Est: 1.7h left)... No artists.
[1124/6291] 'rock kapak' (Est: 1.7h left)... No artists.
[1125/6291] 'cyberpunk' (Est: 1.7h left)... Found 50.
[1126/6291] 'eau claire indie' (Est: 1.7h left)... Found 1.
[1127/6291] 'scottish singer-songwriter' (Est: 1.7h left)...❌ Exception for tag 'scottish singer-songwriter': ('Connection aborted.', ConnectionResetError(104, 'Connection reset by peer'))
 No artists.
[1128/6291] 'lo-fi vgm' (Est: 1.7h left)... No artists.
[1129/6291] 'chicha' (Est: 1.7h left)... Found 4.
[1130/6291] 'french soundtrack' (Est: 1.7h left)... No artists.
[1131/6291] 'deep german hip hop' (Est: 1.7h left)... No artists.
[1132/6291] 'classic city pop' (Est: 1.7h left)... Found 2.
[1133/6291] 'salsa venezolana' (Est: 1.7h left)... No artists.
[1134/6291] 'hardcore techno' (Est: 1.7h left)... Found 50.
[1135/6291] 'classic russian pop' (Est: 1.7h left)... No artists.
[1136/6291] 'ottawa rap' (Est: 1.7h left)... No artists.
[1137/6291] 'turkish deep house' (Est: 1.7h left)... No artists.
[1138/6291] 'stomp pop' (Est: 1.7h left)... No artists.
[1139/6291] 'nintendocore' (Est: 1.7h left)... Found 41.
[1140/6291] 'boom bap brasileiro' (Est: 1.7h left)... No artists.
[1141/6291] 'italo disco' (Est: 1.7h left)... Found 50.
[1142/6291] 'ghanaian pop' (Est: 1.7h left)...❌ Exception for tag 'ghanaian pop': ('Connection aborted.', ConnectionResetError(104, 'Connection reset by peer'))
 Found 1.
[1143/6291] 'rap sardegna' (Est: 1.7h left)...❌ Exception for tag 'rap sardegna': ('Connection aborted.', ConnectionResetError(104, 'Connection reset by peer'))
 No artists.
[1144/6291] 'lata' (Est: 1.7h left)... Found 2.
[1145/6291] 'latin jazz' (Est: 1.7h left)... Found 50.
[1146/6291] 'swedish power metal' (Est: 1.7h left)... No artists.
[1147/6291] 'anime rap' (Est: 1.7h left)... Found 2.
[1148/6291] 'hk-pop' (Est: 1.7h left)... No artists.
[1149/6291] 'classic arab pop' (Est: 1.7h left)... No artists.
[1150/6291] 'rap underground espanol' (Est: 1.7h left)... No artists.
💾 Checkpoint saved (13720 entities)
[1151/6291] 'italian alternative' (Est: 1.7h left)... No artists.
[1152/6291] 'glitch hop' (Est: 1.7h left)... Found 50.
[1153/6291] 'forro de favela' (Est: 1.7h left)... Found 2.
[1154/6291] 'black metal' (Est: 1.7h left)... Found 50.
[1155/6291] 'filthstep' (Est: 1.7h left)... Found 1.
[1156/6291] 'spanish metal' (Est: 1.7h left)...❌ Exception for tag 'spanish metal': ('Connection aborted.', ConnectionResetError(104, 'Connection reset by peer'))
 Found 3.
[1157/6291] 'boston hip hop' (Est: 1.7h left)... No artists.
[1158/6291] 'romanian trap' (Est: 1.7h left)... No artists.
[1159/6291] 'cumbia santafesina' (Est: 1.7h left)... Found 4.
[1160/6291] 'german r&b' (Est: 1.7h left)... No artists.
[1161/6291] 'thai rock' (Est: 1.7h left)... Found 5.
[1162/6291] 'anthem emo' (Est: 1.7h left)... Found 2.
[1163/6291] 'merengue' (Est: 1.7h left)... Found 50.
[1164/6291] 'rock brasiliense' (Est: 1.7h left)... No artists.
[1165/6291] 'banda sinaloense' (Est: 1.7h left)... Found 50.
[1166/6291] 'french reggae' (Est: 1.7h left)... Found 1.
[1167/6291] 'trap carioca' (Est: 1.7h left)... No artists.
[1168/6291] 'hands up' (Est: 1.7h left)... Found 27.
[1169/6291] 'german underground rap' (Est: 1.7h left)... No artists.
[1170/6291] 'atlanta indie' (Est: 1.7h left)... No artists.
[1171/6291] 'bitpop' (Est: 1.7h left)...❌ Exception for tag 'bitpop': ('Connection aborted.', ConnectionResetError(104, 'Connection reset by peer'))
 Found 33.
[1172/6291] 'newcastle nsw indie' (Est: 1.7h left)... Found 1.
[1173/6291] 'christian pop' (Est: 1.7h left)...❌ Exception for tag 'christian pop': ('Connection aborted.', ConnectionResetError(104, 'Connection reset by peer'))
 Found 20.
[1174/6291] 'bandung indie' (Est: 1.7h left)... No artists.
[1175/6291] 'chill breakcore' (Est: 1.7h left)... No artists.
[1176/6291] 'classic uk pop' (Est: 1.7h left)... No artists.
[1177/6291] 'flamenco' (Est: 1.7h left)...❌ Exception for tag 'flamenco': ('Connection aborted.', ConnectionResetError(104, 'Connection reset by peer'))
 Found 50.
[1178/6291] 'musica tlaxcalteca' (Est: 1.7h left)... No artists.
[1179/6291] 'indie electropop' (Est: 1.7h left)... Found 2.
[1180/6291] 'deep disco house' (Est: 1.7h left)... No artists.
[1181/6291] 'livetronica' (Est: 1.7h left)... Found 8.
[1182/6291] 'chicago punk' (Est: 1.7h left)...❌ Exception for tag 'chicago punk': ('Connection aborted.', ConnectionResetError(104, 'Connection reset by peer'))
 Found 3.
[1183/6291] 'aussie drill' (Est: 1.7h left)... No artists.
[1184/6291] 'mahraganat' (Est: 1.7h left)... Found 3.
[1185/6291] 'pet calming' (Est: 1.7h left)... No artists.
[1186/6291] 'classic russian rock' (Est: 1.7h left)... No artists.
[1187/6291] 'pop violin' (Est: 1.7h left)... No artists.
[1188/6291] 'nederpop' (Est: 1.7h left)...❌ Exception for tag 'nederpop': ('Connection aborted.', ConnectionResetError(104, 'Connection reset by peer'))
 Found 50.
[1189/6291] 'indie punk' (Est: 1.7h left)... Found 29.
[1190/6291] 'reggaeton cristiano' (Est: 1.7h left)...❌ Exception for tag 'reggaeton cristiano': ('Connection aborted.', ConnectionResetError(104, 'Connection reset by peer'))
 Found 2.
[1191/6291] 'breakbeat' (Est: 1.7h left)... Found 50.
[1192/6291] 'lo-fi rap' (Est: 1.7h left)...❌ Exception for tag 'lo-fi rap': ('Connection aborted.', ConnectionResetError(104, 'Connection reset by peer'))
❌ Exception for tag 'lo-fi rap': ('Connection aborted.', ConnectionResetError(104, 'Connection reset by peer'))
 Found 1.
[1193/6291] 'palm desert scene' (Est: 1.7h left)... Found 4.
[1194/6291] 'german punk' (Est: 1.7h left)...❌ Exception for tag 'german punk': ('Connection aborted.', ConnectionResetError(104, 'Connection reset by peer'))
❌ Exception for tag 'german punk': ('Connection aborted.', ConnectionResetError(104, 'Connection reset by peer'))
 Found 6.
[1195/6291] 'afghan pop' (Est: 1.7h left)... No artists.
[1196/6291] 'folk punk' (Est: 1.7h left)... Found 50.
[1197/6291] 'argentine alternative rock' (Est: 1.7h left)...❌ Exception for tag 'argentine alternative rock': ('Connection aborted.', ConnectionResetError(104, 'Connection reset by peer'))
 No artists.
[1198/6291] 'finnish metal' (Est: 1.7h left)... Found 6.
[1199/6291] 'boston folk' (Est: 1.7h left)... Found 1.
[1200/6291] 'nordic soundtrack' (Est: 1.7h left)... Found 2.
💾 Checkpoint saved (14167 entities)
[1201/6291] 'cumbia del sureste' (Est: 1.7h left)... No artists.
[1202/6291] 'australian alternative rock' (Est: 1.7h left)... Found 2.
[1203/6291] 'desi emo rap' (Est: 1.7h left)... No artists.
[1204/6291] 'violao' (Est: 1.7h left)... No artists.
[1205/6291] 'grave wave' (Est: 1.7h left)... Found 2.
[1206/6291] 'abstract hip hop' (Est: 1.7h left)... Found 50.
[1207/6291] 'israeli mediterranean' (Est: 1.7h left)...❌ Exception for tag 'israeli mediterranean': ('Connection aborted.', ConnectionResetError(104, 'Connection reset by peer'))
❌ Exception for tag 'israeli mediterranean': ('Connection aborted.', ConnectionResetError(104, 'Connection reset by peer'))
 No artists.
[1208/6291] 'german pop rock' (Est: 1.7h left)...❌ Exception for tag 'german pop rock': ('Connection aborted.', ConnectionResetError(104, 'Connection reset by peer'))
 Found 2.
[1209/6291] 'lovers rock' (Est: 1.7h left)... Found 44.
[1210/6291] 'barnsagor' (Est: 1.7h left)... No artists.
[1211/6291] 'fantasy metal' (Est: 1.7h left)... Found 9.
[1212/6291] 'melodic thrash' (Est: 1.7h left)... Found 6.
[1213/6291] 'mississippi hip hop' (Est: 1.7h left)... No artists.
[1214/6291] 'german singer-songwriter' (Est: 1.7h left)... Found 1.
[1215/6291] 'lo-fi emo' (Est: 1.7h left)...❌ Exception for tag 'lo-fi emo': ('Connection aborted.', ConnectionResetError(104, 'Connection reset by peer'))
 No artists.
[1216/6291] 'cumbia ranchera' (Est: 1.7h left)... No artists.
[1217/6291] 'future house' (Est: 1.7h left)... Found 50.
[1218/6291] 'anthem worship' (Est: 1.7h left)... Found 1.
[1219/6291] 'australian metalcore' (Est: 1.7h left)...❌ Exception for tag 'australian metalcore': ('Connection aborted.', ConnectionResetError(104, 'Connection reset by peer'))
 Found 1.
[1220/6291] 'thai indie rock' (Est: 1.7h left)... No artists.
[1221/6291] 'dembow dominicano' (Est: 1.7h left)... Found 1.
[1222/6291] 'icelandic indie' (Est: 1.7h left)... Found 2.
[1223/6291] 'dark synthpop' (Est: 1.7h left)... Found 2.
[1224/6291] 'upstate ny rap' (Est: 1.7h left)... No artists.
[1225/6291] 'acoustic opm' (Est: 1.7h left)... No artists.
[1226/6291] 'australian country' (Est: 1.7h left)... No artists.
[1227/6291] 'venezuelan rock' (Est: 1.7h left)...❌ Exception for tag 'venezuelan rock': ('Connection aborted.', ConnectionResetError(104, 'Connection reset by peer'))
 No artists.
[1228/6291] 'scream rap' (Est: 1.7h left)... Found 6.
[1229/6291] 'morelos indie' (Est: 1.7h left)...❌ Exception for tag 'morelos indie': ('Connection aborted.', ConnectionResetError(104, 'Connection reset by peer'))
 No artists.
[1230/6291] 'bboy' (Est: 1.7h left)... Found 3.
[1231/6291] 'noise rock' (Est: 1.7h left)... Found 50.
[1232/6291] 'narco rap' (Est: 1.7h left)... No artists.
[1233/6291] 'sholawat' (Est: 1.7h left)... No artists.
[1234/6291] 'manchester hip hop' (Est: 1.7h left)... Found 1.
[1235/6291] 'future bass' (Est: 1.7h left)... Found 50.
[1236/6291] 'organic electronic' (Est: 1.7h left)... No artists.
[1237/6291] 'pop nacional antigas' (Est: 1.7h left)... No artists.
[1238/6291] 'instrumental funk' (Est: 1.7h left)... Found 3.
[1239/6291] 'k-indie' (Est: 1.7h left)... Found 3.
[1240/6291] 'cumbia sonorense' (Est: 1.7h left)... No artists.
[1241/6291] 'carnaval' (Est: 1.7h left)... Found 5.
[1242/6291] 'digital hardcore' (Est: 1.7h left)... Found 50.
[1243/6291] 'dutch indie' (Est: 1.7h left)... No artists.
[1244/6291] 'garage rock revival' (Est: 1.7h left)... Found 50.
[1245/6291] 'indie liguria' (Est: 1.7h left)... No artists.
[1246/6291] 'christmas instrumental' (Est: 1.7h left)... No artists.
[1247/6291] 'ghanaian hip hop' (Est: 1.7h left)... Found 1.
[1248/6291] 'trap venezolano' (Est: 1.7h left)... No artists.
[1249/6291] 'traphall' (Est: 1.7h left)... No artists.
[1250/6291] 'belgian dance' (Est: 1.7h left)... No artists.
💾 Checkpoint saved (14487 entities)
[1251/6291] 'swedish melodeath' (Est: 1.7h left)... No artists.
[1252/6291] 'kirtan' (Est: 1.7h left)... Found 1.
[1253/6291] 'qawwali' (Est: 1.7h left)... Found 12.
[1254/6291] 'cancion infantil latinoamericana' (Est: 1.7h left)... No artists.
[1255/6291] 'polish classical' (Est: 1.7h left)... No artists.
[1256/6291] 'reggae en espanol' (Est: 1.7h left)... No artists.
[1257/6291] 'detroit trap brasileiro' (Est: 1.7h left)... No artists.
[1258/6291] 'psychedelic soul' (Est: 1.7h left)... Found 50.
[1259/6291] 'kizomba' (Est: 1.7h left)... Found 42.
[1260/6291] 'nerdcore brasileiro' (Est: 1.7h left)... No artists.
[1261/6291] 'canzone napoletana' (Est: 1.7h left)... Found 30.
[1262/6291] 'neue neue deutsche welle' (Est: 1.7h left)... No artists.
[1263/6291] 'chinese r&b' (Est: 1.7h left)... No artists.
[1264/6291] 'thai hip hop' (Est: 1.7h left)... No artists.
[1265/6291] 'uptempo hardcore' (Est: 1.7h left)... Found 25.
[1266/6291] 'indian folk' (Est: 1.7h left)... Found 5.
[1267/6291] 'modern reggae' (Est: 1.7h left)... Found 2.
[1268/6291] 'happy hardcore' (Est: 1.7h left)... Found 50.
[1269/6291] 'musica tradicional cubana' (Est: 1.7h left)... No artists.
[1270/6291] 'solo wave' (Est: 1.7h left)... No artists.
[1271/6291] 'canadian soundtrack' (Est: 1.7h left)... Found 2.
[1272/6291] 'classic sierreno' (Est: 1.7h left)... No artists.
[1273/6291] 'egyptian trap' (Est: 1.7h left)... No artists.
[1274/6291] 'classic praise' (Est: 1.7h left)... No artists.
[1275/6291] 'asian american hip hop' (Est: 1.7h left)... No artists.
[1276/6291] 'swedish pop rap' (Est: 1.7h left)... No artists.
[1277/6291] 'turkish psych' (Est: 1.7h left)... Found 3.
[1278/6291] 'veracruz indie' (Est: 1.7h left)... No artists.
[1279/6291] 'icelandic rock' (Est: 1.7h left)... No artists.
[1280/6291] 'finnish power metal' (Est: 1.7h left)...❌ Exception for tag 'finnish power metal': ('Connection aborted.', ConnectionResetError(104, 'Connection reset by peer'))
 No artists.
[1281/6291] 'indonesian reggae' (Est: 1.7h left)... No artists.
[1282/6291] 'bubble trance' (Est: 1.7h left)... No artists.
[1283/6291] 'acoustic guitar cover' (Est: 1.7h left)... No artists.
[1284/6291] 'pop virale italiano' (Est: 1.7h left)... No artists.
[1285/6291] 'rai' (Est: 1.7h left)... Found 33.
[1286/6291] 'danish rock' (Est: 1.7h left)... Found 1.
[1287/6291] 'liquid funk' (Est: 1.7h left)... Found 50.
[1288/6291] 'turkish jazz' (Est: 1.7h left)... No artists.
[1289/6291] 'tontipop' (Est: 1.7h left)... No artists.
[1290/6291] 'dansband' (Est: 1.7h left)... Found 50.
[1291/6291] 'pianissimo' (Est: 1.7h left)... No artists.
[1292/6291] 'kayokyoku' (Est: 1.7h left)... Found 50.
[1293/6291] 'singaporean mandopop' (Est: 1.7h left)... No artists.
[1294/6291] 'bronx hip hop' (Est: 1.7h left)... No artists.
[1295/6291] 'jazz trio' (Est: 1.7h left)... Found 3.
[1296/6291] 'japanese punk rock' (Est: 1.7h left)... Found 1.
[1297/6291] 'dark clubbing' (Est: 1.7h left)... Found 1.
[1298/6291] 'electro-pop francais' (Est: 1.7h left)... No artists.
[1299/6291] 'egyptian hip hop' (Est: 1.7h left)...❌ Exception for tag 'egyptian hip hop': ('Connection aborted.', ConnectionResetError(104, 'Connection reset by peer'))
 No artists.
[1300/6291] 'french shoegaze' (Est: 1.7h left)... No artists.
💾 Checkpoint saved (14880 entities)
[1301/6291] 'drill italiana' (Est: 1.7h left)... No artists.
[1302/6291] 'aggressive phonk' (Est: 1.7h left)... No artists.
[1303/6291] 'uk dnb' (Est: 1.7h left)... No artists.
[1304/6291] 'progressive metalcore' (Est: 1.7h left)... Found 50.
[1305/6291] 'french romanticism' (Est: 1.7h left)... No artists.
[1306/6291] 'neo r&b' (Est: 1.7h left)... Found 2.
[1307/6291] 'german house' (Est: 1.7h left)... Found 2.
[1308/6291] 'electropowerpop' (Est: 1.7h left)... No artists.
[1309/6291] 'japanese alternative pop' (Est: 1.7h left)... No artists.
[1310/6291] 'vegas indie' (Est: 1.7h left)... No artists.
[1311/6291] 'austindie' (Est: 1.7h left)... No artists.
[1312/6291] 'uk reggae' (Est: 1.7h left)... Found 1.
[1313/6291] 'healing' (Est: 1.7h left)... Found 18.
[1314/6291] 'musica triste brasileira' (Est: 1.7h left)... No artists.
[1315/6291] 'samba-enredo' (Est: 1.7h left)... Found 6.
[1316/6291] 'afro soul' (Est: 1.7h left)... Found 32.
[1317/6291] 'jovem guarda' (Est: 1.7h left)... Found 23.
[1318/6291] 'gujarati garba' (Est: 1.7h left)... No artists.
[1319/6291] 'nightcore' (Est: 1.7h left)... Found 36.
[1320/6291] 'saskatchewan indie' (Est: 1.7h left)... No artists.
[1321/6291] 'swedish death metal' (Est: 1.7h left)... Found 7.
[1322/6291] 'hamburg electronic' (Est: 1.7h left)... No artists.
[1323/6291] 'canadian americana' (Est: 1.7h left)... No artists.
[1324/6291] 'umbanda' (Est: 1.7h left)... Found 1.
[1325/6291] 'souldies' (Est: 1.7h left)... No artists.
[1326/6291] 'anti-folk' (Est: 1.7h left)... Found 44.
[1327/6291] 'riot grrrl' (Est: 1.7h left)... Found 50.
[1328/6291] 'monterrey indie' (Est: 1.7h left)... No artists.
[1329/6291] 'mexican classic rock' (Est: 1.7h left)... No artists.
[1330/6291] 'new orleans jazz' (Est: 1.7h left)... Found 7.
[1331/6291] 'organic house' (Est: 1.7h left)... Found 50.
[1332/6291] 'dixieland' (Est: 1.7h left)... Found 50.
[1333/6291] 'cosmic american' (Est: 1.7h left)... Found 4.
[1334/6291] 'rap feminino nacional' (Est: 1.7h left)... No artists.
[1335/6291] 'british alternative rock' (Est: 1.7h left)... Found 3.
[1336/6291] 'indonesian idol pop' (Est: 1.7h left)... No artists.
[1337/6291] 'jawaiian' (Est: 1.7h left)... No artists.
[1338/6291] 'mariachi cristiano' (Est: 1.7h left)... No artists.
[1339/6291] 'classic cantopop' (Est: 1.7h left)... No artists.
[1340/6291] 'romantico' (Est: 1.7h left)... Found 23.
[1341/6291] 'german power metal' (Est: 1.6h left)...❌ Exception for tag 'german power metal': ('Connection aborted.', ConnectionResetError(104, 'Connection reset by peer'))
 Found 1.
[1342/6291] 'classic disco polo' (Est: 1.6h left)... No artists.
[1343/6291] 'musique pour enfants' (Est: 1.6h left)... No artists.
[1344/6291] 'swedish tropical house' (Est: 1.6h left)...❌ Exception for tag 'swedish tropical house': ('Connection aborted.', ConnectionResetError(104, 'Connection reset by peer'))
 No artists.
[1345/6291] 'discofox' (Est: 1.6h left)... Found 2.
[1346/6291] 'chilena' (Est: 1.6h left)... Found 26.
[1347/6291] 'j-metal' (Est: 1.6h left)... Found 6.
[1348/6291] 'welsh rock' (Est: 1.6h left)... No artists.
[1349/6291] 'bulgarian pop' (Est: 1.6h left)... No artists.
[1350/6291] 'virginia hip hop' (Est: 1.6h left)... No artists.
💾 Checkpoint saved (15247 entities)
[1351/6291] 'brega paraense' (Est: 1.6h left)... No artists.
[1352/6291] 'thai trap' (Est: 1.6h left)... No artists.
[1353/6291] 'grungegaze' (Est: 1.6h left)... Found 3.
[1354/6291] 'chicago hardcore' (Est: 1.6h left)... No artists.
[1355/6291] 'sludge metal' (Est: 1.6h left)... Found 50.
[1356/6291] 'pacific islands pop' (Est: 1.6h left)... No artists.
[1357/6291] 'south african rock' (Est: 1.6h left)... Found 1.
[1358/6291] 'swedish indie rock' (Est: 1.6h left)... Found 2.
[1359/6291] 'russian post-punk' (Est: 1.6h left)... Found 4.
[1360/6291] 'smooth saxophone' (Est: 1.6h left)... No artists.
[1361/6291] 'ukrainian rock' (Est: 1.6h left)... Found 8.
[1362/6291] 'chicago soul' (Est: 1.6h left)... Found 14.
[1363/6291] 'samba moderno' (Est: 1.6h left)... No artists.
[1364/6291] 'freestyle' (Est: 1.6h left)... Found 50.
[1365/6291] 'american shoegaze' (Est: 1.6h left)... Found 1.
[1366/6291] 'latin metal' (Est: 1.6h left)... Found 4.
[1367/6291] 'german reggae' (Est: 1.6h left)... No artists.
[1368/6291] 'danish metal' (Est: 1.6h left)... Found 2.
[1369/6291] 'rock mineiro' (Est: 1.6h left)... No artists.
[1370/6291] 'sound team' (Est: 1.6h left)... Found 1.
[1371/6291] 'canadian electropop' (Est: 1.6h left)... No artists.
[1372/6291] 'drone' (Est: 1.6h left)... Found 50.
[1373/6291] 'regional mexicano femenil' (Est: 1.6h left)... No artists.
[1374/6291] 'indian edm' (Est: 1.6h left)... Found 2.
[1375/6291] 'j-idol' (Est: 1.6h left)... No artists.
[1376/6291] 'okinawan pop' (Est: 1.6h left)...❌ Exception for tag 'okinawan pop': ('Connection aborted.', ConnectionResetError(104, 'Connection reset by peer'))
 No artists.
[1377/6291] 'sandalwood' (Est: 1.6h left)... No artists.
[1378/6291] 'scottish new wave' (Est: 1.6h left)... Found 1.
[1379/6291] 'indie jazz' (Est: 1.6h left)... Found 11.
[1380/6291] 'afrikaans' (Est: 1.6h left)... Found 11.
[1381/6291] 'nz reggae' (Est: 1.6h left)... No artists.
[1382/6291] 'israeli rock' (Est: 1.6h left)... Found 1.
[1383/6291] 'oklahoma country' (Est: 1.6h left)... No artists.
[1384/6291] 'viking metal' (Est: 1.6h left)... Found 50.
[1385/6291] 'christian trap' (Est: 1.6h left)... No artists.
[1386/6291] 'brega' (Est: 1.6h left)... Found 40.
[1387/6291] 'buffalo hip hop' (Est: 1.6h left)... No artists.
[1388/6291] 'kazakh pop' (Est: 1.6h left)... No artists.
[1389/6291] 'chill lounge' (Est: 1.6h left)... No artists.
[1390/6291] 'belly dance' (Est: 1.6h left)... Found 4.
[1391/6291] 'minimal tech house' (Est: 1.6h left)... No artists.
[1392/6291] 'icelandic pop' (Est: 1.6h left)... Found 3.
[1393/6291] 'classic indo pop' (Est: 1.6h left)... No artists.
[1394/6291] 'oakland indie' (Est: 1.6h left)... No artists.
[1395/6291] 'surf punk' (Est: 1.6h left)... Found 26.
[1396/6291] 'australian trap' (Est: 1.6h left)... No artists.
[1397/6291] 'brutal death metal' (Est: 1.6h left)... Found 50.
[1398/6291] 'christian metal' (Est: 1.6h left)... Found 50.
[1399/6291] 'japanese vtuber' (Est: 1.6h left)... No artists.
[1400/6291] 'south african hip hop' (Est: 1.6h left)... Found 2.
💾 Checkpoint saved (15638 entities)
[1401/6291] 'rhode island rap' (Est: 1.6h left)... No artists.
[1402/6291] 'austrian pop' (Est: 1.6h left)... Found 2.
[1403/6291] 'shaabi' (Est: 1.6h left)... Found 11.
[1404/6291] 'celtic metal' (Est: 1.6h left)... Found 19.
[1405/6291] 'salsa peruana' (Est: 1.6h left)... No artists.
[1406/6291] 'tecnobrega' (Est: 1.6h left)... Found 2.
[1407/6291] 'indian lo-fi' (Est: 1.6h left)... No artists.
[1408/6291] 'transpop' (Est: 1.6h left)... Found 1.
[1409/6291] 'chillstep' (Est: 1.6h left)... Found 46.
[1410/6291] 'japanese trap' (Est: 1.6h left)... Found 1.
[1411/6291] 'egyptian alternative' (Est: 1.6h left)... No artists.
[1412/6291] 'jersey club' (Est: 1.6h left)... Found 34.
[1413/6291] 'experimental' (Est: 1.6h left)... Found 50.
[1414/6291] 'channel pop' (Est: 1.6h left)... Found 1.
[1415/6291] 'czech drill' (Est: 1.6h left)... No artists.
[1416/6291] 'texas metal' (Est: 1.6h left)... Found 1.
[1417/6291] 'polish rock' (Est: 1.6h left)... Found 5.
[1418/6291] 'norwegian pop rap' (Est: 1.6h left)... Found 1.
[1419/6291] 'indonesian lo-fi pop' (Est: 1.6h left)... No artists.
[1420/6291] 'samba de roda' (Est: 1.6h left)... No artists.
[1421/6291] 'sda a cappella' (Est: 1.6h left)... No artists.
[1422/6291] 'harlem hip hop' (Est: 1.6h left)... Found 1.
[1423/6291] 'danish pop rock' (Est: 1.6h left)... No artists.
[1424/6291] 'canadian ccm' (Est: 1.6h left)... No artists.
[1425/6291] 'russian emo rap' (Est: 1.6h left)... No artists.
[1426/6291] 'pinoy city pop' (Est: 1.6h left)... No artists.
[1427/6291] 'slayer' (Est: 1.6h left)... Found 8.
[1428/6291] 'memphis phonk' (Est: 1.6h left)... Found 2.
[1429/6291] 'danspunk' (Est: 1.6h left)... No artists.
[1430/6291] 'polish alternative rap' (Est: 1.6h left)... No artists.
[1431/6291] 'uk pop punk' (Est: 1.6h left)... Found 1.
[1432/6291] 'indie rock mexicano' (Est: 1.6h left)... No artists.
[1433/6291] 'bhangra' (Est: 1.6h left)... Found 50.
[1434/6291] 'russian punk' (Est: 1.6h left)... No artists.
[1435/6291] 'chill dream pop' (Est: 1.6h left)... No artists.
[1436/6291] 'quran' (Est: 1.6h left)... Found 4.
[1437/6291] 'classic turkish pop' (Est: 1.6h left)... No artists.
[1438/6291] 'dark techno' (Est: 1.6h left)... Found 18.
[1439/6291] 'gothenburg indie' (Est: 1.6h left)... No artists.
[1440/6291] 'musica gaucha tradicionalista' (Est: 1.6h left)... No artists.
[1441/6291] 'boston indie' (Est: 1.6h left)... No artists.
[1442/6291] 'quebec indie' (Est: 1.6h left)... No artists.
[1443/6291] 'uk house' (Est: 1.6h left)... Found 2.
[1444/6291] 'psychedelic trance' (Est: 1.6h left)... Found 50.
[1445/6291] 'neoclassical darkwave' (Est: 1.6h left)... Found 47.
[1446/6291] 'oc rap' (Est: 1.6h left)... No artists.
[1447/6291] 'rave' (Est: 1.6h left)...❌ Exception for tag 'rave': ('Connection aborted.', ConnectionResetError(104, 'Connection reset by peer'))
 Found 50.
[1448/6291] 'vapor pop' (Est: 1.6h left)... Found 1.
[1449/6291] 'cdo indie' (Est: 1.6h left)... No artists.
[1450/6291] 'classic venezuelan pop' (Est: 1.6h left)... No artists.
💾 Checkpoint saved (15967 entities)
[1451/6291] 'kazakh hip hop' (Est: 1.6h left)... No artists.
[1452/6291] 'guadalajara indie' (Est: 1.6h left)... No artists.
[1453/6291] 'german alternative rock' (Est: 1.6h left)... No artists.
[1454/6291] 'karadeniz pop' (Est: 1.6h left)... No artists.
[1455/6291] 'post-rock' (Est: 1.6h left)... Found 50.
[1456/6291] 'children's folk' (Est: 1.6h left)... Found 1.
[1457/6291] 'polish drill' (Est: 1.6h left)...❌ Exception for tag 'polish drill': ('Connection aborted.', ConnectionResetError(104, 'Connection reset by peer'))
 No artists.
[1458/6291] 'vaporwave' (Est: 1.6h left)... Found 50.
[1459/6291] 'hungarian hip hop' (Est: 1.6h left)... No artists.
[1460/6291] 'alternative americana' (Est: 1.6h left)... Found 1.
[1461/6291] 'hyphy' (Est: 1.6h left)... Found 16.
[1462/6291] 'easycore' (Est: 1.6h left)... Found 50.
[1463/6291] 'new beat' (Est: 1.6h left)... Found 50.
[1464/6291] 'indonesian hip hop' (Est: 1.6h left)... No artists.
[1465/6291] 'instrumental grime' (Est: 1.6h left)... No artists.
[1466/6291] 'punk urbano' (Est: 1.6h left)... No artists.
[1467/6291] 'reggae uruguayo' (Est: 1.6h left)... No artists.
[1468/6291] 'khaliji' (Est: 1.6h left)...❌ Exception for tag 'khaliji': ('Connection aborted.', ConnectionResetError(104, 'Connection reset by peer'))
❌ Exception for tag 'khaliji': ('Connection aborted.', ConnectionResetError(104, 'Connection reset by peer'))
 Found 1.
[1469/6291] 'opera metal' (Est: 1.6h left)... Found 1.
[1470/6291] 'scottish indie' (Est: 1.6h left)... Found 2.
[1471/6291] 'ann arbor indie' (Est: 1.6h left)... No artists.
[1472/6291] 'study beats' (Est: 1.6h left)... Found 2.
[1473/6291] 'vintage italian soundtrack' (Est: 1.6h left)... Found 1.
[1474/6291] 'folk rock italiano' (Est: 1.6h left)...❌ Exception for tag 'folk rock italiano': ('Connection aborted.', ConnectionResetError(104, 'Connection reset by peer'))
 No artists.
[1475/6291] 'mexican pop punk' (Est: 1.6h left)... No artists.
[1476/6291] 'midwest emo' (Est: 1.6h left)... Found 50.
[1477/6291] 'cumbia paraguaya' (Est: 1.6h left)... No artists.
[1478/6291] 'italian romanticism' (Est: 1.6h left)... No artists.
[1479/6291] 'russian drill' (Est: 1.6h left)... No artists.
[1480/6291] 'swedish hard rock' (Est: 1.6h left)... No artists.
[1481/6291] 'romanian house' (Est: 1.6h left)...❌ Exception for tag 'romanian house': ('Connection aborted.', ConnectionResetError(104, 'Connection reset by peer'))
 No artists.
[1482/6291] 'viral trap' (Est: 1.6h left)... Found 1.
[1483/6291] 'liverpool indie' (Est: 1.6h left)... No artists.
[1484/6291] 'pinoy drill' (Est: 1.6h left)... No artists.
[1485/6291] 'bandinhas' (Est: 1.6h left)... No artists.
[1486/6291] 'experimental rock' (Est: 1.6h left)... Found 50.
[1487/6291] 'northern irish indie' (Est: 1.6h left)... No artists.
[1488/6291] 'bluegrass' (Est: 1.6h left)... Found 50.
[1489/6291] 'jazz boom bap' (Est: 1.6h left)... No artists.
[1490/6291] 'early us punk' (Est: 1.6h left)... Found 4.
[1491/6291] 'dub' (Est: 1.6h left)... Found 50.
[1492/6291] 'spectra' (Est: 1.6h left)... Found 3.
[1493/6291] 'nashville singer-songwriter' (Est: 1.6h left)... No artists.
[1494/6291] 'drill chileno' (Est: 1.6h left)... No artists.
[1495/6291] 'classic danish pop' (Est: 1.6h left)... No artists.
[1496/6291] 'ambient guitar' (Est: 1.6h left)... Found 5.
[1497/6291] 'piano blues' (Est: 1.6h left)... Found 50.
[1498/6291] 'indian classical' (Est: 1.6h left)... Found 50.
[1499/6291] 'horror punk' (Est: 1.6h left)... Found 50.
[1500/6291] 'pinoy alternative rap' (Est: 1.6h left)... No artists.
💾 Checkpoint saved (16425 entities)
[1501/6291] 'yugoslav rock' (Est: 1.6h left)... Found 1.
[1502/6291] 'turkish instrumental' (Est: 1.6h left)... No artists.
[1503/6291] 'folk metal' (Est: 1.6h left)... Found 50.
[1504/6291] 'melodic metal' (Est: 1.6h left)... Found 50.
[1505/6291] 'classic french pop' (Est: 1.6h left)... No artists.
[1506/6291] 'russian electronic' (Est: 1.6h left)... No artists.
[1507/6291] 'new jersey hardcore' (Est: 1.6h left)... No artists.
[1508/6291] 'rune folk' (Est: 1.6h left)... No artists.
[1509/6291] 'french techno' (Est: 1.6h left)... Found 1.
[1510/6291] 'technical death metal' (Est: 1.6h left)... Found 50.
[1511/6291] 'magyar trap' (Est: 1.6h left)... No artists.
[1512/6291] 'indonesian viral pop' (Est: 1.6h left)... No artists.
[1513/6291] 'rap underground argentino' (Est: 1.6h left)... No artists.
[1514/6291] 'norwegian hip hop' (Est: 1.6h left)... Found 2.
[1515/6291] 'dancehall queen' (Est: 1.6h left)... No artists.
[1516/6291] 'gospel r&b' (Est: 1.6h left)... No artists.
[1517/6291] 'polish viral rap' (Est: 1.6h left)... No artists.
[1518/6291] 'south african house' (Est: 1.6h left)... Found 1.
[1519/6291] 'icelandic classical' (Est: 1.6h left)... Found 2.
[1520/6291] 'viral afropop' (Est: 1.6h left)... No artists.
[1521/6291] 'wave' (Est: 1.6h left)... Found 50.
[1522/6291] 'german metalcore' (Est: 1.6h left)... No artists.
[1523/6291] 'pop minang' (Est: 1.6h left)... No artists.
[1524/6291] 'progressive groove metal' (Est: 1.6h left)... Found 3.
[1525/6291] 'deep turkish pop' (Est: 1.6h left)... Found 3.
[1526/6291] 'pink noise' (Est: 1.6h left)... No artists.
[1527/6291] 'contemporary jazz' (Est: 1.6h left)... Found 50.
[1528/6291] 'classic house' (Est: 1.6h left)... Found 1.
[1529/6291] 'rhythm and blues' (Est: 1.6h left)... Found 50.
[1530/6291] 'classic israeli pop' (Est: 1.6h left)... No artists.
[1531/6291] 'glee club' (Est: 1.6h left)... No artists.
[1532/6291] 'american folk revival' (Est: 1.6h left)... Found 1.
[1533/6291] 'kosovan pop' (Est: 1.6h left)... No artists.
[1534/6291] 'rva drill' (Est: 1.6h left)... No artists.
[1535/6291] 'atmosphere' (Est: 1.6h left)... Found 6.
[1536/6291] 'peruvian rock' (Est: 1.6h left)... No artists.
[1537/6291] 'zhenskiy rep' (Est: 1.6h left)... No artists.
[1538/6291] 'bc underground hip hop' (Est: 1.6h left)... No artists.
[1539/6291] 'pinoy indie' (Est: 1.6h left)... No artists.
[1540/6291] 'uk dancehall' (Est: 1.6h left)... Found 1.
[1541/6291] 'kurdish pop' (Est: 1.6h left)... Found 1.
[1542/6291] 'gaming dubstep' (Est: 1.6h left)... No artists.
[1543/6291] 'danish electronic' (Est: 1.6h left)... No artists.
[1544/6291] 'spanish folk metal' (Est: 1.6h left)... No artists.
[1545/6291] 'pinoy singer-songwriter' (Est: 1.6h left)... No artists.
[1546/6291] 'deep latin christian' (Est: 1.6h left)... No artists.
[1547/6291] 'north carolina roots' (Est: 1.6h left)... No artists.
[1548/6291] 'chill guitar' (Est: 1.6h left)... No artists.
[1549/6291] 'folktronica' (Est: 1.6h left)... Found 50.
[1550/6291] 'croatian pop' (Est: 1.6h left)... No artists.
💾 Checkpoint saved (16669 entities)
[1551/6291] 'swedish soul' (Est: 1.6h left)... No artists.
[1552/6291] 'bergamo indie' (Est: 1.6h left)...❌ Exception for tag 'bergamo indie': ('Connection aborted.', ConnectionResetError(104, 'Connection reset by peer'))
 No artists.
[1553/6291] 'lo-fi house' (Est: 1.6h left)... Found 50.
[1554/6291] 'puerto rican rock' (Est: 1.6h left)... No artists.
[1555/6291] 'idol rock' (Est: 1.6h left)... Found 1.
[1556/6291] 'idol' (Est: 1.6h left)... Found 50.
[1557/6291] 'kolsche karneval' (Est: 1.6h left)... No artists.
[1558/6291] 'rocksteady' (Est: 1.6h left)... Found 50.
[1559/6291] 'acoustic blues' (Est: 1.6h left)... Found 50.
[1560/6291] 'latinx alternative' (Est: 1.6h left)... No artists.
[1561/6291] 'frenchcore' (Est: 1.6h left)... Found 42.
[1562/6291] 'washington indie' (Est: 1.6h left)... No artists.
[1563/6291] 'soca' (Est: 1.6h left)... Found 50.
[1564/6291] 'auckland indie' (Est: 1.6h left)... No artists.
[1565/6291] 'oyun havasi' (Est: 1.6h left)... Found 1.
[1566/6291] 'central asian hip hop' (Est: 1.6h left)... No artists.
[1567/6291] 'antideutsche' (Est: 1.6h left)... Found 1.
[1568/6291] 'christian metalcore' (Est: 1.6h left)... Found 7.
[1569/6291] 'chiptune' (Est: 1.6h left)... Found 50.
[1570/6291] 'spanish modern rock' (Est: 1.6h left)... No artists.
[1571/6291] 'post-minimalism' (Est: 1.6h left)... Found 32.
[1572/6291] 'rap uliczny' (Est: 1.6h left)... No artists.
[1573/6291] 'nederlandse hardstyle' (Est: 1.6h left)... No artists.
[1574/6291] 'gothenburg metal' (Est: 1.6h left)... Found 8.
[1575/6291] 'icelandic experimental' (Est: 1.6h left)... No artists.
[1576/6291] 'kabarett' (Est: 1.6h left)... Found 50.
[1577/6291] 'latin classical' (Est: 1.6h left)... No artists.
[1578/6291] 'ghanaian alternative' (Est: 1.6h left)... No artists.
[1579/6291] 'deep pop edm' (Est: 1.6h left)... No artists.
[1580/6291] 'jangle pop' (Est: 1.6h left)... Found 50.
[1581/6291] 'calming instrumental' (Est: 1.6h left)... No artists.
[1582/6291] 'ethereal wave' (Est: 1.6h left)... Found 50.
[1583/6291] 'emo rap italiano' (Est: 1.6h left)... No artists.
[1584/6291] 'polish underground rap' (Est: 1.6h left)... No artists.
[1585/6291] 'musica aragonesa' (Est: 1.6h left)... No artists.
[1586/6291] 'turkish edm' (Est: 1.6h left)... No artists.
[1587/6291] 'balkan trap' (Est: 1.6h left)... No artists.
[1588/6291] 'gothic rock' (Est: 1.6h left)... Found 50.
[1589/6291] 'classic peruvian pop' (Est: 1.6h left)... No artists.
[1590/6291] 'italian opera' (Est: 1.6h left)... No artists.
[1591/6291] 'gospel antigas' (Est: 1.6h left)...❌ Exception for tag 'gospel antigas': ('Connection aborted.', ConnectionResetError(104, 'Connection reset by peer'))
 No artists.
[1592/6291] 'celtic punk' (Est: 1.6h left)... Found 26.
[1593/6291] 'irish folk' (Est: 1.6h left)... Found 50.
[1594/6291] 'dream plugg' (Est: 1.6h left)... No artists.
[1595/6291] 'classical drill' (Est: 1.6h left)... No artists.
[1596/6291] 'rock andaluz' (Est: 1.6h left)... Found 3.
[1597/6291] 'focus beats' (Est: 1.6h left)... No artists.
[1598/6291] 'j-indie' (Est: 1.6h left)... Found 2.
[1599/6291] 'rap boricua' (Est: 1.6h left)... No artists.
[1600/6291] 'indonesian city pop' (Est: 1.6h left)... No artists.
💾 Checkpoint saved (17221 entities)
[1601/6291] 'afrobeat' (Est: 1.6h left)...❌ Exception for tag 'afrobeat': ('Connection aborted.', ConnectionResetError(104, 'Connection reset by peer'))
 Found 50.
[1602/6291] 'rap uruguayo' (Est: 1.6h left)... No artists.
[1603/6291] 'pop teen brasileiro' (Est: 1.6h left)... No artists.
[1604/6291] 'dark plugg' (Est: 1.6h left)...❌ Exception for tag 'dark plugg': ('Connection aborted.', ConnectionResetError(104, 'Connection reset by peer'))
 Found 9.
[1605/6291] 'idol kayo' (Est: 1.6h left)... Found 50.
[1606/6291] 'kiwi rock' (Est: 1.6h left)... No artists.
[1607/6291] 'maga rap' (Est: 1.6h left)... Found 1.
[1608/6291] 'pop chileno' (Est: 1.6h left)... Found 1.
[1609/6291] 'chinese indie' (Est: 1.6h left)... Found 2.
[1610/6291] 'brain waves' (Est: 1.6h left)... No artists.
[1611/6291] 'argentine heavy metal' (Est: 1.6h left)... No artists.
[1612/6291] 'chinese singer-songwriter' (Est: 1.6h left)... No artists.
[1613/6291] 'arab electronic' (Est: 1.6h left)... No artists.
[1614/6291] 'chihuahua indie' (Est: 1.6h left)... No artists.
[1615/6291] 'progressive post-hardcore' (Est: 1.6h left)... Found 2.
[1616/6291] 'microhouse' (Est: 1.6h left)... Found 30.
[1617/6291] 'portland indie' (Est: 1.6h left)... No artists.
[1618/6291] 'comedy rap' (Est: 1.6h left)... Found 31.
[1619/6291] 'samba-jazz' (Est: 1.6h left)... Found 19.
[1620/6291] 'classic garage rock' (Est: 1.6h left)... No artists.
[1621/6291] 'game mood' (Est: 1.6h left)... No artists.
[1622/6291] 'portland hip hop' (Est: 1.6h left)... No artists.
[1623/6291] 'ukrainian viral pop' (Est: 1.6h left)... No artists.
[1624/6291] 'belgian rock' (Est: 1.6h left)... No artists.
[1625/6291] 'russian grime' (Est: 1.6h left)... No artists.
[1626/6291] 'chilean indie' (Est: 1.6h left)... No artists.
[1627/6291] 'french opera' (Est: 1.6h left)... No artists.
[1628/6291] 'anime phonk' (Est: 1.6h left)... Found 1.
[1629/6291] 'glitchbreak' (Est: 1.6h left)... No artists.
[1630/6291] 'west bengali pop' (Est: 1.6h left)... No artists.
[1631/6291] 'rock catala' (Est: 1.6h left)... No artists.
[1632/6291] 'neue deutsche welle' (Est: 1.6h left)... Found 50.
[1633/6291] 'fourth world' (Est: 1.6h left)... Found 3.
[1634/6291] 'native american traditional' (Est: 1.6h left)... No artists.
[1635/6291] 'music box' (Est: 1.6h left)... Found 4.
[1636/6291] 'bgm' (Est: 1.6h left)... No artists.
[1637/6291] 'samba paulista' (Est: 1.6h left)... No artists.
[1638/6291] 'viking folk' (Est: 1.6h left)...❌ Exception for tag 'viking folk': ('Connection aborted.', ConnectionResetError(104, 'Connection reset by peer'))
 Found 1.
[1639/6291] 'neomelodici' (Est: 1.6h left)... No artists.
[1640/6291] 'comedy' (Est: 1.6h left)... Found 50.
[1641/6291] 'chicago house' (Est: 1.6h left)... Found 26.
[1642/6291] 'tropical alternativo' (Est: 1.5h left)... No artists.
[1643/6291] 'vietnamese trap' (Est: 1.5h left)... No artists.
[1644/6291] 'musica angolana' (Est: 1.5h left)... No artists.
[1645/6291] 'samba-rock' (Est: 1.5h left)... Found 12.
[1646/6291] 'brega romantico' (Est: 1.5h left)... No artists.
[1647/6291] 'korean instrumental' (Est: 1.5h left)... No artists.
[1648/6291] 'halloween' (Est: 1.5h left)... Found 17.
[1649/6291] 'trap pesado' (Est: 1.5h left)... No artists.
[1650/6291] 'theme' (Est: 1.5h left)... Found 4.
💾 Checkpoint saved (17518 entities)
[1651/6291] 'persian hip hop' (Est: 1.5h left)... Found 3.
[1652/6291] 'rap underground mexicano' (Est: 1.5h left)... No artists.
[1653/6291] 'narodna muzika' (Est: 1.5h left)... No artists.
[1654/6291] 'swedish indie folk' (Est: 1.5h left)... No artists.
[1655/6291] 'trap dominicano' (Est: 1.5h left)... No artists.
[1656/6291] 'contemporary classical' (Est: 1.5h left)... Found 50.
[1657/6291] 'southern americana' (Est: 1.5h left)... No artists.
[1658/6291] 'fotbollslatar' (Est: 1.5h left)...❌ Exception for tag 'fotbollslatar': ('Connection aborted.', ConnectionResetError(104, 'Connection reset by peer'))
 No artists.
[1659/6291] 'texas blues' (Est: 1.5h left)... Found 50.
[1660/6291] 'huzunlu sarkilar' (Est: 1.5h left)... No artists.
[1661/6291] 'malayalam pop' (Est: 1.5h left)... No artists.
[1662/6291] 'electrofox' (Est: 1.5h left)... Found 1.
[1663/6291] 'partido alto' (Est: 1.5h left)... No artists.
[1664/6291] 'rap nacional antigo' (Est: 1.5h left)... No artists.
[1665/6291] 'italian pop rock' (Est: 1.5h left)... No artists.
[1666/6291] 'murcia indie' (Est: 1.5h left)... No artists.
[1667/6291] 'german trance' (Est: 1.5h left)... Found 1.
[1668/6291] 'reggae tuga' (Est: 1.5h left)... No artists.
[1669/6291] 'concepcion indie' (Est: 1.5h left)... No artists.
[1670/6291] 'canadian folk' (Est: 1.5h left)... Found 1.
[1671/6291] 'pop quebecois' (Est: 1.5h left)... No artists.
[1672/6291] 'uk melodic rap' (Est: 1.5h left)... No artists.
[1673/6291] 'piano worship' (Est: 1.5h left)... No artists.
[1674/6291] 'new jersey punk' (Est: 1.5h left)... Found 2.
[1675/6291] 'instrumental post-rock' (Est: 1.5h left)... Found 7.
[1676/6291] 'nordic house' (Est: 1.5h left)...❌ Exception for tag 'nordic house': ('Connection aborted.', ConnectionResetError(104, 'Connection reset by peer'))
 No artists.
[1677/6291] 'australian alternative pop' (Est: 1.5h left)... Found 1.
[1678/6291] 'dutch metal' (Est: 1.5h left)...❌ Exception for tag 'dutch metal': ('Connection aborted.', ConnectionResetError(104, 'Connection reset by peer'))
 Found 3.
[1679/6291] 'volkspop' (Est: 1.5h left)... No artists.
[1680/6291] 'kavkaz' (Est: 1.5h left)... No artists.
[1681/6291] 'polish indie' (Est: 1.5h left)... No artists.
[1682/6291] 'no beat' (Est: 1.5h left)...❌ Exception for tag 'no beat': ('Connection aborted.', ConnectionResetError(104, 'Connection reset by peer'))
 No artists.
[1683/6291] 'japanese new wave' (Est: 1.5h left)... No artists.
[1684/6291] 'cologne indie' (Est: 1.5h left)... No artists.
[1685/6291] 'new jersey underground rap' (Est: 1.5h left)... No artists.
[1686/6291] 'reggae do maranhao' (Est: 1.5h left)... No artists.
[1687/6291] 'french tech house' (Est: 1.5h left)... Found 1.
[1688/6291] 'minimal melodic techno' (Est: 1.5h left)... No artists.
[1689/6291] 'japanese pop punk' (Est: 1.5h left)... Found 1.
[1690/6291] 'lagu timur' (Est: 1.5h left)... No artists.
[1691/6291] 'slc indie' (Est: 1.5h left)... No artists.
[1692/6291] 'mizrahi' (Est: 1.5h left)... Found 16.
[1693/6291] 'musica costena' (Est: 1.5h left)... No artists.
[1694/6291] 'entehno' (Est: 1.5h left)... Found 8.
[1695/6291] 'lustrum' (Est: 1.5h left)... No artists.
[1696/6291] 'balkan hip hop' (Est: 1.5h left)... No artists.
[1697/6291] 'hip hop quebecois' (Est: 1.5h left)... No artists.
[1698/6291] 'cowboy western' (Est: 1.5h left)... No artists.
[1699/6291] 'uk experimental electronic' (Est: 1.5h left)... Found 1.
[1700/6291] 'malaysian mandopop' (Est: 1.5h left)... No artists.
💾 Checkpoint saved (17682 entities)
[1701/6291] 'welsh metal' (Est: 1.5h left)... Found 1.
[1702/6291] 'reggae cristao' (Est: 1.5h left)...❌ Exception for tag 'reggae cristao': ('Connection aborted.', ConnectionResetError(104, 'Connection reset by peer'))
❌ Exception for tag 'reggae cristao': ('Connection aborted.', ConnectionResetError(104, 'Connection reset by peer'))
 No artists.
[1703/6291] 'indonesian emo' (Est: 1.5h left)... No artists.
[1704/6291] 'metallic hardcore' (Est: 1.5h left)... Found 15.
[1705/6291] 'belgian indie' (Est: 1.5h left)... No artists.
[1706/6291] 'rochester mn indie' (Est: 1.5h left)...❌ Exception for tag 'rochester mn indie': ('Connection aborted.', ConnectionResetError(104, 'Connection reset by peer'))
 No artists.
[1707/6291] 'liedermacher' (Est: 1.5h left)... Found 49.
[1708/6291] 'victoria bc indie' (Est: 1.5h left)... No artists.
[1709/6291] 'japanese viral pop' (Est: 1.5h left)... No artists.
[1710/6291] 'bay area indie' (Est: 1.5h left)... No artists.
[1711/6291] 'trap peruano' (Est: 1.5h left)... No artists.
[1712/6291] 'ska chileno' (Est: 1.5h left)... No artists.
[1713/6291] 'marathi pop' (Est: 1.5h left)...❌ Exception for tag 'marathi pop': ('Connection aborted.', ConnectionResetError(104, 'Connection reset by peer'))
 Found 1.
[1714/6291] 'trap antillais' (Est: 1.5h left)... No artists.
[1715/6291] 'laboratorio' (Est: 1.5h left)... Found 2.
[1716/6291] 'chillsynth' (Est: 1.5h left)... Found 45.
[1717/6291] 'minimalism' (Est: 1.5h left)... Found 50.
[1718/6291] 'chalga' (Est: 1.5h left)... Found 50.
[1719/6291] 'dutch cabaret' (Est: 1.5h left)... Found 1.
[1720/6291] 'brega funk' (Est: 1.5h left)... Found 12.
[1721/6291] 'chicago blues' (Est: 1.5h left)... Found 50.
[1722/6291] 'hungarian rock' (Est: 1.5h left)... No artists.
[1723/6291] 'trap tuga' (Est: 1.5h left)... No artists.
[1724/6291] 'barnemusikk' (Est: 1.5h left)... No artists.
[1725/6291] 'birmingham grime' (Est: 1.5h left)... No artists.
[1726/6291] 'parody' (Est: 1.5h left)... Found 50.
[1727/6291] 'nuevo folklore mexicano' (Est: 1.5h left)... No artists.
[1728/6291] 'rap tunisien' (Est: 1.5h left)... Found 4.
[1729/6291] 'future rock' (Est: 1.5h left)... Found 1.
[1730/6291] 'jamaican hip hop' (Est: 1.5h left)... No artists.
[1731/6291] 'mantra' (Est: 1.5h left)... Found 8.
[1732/6291] 'classic iskelma' (Est: 1.5h left)... No artists.
[1733/6291] 'new weird america' (Est: 1.5h left)... Found 24.
[1734/6291] 'colombian rock' (Est: 1.5h left)... Found 1.
[1735/6291] 'brazilian punk' (Est: 1.5h left)... Found 1.
[1736/6291] 'big band' (Est: 1.5h left)... Found 50.
[1737/6291] 'japanese old school hip hop' (Est: 1.5h left)... No artists.
[1738/6291] 'kermis' (Est: 1.5h left)... No artists.
[1739/6291] 'dong-yo' (Est: 1.5h left)... No artists.
[1740/6291] 'diy emo' (Est: 1.5h left)... No artists.
[1741/6291] 'plug brasileiro' (Est: 1.5h left)... No artists.
[1742/6291] 'uk garage' (Est: 1.5h left)... Found 50.
[1743/6291] 'italian soundtrack' (Est: 1.5h left)... Found 1.
[1744/6291] 'australian indigenous music' (Est: 1.5h left)... No artists.
[1745/6291] 'deathgrind' (Est: 1.5h left)... Found 50.
[1746/6291] 'neo classical metal' (Est: 1.5h left)... Found 11.
[1747/6291] 'taiwan hip hop' (Est: 1.5h left)... No artists.
[1748/6291] 'neoclassicism' (Est: 1.5h left)... Found 36.
[1749/6291] 'ambeat' (Est: 1.5h left)... Found 3.
[1750/6291] 'peruvian hip hop' (Est: 1.5h left)... No artists.
💾 Checkpoint saved (18096 entities)
[1751/6291] 'south african gospel' (Est: 1.5h left)... No artists.
[1752/6291] 'swedish country' (Est: 1.5h left)... No artists.
[1753/6291] 'symphonic deathcore' (Est: 1.5h left)... Found 13.
[1754/6291] 'lagu melayu' (Est: 1.5h left)... No artists.
[1755/6291] 'thai folk rock' (Est: 1.5h left)... No artists.
[1756/6291] 'shanty' (Est: 1.5h left)... Found 33.
[1757/6291] 'scandinavian r&b' (Est: 1.5h left)... No artists.
[1758/6291] 'kwaito' (Est: 1.5h left)... Found 14.
[1759/6291] 'australian indie rock' (Est: 1.5h left)... Found 3.
[1760/6291] 'east coast reggae' (Est: 1.5h left)... No artists.
[1761/6291] 'emoplugg' (Est: 1.5h left)... Found 1.
[1762/6291] 'finnish trap' (Est: 1.5h left)... No artists.
[1763/6291] 'indonesian punk' (Est: 1.5h left)... No artists.
[1764/6291] 'rock baiano' (Est: 1.5h left)... No artists.
[1765/6291] 'brisbane indie' (Est: 1.5h left)... Found 1.
[1766/6291] 'greek underground rap' (Est: 1.5h left)... No artists.
[1767/6291] 'musica tamaulipeca' (Est: 1.5h left)... No artists.
[1768/6291] 'british children's music' (Est: 1.5h left)... Found 1.
[1769/6291] 'progressive deathcore' (Est: 1.5h left)... Found 26.
[1770/6291] 'arab alternative' (Est: 1.5h left)... No artists.
[1771/6291] 'melodic techno' (Est: 1.5h left)... Found 50.
[1772/6291] 'pinoy pop punk' (Est: 1.5h left)... No artists.
[1773/6291] 'swancore' (Est: 1.5h left)... Found 16.
[1774/6291] 'gregorian dance' (Est: 1.5h left)... No artists.
[1775/6291] 'assamese pop' (Est: 1.5h left)... No artists.
[1776/6291] 'future funk' (Est: 1.5h left)... Found 50.
[1777/6291] 'electro jazz' (Est: 1.5h left)... Found 7.
[1778/6291] 'grime brasileiro' (Est: 1.5h left)... No artists.
[1779/6291] 'guaracha' (Est: 1.5h left)... Found 16.
[1780/6291] 'romanian rap' (Est: 1.5h left)... Found 1.
[1781/6291] 'czsk emo rap' (Est: 1.5h left)... No artists.
[1782/6291] 'wrestling' (Est: 1.5h left)... Found 1.
[1783/6291] 'deep comedy' (Est: 1.5h left)... No artists.
[1784/6291] 'uk contemporary jazz' (Est: 1.5h left)... Found 1.
[1785/6291] 'latin viral rap' (Est: 1.5h left)... No artists.
[1786/6291] 'strut' (Est: 1.5h left)... Found 2.
[1787/6291] 'bergen indie' (Est: 1.5h left)... No artists.
[1788/6291] 'tagalog worship' (Est: 1.5h left)... No artists.
[1789/6291] 'country gospel' (Est: 1.5h left)... Found 29.
[1790/6291] 'dark cabaret' (Est: 1.5h left)... Found 32.
[1791/6291] 'folclore salteno' (Est: 1.5h left)... No artists.
[1792/6291] 'progressive psytrance' (Est: 1.5h left)... Found 50.
[1793/6291] 'dark wave' (Est: 1.5h left)... Found 50.
[1794/6291] 'ska revival' (Est: 1.5h left)...❌ Exception for tag 'ska revival': ('Connection aborted.', ConnectionResetError(104, 'Connection reset by peer'))
 Found 3.
[1795/6291] 'corridos belicos' (Est: 1.5h left)... No artists.
[1796/6291] 'new comedy' (Est: 1.5h left)... No artists.
[1797/6291] 'russian edm' (Est: 1.5h left)... No artists.
[1798/6291] 'ecuadorian pop' (Est: 1.5h left)... No artists.
[1799/6291] 'roda de samba' (Est: 1.5h left)...❌ Exception for tag 'roda de samba': ('Connection aborted.', ConnectionResetError(104, 'Connection reset by peer'))
 No artists.
[1800/6291] 'fado' (Est: 1.5h left)... Found 50.
💾 Checkpoint saved (18497 entities)
[1801/6291] 'post-screamo' (Est: 1.5h left)... Found 6.
[1802/6291] 'vintage french electronic' (Est: 1.5h left)... No artists.
[1803/6291] 'carnaval cadiz' (Est: 1.5h left)... No artists.
[1804/6291] 'pastoral' (Est: 1.5h left)... Found 4.
[1805/6291] 'acoustic rock' (Est: 1.5h left)... Found 50.
[1806/6291] 'rock independant francais' (Est: 1.5h left)... No artists.
[1807/6291] 'texas pop punk' (Est: 1.5h left)... No artists.
[1808/6291] 'alternative roots rock' (Est: 1.5h left)... Found 3.
[1809/6291] 'japanese post-hardcore' (Est: 1.5h left)... No artists.
[1810/6291] 'nova musica pernambucana' (Est: 1.5h left)... No artists.
[1811/6291] 'slovak hip hop' (Est: 1.5h left)... No artists.
[1812/6291] 'musica sinaloense' (Est: 1.5h left)... No artists.
[1813/6291] 'comedy rock' (Est: 1.5h left)... Found 50.
[1814/6291] 'colombian indie' (Est: 1.5h left)... No artists.
[1815/6291] 'volksmusik' (Est: 1.5h left)... Found 7.
[1816/6291] 'belo horizonte indie' (Est: 1.5h left)... No artists.
[1817/6291] 'ostrock' (Est: 1.5h left)... Found 13.
[1818/6291] 'israeli hip hop' (Est: 1.5h left)... No artists.
[1819/6291] 'vbs' (Est: 1.5h left)... No artists.
[1820/6291] 'xtra raw' (Est: 1.5h left)... No artists.
[1821/6291] 'musica per bambini' (Est: 1.5h left)... No artists.
[1822/6291] 'louvor' (Est: 1.5h left)... No artists.
[1823/6291] 'french jazz' (Est: 1.5h left)... Found 2.
[1824/6291] 'hard bass' (Est: 1.5h left)... Found 1.
[1825/6291] 'world devotional' (Est: 1.5h left)... No artists.
[1826/6291] 'industrial hip hop' (Est: 1.5h left)... Found 44.
[1827/6291] 'russian hyperpop' (Est: 1.5h left)... Found 1.
[1828/6291] 'japanese metalcore' (Est: 1.5h left)... No artists.
[1829/6291] 'german oi' (Est: 1.5h left)... Found 2.
[1830/6291] 'nepali pop' (Est: 1.5h left)... No artists.
[1831/6291] 'sinhala pop' (Est: 1.5h left)... No artists.
[1832/6291] 'darksynth' (Est: 1.5h left)... Found 50.
[1833/6291] 'korean indie rock' (Est: 1.5h left)... No artists.
[1834/6291] 'gregorian chant' (Est: 1.5h left)... Found 10.
[1835/6291] 'mambo' (Est: 1.5h left)... Found 29.
[1836/6291] 'deep talent show' (Est: 1.5h left)... No artists.
[1837/6291] 'miami bass' (Est: 1.5h left)... Found 31.
[1838/6291] 'vietnamese singer-songwriter' (Est: 1.5h left)... No artists.
[1839/6291] 'classic thai pop' (Est: 1.5h left)... No artists.
[1840/6291] 'argentine punk' (Est: 1.5h left)... No artists.
[1841/6291] 'samba reggae' (Est: 1.5h left)... Found 4.
[1842/6291] 'turkish soundtrack' (Est: 1.5h left)... No artists.
[1843/6291] 'musica andina' (Est: 1.5h left)... Found 1.
[1844/6291] 'chinese idol pop' (Est: 1.5h left)... No artists.
[1845/6291] 'kansas city hip hop' (Est: 1.5h left)... No artists.
[1846/6291] 'steampunk' (Est: 1.5h left)... Found 32.
[1847/6291] 'experimental ambient' (Est: 1.5h left)... Found 13.
[1848/6291] 'deathgrass' (Est: 1.5h left)... No artists.
[1849/6291] 'drain' (Est: 1.5h left)... Found 6.
[1850/6291] 'russian viral rap' (Est: 1.5h left)... No artists.
💾 Checkpoint saved (18782 entities)
[1851/6291] 'j-ambient' (Est: 1.5h left)... No artists.
[1852/6291] 'banjo' (Est: 1.5h left)... Found 29.
[1853/6291] 'cancion infantil mexicana' (Est: 1.5h left)... No artists.
[1854/6291] 'solfeggio product' (Est: 1.5h left)... No artists.
[1855/6291] 'slamming deathcore' (Est: 1.5h left)... Found 7.
[1856/6291] 'classic polish pop' (Est: 1.5h left)... No artists.
[1857/6291] 'turkce kadin rap' (Est: 1.5h left)... No artists.
[1858/6291] 'norwegian rock' (Est: 1.5h left)... Found 3.
[1859/6291] 'jungle' (Est: 1.5h left)... Found 50.
[1860/6291] 'ecm-style jazz' (Est: 1.5h left)... Found 8.
[1861/6291] 'abstract beats' (Est: 1.5h left)... Found 2.
[1862/6291] 'cello' (Est: 1.5h left)... Found 50.
[1863/6291] 'ukrainian phonk' (Est: 1.5h left)...❌ Exception for tag 'ukrainian phonk': ('Connection aborted.', ConnectionResetError(104, 'Connection reset by peer'))
 No artists.
[1864/6291] 'saxophone house' (Est: 1.5h left)... No artists.
[1865/6291] 'south african trap' (Est: 1.5h left)... No artists.
[1866/6291] 'nottingham hip hop' (Est: 1.5h left)... No artists.
[1867/6291] 'reggae cover' (Est: 1.5h left)... No artists.
[1868/6291] 'old school bassline' (Est: 1.5h left)... Found 1.
[1869/6291] 'polish alternative rock' (Est: 1.5h left)... Found 1.
[1870/6291] 'rock quebecois' (Est: 1.5h left)... Found 1.
[1871/6291] 'indonesian ska' (Est: 1.5h left)... No artists.
[1872/6291] 'australian r&b' (Est: 1.5h left)... Found 1.
[1873/6291] 'emo mexicano' (Est: 1.5h left)... No artists.
[1874/6291] 'islamic recitation' (Est: 1.5h left)... No artists.
[1875/6291] 'english baroque' (Est: 1.5h left)... No artists.
[1876/6291] 'uk tech house' (Est: 1.5h left)... No artists.
[1877/6291] 'australian post-hardcore' (Est: 1.5h left)... No artists.
[1878/6291] 'synthesizer' (Est: 1.5h left)... Found 50.
[1879/6291] 'deep new americana' (Est: 1.5h left)... No artists.
[1880/6291] 'russian underground rap' (Est: 1.5h left)... No artists.
[1881/6291] 'dark rock' (Est: 1.5h left)... Found 31.
[1882/6291] 'dark post-punk' (Est: 1.5h left)... Found 1.
[1883/6291] 'old school dancehall' (Est: 1.5h left)... Found 1.
[1884/6291] 'doom metal' (Est: 1.5h left)... Found 50.
[1885/6291] 'musica poblana' (Est: 1.5h left)... No artists.
[1886/6291] 'italian tenor' (Est: 1.5h left)... Found 24.
[1887/6291] 'canadian classical' (Est: 1.5h left)... Found 1.
[1888/6291] 'classical tenor' (Est: 1.5h left)... No artists.
[1889/6291] 'swedish americana' (Est: 1.5h left)... No artists.
[1890/6291] 'swedish melodic rock' (Est: 1.5h left)... No artists.
[1891/6291] 'dangdut remix' (Est: 1.5h left)... No artists.
[1892/6291] 'crossover thrash' (Est: 1.5h left)... Found 50.
[1893/6291] 'russian rave' (Est: 1.5h left)... No artists.
[1894/6291] 'musica potosina' (Est: 1.5h left)... No artists.
[1895/6291] 'sacramento hip hop' (Est: 1.5h left)... No artists.
[1896/6291] 'german indie folk' (Est: 1.5h left)... No artists.
[1897/6291] 'north east england indie' (Est: 1.5h left)... No artists.
[1898/6291] 'punk rock mexicano' (Est: 1.5h left)... No artists.
[1899/6291] 'psicodelia brasileira' (Est: 1.5h left)... No artists.
[1900/6291] 'josei rap' (Est: 1.5h left)... No artists.
💾 Checkpoint saved (19102 entities)
[1901/6291] 'japanese instrumental' (Est: 1.5h left)... No artists.
[1902/6291] 'bakersfield sound' (Est: 1.5h left)... Found 6.
[1903/6291] 'korean old school hip hop' (Est: 1.5h left)... No artists.
[1904/6291] 'korean talent show' (Est: 1.5h left)... No artists.
[1905/6291] 'chinese hip hop' (Est: 1.5h left)... Found 1.
[1906/6291] 'tex-mex' (Est: 1.5h left)... Found 14.
[1907/6291] 'anime cv' (Est: 1.5h left)... No artists.
[1908/6291] 'city pop' (Est: 1.5h left)... Found 50.
[1909/6291] 'deutschrock' (Est: 1.5h left)... Found 26.
[1910/6291] 'drill brasileiro' (Est: 1.5h left)... No artists.
[1911/6291] 'kawaii metal' (Est: 1.5h left)... Found 19.
[1912/6291] 'canadian metalcore' (Est: 1.5h left)... No artists.
[1913/6291] 'groove gospel' (Est: 1.5h left)... No artists.
[1914/6291] 'jewish pop' (Est: 1.5h left)... No artists.
[1915/6291] 'orgcore' (Est: 1.5h left)... Found 1.
[1916/6291] 'classic belgian pop' (Est: 1.5h left)... No artists.
[1917/6291] 'brazilian metal' (Est: 1.5h left)... Found 13.
[1918/6291] 'ballet class' (Est: 1.5h left)... No artists.
[1919/6291] 'musica catalana' (Est: 1.5h left)... No artists.
[1920/6291] 'kindie rock' (Est: 1.5h left)... No artists.
[1921/6291] 'musica neoleonesa' (Est: 1.5h left)... No artists.
[1922/6291] 'indian fusion' (Est: 1.5h left)... Found 2.
[1923/6291] 'carnatic' (Est: 1.5h left)... Found 25.
[1924/6291] 'popwave' (Est: 1.5h left)... Found 13.
[1925/6291] 'nottingham indie' (Est: 1.5h left)... No artists.
[1926/6291] 'psychedelic pop' (Est: 1.5h left)... Found 50.
[1927/6291] 'battle rap' (Est: 1.5h left)... Found 34.
[1928/6291] 'classic j-rock' (Est: 1.5h left)... Found 1.
[1929/6291] 'indonesian post-hardcore' (Est: 1.5h left)... No artists.
[1930/6291] 'nightrun' (Est: 1.5h left)... Found 1.
[1931/6291] 'albuquerque indie' (Est: 1.5h left)... No artists.
[1932/6291] 'irish country' (Est: 1.5h left)... No artists.
[1933/6291] 'portuguese rock' (Est: 1.5h left)... Found 3.
[1934/6291] 'roots americana' (Est: 1.5h left)... Found 1.
[1935/6291] 'brazilian indie' (Est: 1.5h left)...❌ Exception for tag 'brazilian indie': ('Connection aborted.', ConnectionResetError(104, 'Connection reset by peer'))
 Found 4.
[1936/6291] 'glam punk' (Est: 1.5h left)... Found 41.
[1937/6291] 'brazilian emo' (Est: 1.5h left)... No artists.
[1938/6291] 'brit funk' (Est: 1.5h left)... Found 12.
[1939/6291] 'alabama indie' (Est: 1.5h left)... No artists.
[1940/6291] 'western swing' (Est: 1.5h left)... Found 47.
[1941/6291] 'cumbia lagunera' (Est: 1.4h left)...❌ Exception for tag 'cumbia lagunera': ('Connection aborted.', ConnectionResetError(104, 'Connection reset by peer'))
❌ Exception for tag 'cumbia lagunera': ('Connection aborted.', ConnectionResetError(104, 'Connection reset by peer'))
 No artists.
[1942/6291] 'malaysian indie' (Est: 1.4h left)... No artists.
[1943/6291] 'post-metal' (Est: 1.4h left)... Found 50.
[1944/6291] 'french metal' (Est: 1.4h left)... Found 45.
[1945/6291] 'classic norwegian pop' (Est: 1.4h left)... No artists.
[1946/6291] 'australian singer-songwriter' (Est: 1.4h left)... Found 2.
[1947/6291] '8d' (Est: 1.4h left)... No artists.
[1948/6291] 'blackened deathcore' (Est: 1.4h left)... Found 10.
[1949/6291] 'tololoche' (Est: 1.4h left)... No artists.
[1950/6291] 'classic persian pop' (Est: 1.4h left)... Found 1.
💾 Checkpoint saved (19463 entities)
[1951/6291] 'flamenco fusion' (Est: 1.4h left)... No artists.
[1952/6291] 'double drumming' (Est: 1.4h left)... No artists.
[1953/6291] 'brazilian soul' (Est: 1.4h left)... No artists.
[1954/6291] 'west coast reggae' (Est: 1.4h left)... Found 1.
[1955/6291] 'k-pop ballad' (Est: 1.4h left)... No artists.
[1956/6291] 'manila sound' (Est: 1.4h left)... Found 6.
[1957/6291] 'canadian children's music' (Est: 1.4h left)... No artists.
[1958/6291] 'jazz quartet' (Est: 1.4h left)... No artists.
[1959/6291] 'afro house' (Est: 1.4h left)... Found 50.
[1960/6291] 'singaporean singer-songwriter' (Est: 1.4h left)... No artists.
[1961/6291] 'sertanejo gospel' (Est: 1.4h left)... No artists.
[1962/6291] 'traditional country' (Est: 1.4h left)... Found 50.
[1963/6291] 'dabke' (Est: 1.4h left)... Found 4.
[1964/6291] 'lithuanian pop' (Est: 1.4h left)... Found 50.
[1965/6291] 'christian uplift' (Est: 1.4h left)... No artists.
[1966/6291] 'trop rock' (Est: 1.4h left)... Found 50.
[1967/6291] 'flint hip hop' (Est: 1.4h left)... No artists.
[1968/6291] 'trot' (Est: 1.4h left)... Found 40.
[1969/6291] 'rock alternativo espanol' (Est: 1.4h left)... No artists.
[1970/6291] 'virginia metal' (Est: 1.4h left)... Found 1.
[1971/6291] 'lds youth' (Est: 1.4h left)... No artists.
[1972/6291] 'chinese bgm' (Est: 1.4h left)... No artists.
[1973/6291] 'german viral rap' (Est: 1.4h left)... No artists.
[1974/6291] 'early avant garde' (Est: 1.4h left)... No artists.
[1975/6291] 'swedish jazz' (Est: 1.4h left)... No artists.
[1976/6291] 'cumbia andina mexicana' (Est: 1.4h left)... No artists.
[1977/6291] 'super eurobeat' (Est: 1.4h left)... No artists.
[1978/6291] 'novelty' (Est: 1.4h left)... Found 41.
[1979/6291] 'russian metal' (Est: 1.4h left)... No artists.
[1980/6291] 'witch house' (Est: 1.4h left)... Found 50.
[1981/6291] 'acoustic chill' (Est: 1.4h left)... Found 1.
[1982/6291] 'african rock' (Est: 1.4h left)... Found 1.
[1983/6291] 'tribal house' (Est: 1.4h left)... Found 41.
[1984/6291] 'space age pop' (Est: 1.4h left)... Found 28.
[1985/6291] 'uzbek pop' (Est: 1.4h left)... Found 2.
[1986/6291] 'finnish heavy metal' (Est: 1.4h left)... No artists.
[1987/6291] 'popping' (Est: 1.4h left)... Found 1.
[1988/6291] 'glitch' (Est: 1.4h left)... Found 50.
[1989/6291] 'zouk' (Est: 1.4h left)... Found 50.
[1990/6291] 'kawaii future bass' (Est: 1.4h left)... Found 27.
[1991/6291] 'musica alagoana' (Est: 1.4h left)... No artists.
[1992/6291] 'louisiana blues' (Est: 1.4h left)... Found 16.
[1993/6291] 'rap cristao' (Est: 1.4h left)...❌ Exception for tag 'rap cristao': ('Connection aborted.', ConnectionResetError(104, 'Connection reset by peer'))
 No artists.
[1994/6291] 'hip-hop experimental' (Est: 1.4h left)... No artists.
[1995/6291] 'norwegian metal' (Est: 1.4h left)... Found 3.
[1996/6291] 'klubowe' (Est: 1.4h left)... No artists.
[1997/6291] 'progressive jazz fusion' (Est: 1.4h left)... Found 1.
[1998/6291] '5th wave emo' (Est: 1.4h left)... Found 4.
[1999/6291] 'dansktop' (Est: 1.4h left)... Found 50.
[2000/6291] 'swiss pop' (Est: 1.4h left)... Found 1.
💾 Checkpoint saved (20006 entities)
[2001/6291] 'himachali pop' (Est: 1.4h left)...❌ Exception for tag 'himachali pop': ('Connection aborted.', ConnectionResetError(104, 'Connection reset by peer'))
 No artists.
[2002/6291] 'bongo flava' (Est: 1.4h left)... Found 13.
[2003/6291] 'deep chill' (Est: 1.4h left)... No artists.
[2004/6291] 'musica coahuilense' (Est: 1.4h left)... No artists.
[2005/6291] 'eurobeat' (Est: 1.4h left)... Found 50.
[2006/6291] 'braindance' (Est: 1.4h left)... Found 14.
[2007/6291] 'melodic hardcore' (Est: 1.4h left)... Found 50.
[2008/6291] 'latin funk' (Est: 1.4h left)... Found 7.
[2009/6291] 'modern jazz piano' (Est: 1.4h left)... Found 2.
[2010/6291] 'asbury park indie' (Est: 1.4h left)... Found 1.
[2011/6291] 'speed up brasileiro' (Est: 1.4h left)... No artists.
[2012/6291] 'rap anime' (Est: 1.4h left)... No artists.
[2013/6291] 'czech folk' (Est: 1.4h left)... No artists.
[2014/6291] 'trance brasileiro' (Est: 1.4h left)... No artists.
[2015/6291] 'pub rock' (Est: 1.4h left)... Found 50.
[2016/6291] 'czech pop rock' (Est: 1.4h left)... No artists.
[2017/6291] 'australian underground hip hop' (Est: 1.4h left)... Found 1.
[2018/6291] 'slovak pop' (Est: 1.4h left)... No artists.
[2019/6291] 'lds' (Est: 1.4h left)... Found 3.
[2020/6291] 'modern melodic hardcore' (Est: 1.4h left)... No artists.
[2021/6291] 'salsa choke' (Est: 1.4h left)... Found 6.
[2022/6291] 'relaxative' (Est: 1.4h left)... No artists.
[2023/6291] 'south african pop dance' (Est: 1.4h left)... No artists.
[2024/6291] 'birmingham hip hop' (Est: 1.4h left)... Found 1.
[2025/6291] 'ukrainian indie' (Est: 1.4h left)... Found 5.
[2026/6291] 'australian americana' (Est: 1.4h left)... No artists.
[2027/6291] 'emo trap en espanol' (Est: 1.4h left)... No artists.
[2028/6291] 'shabad' (Est: 1.4h left)... No artists.
[2029/6291] 'organic ambient' (Est: 1.4h left)... Found 22.
[2030/6291] 'thai folk pop' (Est: 1.4h left)... No artists.
[2031/6291] 'gabber' (Est: 1.4h left)... Found 50.
[2032/6291] 'bruneian pop' (Est: 1.4h left)... No artists.
[2033/6291] 'acoustic punk' (Est: 1.4h left)... Found 7.
[2034/6291] 'hardcore' (Est: 1.4h left)... Found 50.
[2035/6291] 'j-reggae' (Est: 1.4h left)... No artists.
[2036/6291] 'flute rock' (Est: 1.4h left)... No artists.
[2037/6291] 'dreampunk' (Est: 1.4h left)... Found 12.
[2038/6291] 'magyar alternative' (Est: 1.4h left)... No artists.
[2039/6291] 'norwegian country' (Est: 1.4h left)... No artists.
[2040/6291] 'maskandi' (Est: 1.4h left)... Found 1.
[2041/6291] 'banda carnavalera' (Est: 1.4h left)... No artists.
[2042/6291] 'afro drill' (Est: 1.4h left)... No artists.
[2043/6291] 'mathcore' (Est: 1.4h left)... Found 50.
[2044/6291] 'zouk riddim' (Est: 1.4h left)... No artists.
[2045/6291] 'groove room' (Est: 1.4h left)... No artists.
[2046/6291] 'israeli singer-songwriter' (Est: 1.4h left)... No artists.
[2047/6291] 'nu gabber' (Est: 1.4h left)... No artists.
[2048/6291] 'australian garage punk' (Est: 1.4h left)... Found 1.
[2049/6291] 'latin soundtrack' (Est: 1.4h left)... No artists.
[2050/6291] 'cologne hip hop' (Est: 1.4h left)... No artists.
💾 Checkpoint saved (20303 entities)
[2051/6291] 'cante flamenco' (Est: 1.4h left)... No artists.
[2052/6291] 'bouncy house' (Est: 1.4h left)... No artists.
[2053/6291] 'brazilian bass' (Est: 1.4h left)... Found 7.
[2054/6291] 'san marcos tx indie' (Est: 1.4h left)... No artists.
[2055/6291] 'dominican pop' (Est: 1.4h left)... Found 1.
[2056/6291] 'deconstructed club' (Est: 1.4h left)... Found 41.
[2057/6291] 'japanese shoegaze' (Est: 1.4h left)... No artists.
[2058/6291] 'azeri rap' (Est: 1.4h left)... No artists.
[2059/6291] 'tolkien metal' (Est: 1.4h left)... No artists.
[2060/6291] 'shred' (Est: 1.4h left)... Found 19.
[2061/6291] 'icelandic singer-songwriter' (Est: 1.4h left)... Found 1.
[2062/6291] 'talentschau' (Est: 1.4h left)... No artists.
[2063/6291] 'rap lyonnais' (Est: 1.4h left)... No artists.
[2064/6291] 'classic czech pop' (Est: 1.4h left)... No artists.
[2065/6291] 'psychobilly' (Est: 1.4h left)... Found 50.
[2066/6291] 'indian rock' (Est: 1.4h left)... Found 3.
[2067/6291] 'country blues' (Est: 1.4h left)... Found 50.
[2068/6291] 'tango' (Est: 1.4h left)... Found 50.
[2069/6291] 'hurdy-gurdy' (Est: 1.4h left)... Found 20.
[2070/6291] 'tone' (Est: 1.4h left)... Found 29.
[2071/6291] 'deep rai' (Est: 1.4h left)... No artists.
[2072/6291] 'math rock' (Est: 1.4h left)... Found 50.
[2073/6291] 'viet chill rap' (Est: 1.4h left)... No artists.
[2074/6291] 'yodeling' (Est: 1.4h left)... Found 5.
[2075/6291] 'malang indie' (Est: 1.4h left)... No artists.
[2076/6291] 'reggae gaucho' (Est: 1.4h left)... No artists.
[2077/6291] 'chilean hardcore' (Est: 1.4h left)... No artists.
[2078/6291] 'swedish garage rock' (Est: 1.4h left)...❌ Exception for tag 'swedish garage rock': ('Connection aborted.', ConnectionResetError(104, 'Connection reset by peer'))
 No artists.
[2079/6291] 'hyperpop francais' (Est: 1.4h left)... No artists.
[2080/6291] 'ukg revival' (Est: 1.4h left)... No artists.
[2081/6291] 'symphonic black metal' (Est: 1.4h left)... Found 50.
[2082/6291] 'classic greek pop' (Est: 1.4h left)... No artists.
[2083/6291] 'finnish melodeath' (Est: 1.4h left)... No artists.
[2084/6291] 'techno kayo' (Est: 1.4h left)... Found 28.
[2085/6291] 'rap baixada fluminense' (Est: 1.4h left)... No artists.
[2086/6291] 'shonen' (Est: 1.4h left)... No artists.
[2087/6291] 'electroclash' (Est: 1.4h left)... Found 50.
[2088/6291] 'karneval' (Est: 1.4h left)... No artists.
[2089/6291] 'nashville indie' (Est: 1.4h left)... No artists.
[2090/6291] 'zxc' (Est: 1.4h left)... No artists.
[2091/6291] 'mande pop' (Est: 1.4h left)... Found 1.
[2092/6291] 'finnish alternative rock' (Est: 1.4h left)... Found 1.
[2093/6291] 'ukrainian hip hop' (Est: 1.4h left)... Found 1.
[2094/6291] 'latintronica' (Est: 1.4h left)... No artists.
[2095/6291] 'german hyperpop' (Est: 1.4h left)... Found 1.
[2096/6291] 'r&b italiano' (Est: 1.4h left)... No artists.
[2097/6291] 'italian techno' (Est: 1.4h left)... No artists.
[2098/6291] 'bosnian pop' (Est: 1.4h left)... No artists.
[2099/6291] 'lithuanian edm' (Est: 1.4h left)... Found 11.
[2100/6291] 'belarusian indie' (Est: 1.4h left)... No artists.
💾 Checkpoint saved (20700 entities)
[2101/6291] 'lambadao' (Est: 1.4h left)... No artists.
[2102/6291] 'praise' (Est: 1.4h left)... Found 50.
[2103/6291] 'papuri' (Est: 1.4h left)... No artists.
[2104/6291] 'ebm' (Est: 1.4h left)... Found 50.
[2105/6291] 'brazilian boogie' (Est: 1.4h left)... No artists.
[2106/6291] 'dutch tech house' (Est: 1.4h left)... No artists.
[2107/6291] 'circuit' (Est: 1.4h left)... Found 6.
[2108/6291] 'punjabi lo-fi' (Est: 1.4h left)... No artists.
[2109/6291] 'christian lo-fi' (Est: 1.4h left)... Found 1.
[2110/6291] 'ukrainian classical' (Est: 1.4h left)... No artists.
[2111/6291] 'chamber psych' (Est: 1.4h left)... Found 2.
[2112/6291] 'vocal harmony group' (Est: 1.4h left)... No artists.
[2113/6291] 'pakistani indie' (Est: 1.4h left)... No artists.
[2114/6291] 'experimental classical' (Est: 1.4h left)... No artists.
[2115/6291] 'cumbia colombiana regia' (Est: 1.4h left)... No artists.
[2116/6291] 'polish reggae' (Est: 1.4h left)... No artists.
[2117/6291] 'german worship' (Est: 1.4h left)... No artists.
[2118/6291] 'puirt-a-beul' (Est: 1.4h left)... Found 1.
[2119/6291] 'fantasy' (Est: 1.4h left)... Found 50.
[2120/6291] 'reading indie' (Est: 1.4h left)... No artists.
[2121/6291] 'russian indie' (Est: 1.4h left)... Found 2.
[2122/6291] 'electro bailando' (Est: 1.4h left)... No artists.
[2123/6291] 'disco polo' (Est: 1.4h left)... Found 50.
[2124/6291] 'seiyu' (Est: 1.4h left)... Found 1.
[2125/6291] 'messianic praise' (Est: 1.4h left)... No artists.
[2126/6291] 'batak' (Est: 1.4h left)... No artists.
[2127/6291] 'indie catala' (Est: 1.4h left)... No artists.
[2128/6291] 'dutch r&b' (Est: 1.4h left)... No artists.
[2129/6291] 'turk sanat muzigi' (Est: 1.4h left)... Found 1.
[2130/6291] 'perth indie' (Est: 1.4h left)... No artists.
[2131/6291] 'chinese melodic rap' (Est: 1.4h left)... No artists.
[2132/6291] 'oktoberfest' (Est: 1.4h left)... No artists.
[2133/6291] 'belarusian hip hop' (Est: 1.4h left)... No artists.
[2134/6291] 'fogo pentecostal' (Est: 1.4h left)... No artists.
[2135/6291] 'ethnotronica' (Est: 1.4h left)... Found 1.
[2136/6291] 'polish punk' (Est: 1.4h left)... Found 3.
[2137/6291] 'microtonal' (Est: 1.4h left)... Found 45.
[2138/6291] 'cumbia ecuatoriana' (Est: 1.4h left)... No artists.
[2139/6291] 'anime piano' (Est: 1.4h left)... No artists.
[2140/6291] 'russian modern classical' (Est: 1.4h left)... No artists.
[2141/6291] 'japanese piano' (Est: 1.4h left)... No artists.
[2142/6291] 'swedish dancehall' (Est: 1.4h left)... No artists.
[2143/6291] 'swedish reggae' (Est: 1.4h left)... No artists.
[2144/6291] 'austin americana' (Est: 1.4h left)... No artists.
[2145/6291] 'indie rockism' (Est: 1.4h left)... No artists.
[2146/6291] 'euskal rock' (Est: 1.4h left)... Found 2.
[2147/6291] 'rap antillais' (Est: 1.4h left)... No artists.
[2148/6291] 'italian reggae' (Est: 1.4h left)... Found 1.
[2149/6291] 'high-tech minimal' (Est: 1.4h left)... No artists.
[2150/6291] 'ambient house' (Est: 1.4h left)... Found 45.
💾 Checkpoint saved (20961 entities)
[2151/6291] 'world fusion' (Est: 1.4h left)... Found 50.
[2152/6291] 'deep tech house' (Est: 1.4h left)... Found 1.
[2153/6291] 'rap siciliano' (Est: 1.4h left)... No artists.
[2154/6291] 'pop worship' (Est: 1.4h left)... No artists.
[2155/6291] 'moldovan pop' (Est: 1.4h left)... No artists.
[2156/6291] 'new italo disco' (Est: 1.4h left)... No artists.
[2157/6291] 'chill beats' (Est: 1.4h left)... Found 3.
[2158/6291] 'west end' (Est: 1.4h left)... No artists.
[2159/6291] 'melodic deathcore' (Est: 1.4h left)... Found 8.
[2160/6291] 'south african alternative' (Est: 1.4h left)... No artists.
[2161/6291] 'syrian pop' (Est: 1.4h left)... No artists.
[2162/6291] 'turkish modern jazz' (Est: 1.4h left)... No artists.
[2163/6291] 'uk post-punk revival' (Est: 1.4h left)... No artists.
[2164/6291] 'instrumental soul' (Est: 1.4h left)... Found 1.
[2165/6291] 'classic finnish pop' (Est: 1.4h left)... No artists.
[2166/6291] 'furry' (Est: 1.4h left)... Found 50.
[2167/6291] 'shatta' (Est: 1.4h left)... Found 2.
[2168/6291] 'musica gaucha' (Est: 1.4h left)... No artists.
[2169/6291] 'christian afrobeat' (Est: 1.4h left)... No artists.
[2170/6291] 'workout product' (Est: 1.4h left)... No artists.
[2171/6291] 'indie extremena' (Est: 1.4h left)... No artists.
[2172/6291] 'slovak rock' (Est: 1.4h left)... No artists.
[2173/6291] 'british jazz' (Est: 1.4h left)... Found 4.
[2174/6291] 'russian punk rock' (Est: 1.4h left)... No artists.
[2175/6291] 'ragga jungle' (Est: 1.4h left)... Found 15.
[2176/6291] 'oldschool deutschrap' (Est: 1.4h left)... Found 1.
[2177/6291] 'no wave' (Est: 1.4h left)... Found 50.
[2178/6291] 'orchestra' (Est: 1.4h left)... Found 50.
[2179/6291] 'california hardcore' (Est: 1.4h left)... Found 2.
[2180/6291] 'concurso de talentos argentino' (Est: 1.4h left)... No artists.
[2181/6291] 'swiss indie' (Est: 1.4h left)... No artists.
[2182/6291] 'british power metal' (Est: 1.4h left)... No artists.
[2183/6291] 'tanzanian pop' (Est: 1.4h left)... No artists.
[2184/6291] 'christelijk' (Est: 1.4h left)... Found 1.
[2185/6291] 'surf music' (Est: 1.4h left)... Found 4.
[2186/6291] 'lithuanian electronic' (Est: 1.4h left)... Found 31.
[2187/6291] 'honky tonk' (Est: 1.4h left)... Found 50.
[2188/6291] 'jump up' (Est: 1.4h left)... Found 13.
[2189/6291] 'rap romantico' (Est: 1.4h left)... No artists.
[2190/6291] 'funktronica' (Est: 1.4h left)... Found 15.
[2191/6291] 'thai indie' (Est: 1.4h left)... No artists.
[2192/6291] 'san diego rap' (Est: 1.4h left)... No artists.
[2193/6291] 'j-punk' (Est: 1.4h left)... Found 14.
[2194/6291] 'smutny rap' (Est: 1.4h left)... No artists.
[2195/6291] 'atlanta metal' (Est: 1.4h left)... No artists.
[2196/6291] 'mundart' (Est: 1.4h left)... Found 34.
[2197/6291] 'metal cover' (Est: 1.4h left)... Found 1.
[2198/6291] 'finnish death metal' (Est: 1.4h left)... Found 1.
[2199/6291] 'leicester indie' (Est: 1.4h left)... No artists.
[2200/6291] 'apostolic worship' (Est: 1.4h left)... No artists.
💾 Checkpoint saved (21315 entities)
[2201/6291] 'montreal indie' (Est: 1.4h left)... No artists.
[2202/6291] 'chanson paillarde' (Est: 1.4h left)... No artists.
[2203/6291] 'sevdah' (Est: 1.4h left)... Found 1.
[2204/6291] 'gypsy jazz' (Est: 1.4h left)... Found 50.
[2205/6291] 'hardvapour' (Est: 1.4h left)... Found 10.
[2206/6291] 'boston metal' (Est: 1.4h left)... No artists.
[2207/6291] 'brega saudade' (Est: 1.4h left)... No artists.
[2208/6291] 'timba' (Est: 1.4h left)... Found 13.
[2209/6291] 'delta blues' (Est: 1.4h left)... Found 50.
[2210/6291] 'speed up turkce' (Est: 1.4h left)... No artists.
[2211/6291] 'pinoy idol pop' (Est: 1.4h left)... No artists.
[2212/6291] 'musica cristiana guatemalteca' (Est: 1.4h left)... No artists.
[2213/6291] 'pirate' (Est: 1.4h left)... Found 27.
[2214/6291] 'funky house' (Est: 1.4h left)... Found 50.
[2215/6291] 'scottish indie rock' (Est: 1.4h left)... Found 1.
[2216/6291] 'techno' (Est: 1.4h left)... Found 50.
[2217/6291] 'southern gospel' (Est: 1.4h left)... Found 50.
[2218/6291] 'dariacore' (Est: 1.4h left)... Found 35.
[2219/6291] 'russian witch house' (Est: 1.4h left)... No artists.
[2220/6291] 'baglama' (Est: 1.4h left)... Found 2.
[2221/6291] 'classic bhangra' (Est: 1.4h left)... No artists.
[2222/6291] 'britpop revival' (Est: 1.4h left)... No artists.
[2223/6291] 'pinoy indie rock' (Est: 1.4h left)... No artists.
[2224/6291] 'khaleeji iraqi' (Est: 1.4h left)... No artists.
[2225/6291] 'hawaiian' (Est: 1.4h left)... Found 46.
[2226/6291] 'czech classical' (Est: 1.4h left)... No artists.
[2227/6291] 'free jazz' (Est: 1.4h left)... Found 50.
[2228/6291] 'acid house' (Est: 1.4h left)...❌ Exception for tag 'acid house': ('Connection aborted.', ConnectionResetError(104, 'Connection reset by peer'))
 Found 50.
[2229/6291] 'neo-traditional bluegrass' (Est: 1.4h left)... No artists.
[2230/6291] 'trap beats' (Est: 1.4h left)... No artists.
[2231/6291] 'huayno' (Est: 1.4h left)... Found 2.
[2232/6291] 'shibuya-kei' (Est: 1.4h left)... Found 35.
[2233/6291] 'denpa-kei' (Est: 1.4h left)... No artists.
[2234/6291] 'atlanta bass' (Est: 1.4h left)... No artists.
[2235/6291] 'french death metal' (Est: 1.4h left)... No artists.
[2236/6291] 'norwegian black metal' (Est: 1.4h left)... Found 7.
[2237/6291] 'comedie musicale' (Est: 1.4h left)... No artists.
[2238/6291] 'deathstep' (Est: 1.4h left)... Found 9.
[2239/6291] 'nz hip hop' (Est: 1.4h left)... Found 1.
[2240/6291] 'adventista' (Est: 1.4h left)... Found 2.
[2241/6291] 'japanese drill' (Est: 1.4h left)... No artists.
[2242/6291] 'finnish edm' (Est: 1.3h left)... No artists.
[2243/6291] 'barcadi' (Est: 1.3h left)... No artists.
[2244/6291] 'cocuk sarkilari' (Est: 1.3h left)... No artists.
[2245/6291] 'underground power pop' (Est: 1.3h left)... No artists.
[2246/6291] 'indonesian indie rock' (Est: 1.3h left)... No artists.
[2247/6291] 'funk melody' (Est: 1.3h left)... Found 5.
[2248/6291] 'deep minimal techno' (Est: 1.3h left)... No artists.
[2249/6291] 'atmospheric black metal' (Est: 1.3h left)... Found 50.
[2250/6291] 'musica llanera' (Est: 1.3h left)... Found 3.
💾 Checkpoint saved (21809 entities)
[2251/6291] 'nasyid' (Est: 1.3h left)... Found 3.
[2252/6291] 'polish old school hip hop' (Est: 1.3h left)... No artists.
[2253/6291] 'southern metal' (Est: 1.3h left)... Found 46.
[2254/6291] 'lesen' (Est: 1.3h left)... No artists.
[2255/6291] 'classic punjabi pop' (Est: 1.3h left)... No artists.
[2256/6291] 'jacksonville indie' (Est: 1.3h left)... No artists.
[2257/6291] 'japanese pop rap' (Est: 1.3h left)... No artists.
[2258/6291] 'cantautora argentina' (Est: 1.3h left)... No artists.
[2259/6291] 'garhwali pop' (Est: 1.3h left)... No artists.
[2260/6291] 'carnatic vocal' (Est: 1.3h left)... No artists.
[2261/6291] 'norwegian singer-songwriter' (Est: 1.3h left)... No artists.
[2262/6291] 'nederreggae' (Est: 1.3h left)... No artists.
[2263/6291] 'rap francais nouvelle vague' (Est: 1.3h left)... No artists.
[2264/6291] 'venezuelan indie' (Est: 1.3h left)... No artists.
[2265/6291] 'german ska' (Est: 1.3h left)... No artists.
[2266/6291] 'canadian old school hip hop' (Est: 1.3h left)... No artists.
[2267/6291] 'nueva ola chilena' (Est: 1.3h left)... No artists.
[2268/6291] 'k-rock' (Est: 1.3h left)... Found 12.
[2269/6291] 'punk 'n' roll' (Est: 1.3h left)... Found 4.
[2270/6291] 'minneapolis indie' (Est: 1.3h left)... Found 1.
[2271/6291] 'handpan' (Est: 1.3h left)... Found 7.
[2272/6291] 'canadian celtic' (Est: 1.3h left)... No artists.
[2273/6291] 'yogyakarta indie' (Est: 1.3h left)... No artists.
[2274/6291] 'hyperpop en espanol' (Est: 1.3h left)... No artists.
[2275/6291] 'pakistani folk' (Est: 1.3h left)... Found 3.
[2276/6291] 'irish hip hop' (Est: 1.3h left)... No artists.
[2277/6291] 'japanese indie pop' (Est: 1.3h left)... No artists.
[2278/6291] 'chaotic hardcore' (Est: 1.3h left)... Found 39.
[2279/6291] 'classic malaysian pop' (Est: 1.3h left)... No artists.
[2280/6291] 'harmonica blues' (Est: 1.3h left)... Found 5.
[2281/6291] 'jamgrass' (Est: 1.3h left)... Found 3.
[2282/6291] 'us power metal' (Est: 1.3h left)... Found 42.
[2283/6291] 'bangla pop' (Est: 1.3h left)... No artists.
[2284/6291] 'trap cristao' (Est: 1.3h left)... No artists.
[2285/6291] 'vintage jazz' (Est: 1.3h left)... No artists.
[2286/6291] 'malayalam hip hop' (Est: 1.3h left)... No artists.
[2287/6291] 'poezja spiewana' (Est: 1.3h left)... Found 1.
[2288/6291] 'rap montrealais' (Est: 1.3h left)... No artists.
[2289/6291] 'boston punk' (Est: 1.3h left)... No artists.
[2290/6291] 'jazz house' (Est: 1.3h left)... Found 15.
[2291/6291] 'fingerstyle' (Est: 1.3h left)... Found 40.
[2292/6291] 'baltimore hip hop' (Est: 1.3h left)... Found 1.
[2293/6291] 'drone metal' (Est: 1.3h left)... Found 50.
[2294/6291] 'musica nayarita' (Est: 1.3h left)... No artists.
[2295/6291] 'indonesian edm' (Est: 1.3h left)... No artists.
[2296/6291] 'german ccm' (Est: 1.3h left)... No artists.
[2297/6291] 'folklore ecuatoriano' (Est: 1.3h left)... No artists.
[2298/6291] 'riddim' (Est: 1.3h left)... Found 50.
[2299/6291] 'japanese screamo' (Est: 1.3h left)... No artists.
[2300/6291] 'indiana hip hop' (Est: 1.3h left)... No artists.
💾 Checkpoint saved (22125 entities)
[2301/6291] 'nepali indie' (Est: 1.3h left)... No artists.
[2302/6291] 'fluxwork' (Est: 1.3h left)... Found 1.
[2303/6291] 'indonesian blues' (Est: 1.3h left)... No artists.
[2304/6291] 'futurepop' (Est: 1.3h left)... Found 50.
[2305/6291] 'estonian hip hop' (Est: 1.3h left)... No artists.
[2306/6291] 'neurofunk' (Est: 1.3h left)... Found 50.
[2307/6291] 'vlaamse kinderliedje' (Est: 1.3h left)... No artists.
[2308/6291] 'michigan indie' (Est: 1.3h left)... Found 1.
[2309/6291] 'classic dubstep' (Est: 1.3h left)... No artists.
[2310/6291] 'french psychedelic' (Est: 1.3h left)... No artists.
[2311/6291] 'psychill' (Est: 1.3h left)... Found 33.
[2312/6291] 'czech punk' (Est: 1.3h left)... No artists.
[2313/6291] 'russian viral pop' (Est: 1.3h left)... No artists.
[2314/6291] 'american contemporary classical' (Est: 1.3h left)... Found 1.
[2315/6291] 'burmese pop' (Est: 1.3h left)... Found 4.
[2316/6291] 'russian folk rock' (Est: 1.3h left)... No artists.
[2317/6291] 'twee pop' (Est: 1.3h left)... Found 50.
[2318/6291] 'rai algerien' (Est: 1.3h left)... No artists.
[2319/6291] 'chinderlieder' (Est: 1.3h left)... No artists.
[2320/6291] 'vietnamese idol pop' (Est: 1.3h left)... No artists.
[2321/6291] 'pittsburgh indie' (Est: 1.3h left)... No artists.
[2322/6291] 'sovietwave' (Est: 1.3h left)... Found 19.
[2323/6291] 'symphonic power metal' (Est: 1.3h left)... Found 50.
[2324/6291] 'bristol indie' (Est: 1.3h left)... No artists.
[2325/6291] 'australian talent show' (Est: 1.3h left)... No artists.
[2326/6291] 'speed plug brasileiro' (Est: 1.3h left)... No artists.
[2327/6291] 'new orleans blues' (Est: 1.3h left)... Found 12.
[2328/6291] 'futuristic swag' (Est: 1.3h left)... No artists.
[2329/6291] 'manchester indie' (Est: 1.3h left)... Found 1.
[2330/6291] 'mexican edm' (Est: 1.3h left)... No artists.
[2331/6291] 'geek folk' (Est: 1.3h left)... No artists.
[2332/6291] 'skansk musik' (Est: 1.3h left)... No artists.
[2333/6291] 'scottish electronic' (Est: 1.3h left)... Found 1.
[2334/6291] 'kompa' (Est: 1.3h left)... Found 4.
[2335/6291] 'malian blues' (Est: 1.3h left)... No artists.
[2336/6291] 'substep' (Est: 1.3h left)... Found 1.
[2337/6291] 'rumba congolaise' (Est: 1.3h left)... No artists.
[2338/6291] 'classic bangla pop' (Est: 1.3h left)... No artists.
[2339/6291] 'british modern classical' (Est: 1.3h left)... No artists.
[2340/6291] 'classical performance' (Est: 1.3h left)... Found 1.
[2341/6291] 'kundalini' (Est: 1.3h left)... No artists.
[2342/6291] 'norwegian classical' (Est: 1.3h left)... No artists.
[2343/6291] 'kurdish hip hop' (Est: 1.3h left)... No artists.
[2344/6291] 'gaita zuliana' (Est: 1.3h left)... Found 2.
[2345/6291] 'african gospel' (Est: 1.3h left)... Found 2.
[2346/6291] 'balkan beats' (Est: 1.3h left)... Found 3.
[2347/6291] 'cumbia amazonica' (Est: 1.3h left)... Found 1.
[2348/6291] 'wyoming roots' (Est: 1.3h left)... No artists.
[2349/6291] 'latin house' (Est: 1.3h left)... Found 26.
[2350/6291] 'japanese dance pop' (Est: 1.3h left)... No artists.
💾 Checkpoint saved (22414 entities)
[2351/6291] 'grand rapids indie' (Est: 1.3h left)... No artists.
[2352/6291] 'semarang indie' (Est: 1.3h left)... No artists.
[2353/6291] 'san diego indie' (Est: 1.3h left)... Found 1.
[2354/6291] 'touhou' (Est: 1.3h left)... Found 50.
[2355/6291] 'ndombolo' (Est: 1.3h left)... Found 1.
[2356/6291] 'hinos ccb' (Est: 1.3h left)... No artists.
[2357/6291] 'electric bass' (Est: 1.3h left)... Found 7.
[2358/6291] 'epa dunk' (Est: 1.3h left)... No artists.
[2359/6291] 'cumbia salvadorena' (Est: 1.3h left)... No artists.
[2360/6291] 'dutch drill' (Est: 1.3h left)... No artists.
[2361/6291] 'dmv rap' (Est: 1.3h left)... Found 1.
[2362/6291] 'abstract' (Est: 1.3h left)... Found 50.
[2363/6291] 'russian chanson' (Est: 1.3h left)... Found 32.
[2364/6291] 'swedish progressive metal' (Est: 1.3h left)... No artists.
[2365/6291] 'rap regio' (Est: 1.3h left)... No artists.
[2366/6291] 'serbian hip hop' (Est: 1.3h left)... Found 2.
[2367/6291] 'medieval folk' (Est: 1.3h left)... Found 30.
[2368/6291] 'cumbia uruguaya' (Est: 1.3h left)... No artists.
[2369/6291] 'enka' (Est: 1.3h left)...❌ Exception for tag 'enka': ('Connection aborted.', ConnectionResetError(104, 'Connection reset by peer'))
 Found 50.
[2370/6291] 'swiss rock' (Est: 1.3h left)... Found 2.
[2371/6291] 'chill out' (Est: 1.3h left)... Found 49.
[2372/6291] 'hong kong indie' (Est: 1.3h left)... No artists.
[2373/6291] 'bozlak' (Est: 1.3h left)... No artists.
[2374/6291] 'japanese chill rap' (Est: 1.3h left)... No artists.
[2375/6291] 'russian dance pop' (Est: 1.3h left)... Found 1.
[2376/6291] 'leipzig electronic' (Est: 1.3h left)... No artists.
[2377/6291] 'horrorcore' (Est: 1.3h left)... Found 50.
[2378/6291] 'galante era' (Est: 1.3h left)...❌ Exception for tag 'galante era': ('Connection aborted.', ConnectionResetError(104, 'Connection reset by peer'))
❌ Exception for tag 'galante era': ('Connection aborted.', ConnectionResetError(104, 'Connection reset by peer'))
❌ Exception for tag 'galante era': ('Connection aborted.', ConnectionResetError(104, 'Connection reset by peer'))
 No artists.
[2379/6291] 'croatian rock' (Est: 1.3h left)... No artists.
[2380/6291] 'nova musica carioca' (Est: 1.3h left)... No artists.
[2381/6291] 'psychedelic folk' (Est: 1.3h left)... Found 50.
[2382/6291] '21st century classical' (Est: 1.3h left)... Found 2.
[2383/6291] 'brazilian classical' (Est: 1.3h left)... Found 1.
[2384/6291] 'tempe indie' (Est: 1.3h left)... No artists.
[2385/6291] 'vintage tollywood' (Est: 1.3h left)... No artists.
[2386/6291] 'folclor colombiano' (Est: 1.3h left)... No artists.
[2387/6291] 'neo-traditional country' (Est: 1.3h left)... Found 27.
[2388/6291] 'nantes indie' (Est: 1.3h left)... No artists.
[2389/6291] 'rock piauiense' (Est: 1.3h left)... No artists.
[2390/6291] 'norske viser' (Est: 1.3h left)... No artists.
[2391/6291] 'experimental vocal' (Est: 1.3h left)... No artists.
[2392/6291] 'south carolina indie' (Est: 1.3h left)... No artists.
[2393/6291] 'deathrash' (Est: 1.3h left)...❌ Exception for tag 'deathrash': ('Connection aborted.', ConnectionResetError(104, 'Connection reset by peer'))
 Found 1.
[2394/6291] 'alternative pop' (Est: 1.3h left)... Found 50.
[2395/6291] 'american modern classical' (Est: 1.3h left)...❌ Exception for tag 'american modern classical': ('Connection aborted.', ConnectionResetError(104, 'Connection reset by peer'))
 No artists.
[2396/6291] 'african reggae' (Est: 1.3h left)... No artists.
[2397/6291] 'pagan black metal' (Est: 1.3h left)... Found 50.
[2398/6291] 'palestinian hip hop' (Est: 1.3h left)... No artists.
[2399/6291] 'kleinkunst' (Est: 1.3h left)... Found 50.
[2400/6291] 'sung poetry' (Est: 1.3h left)... Found 7.
💾 Checkpoint saved (22853 entities)
[2401/6291] 'virgin islands reggae' (Est: 1.3h left)... Found 1.
[2402/6291] 'paisley underground' (Est: 1.3h left)... Found 13.
[2403/6291] 'viet lo-fi' (Est: 1.3h left)... No artists.
[2404/6291] 'trova mexicana' (Est: 1.3h left)... No artists.
[2405/6291] 'springfield mo indie' (Est: 1.3h left)... No artists.
[2406/6291] 'russian reggae' (Est: 1.3h left)...❌ Exception for tag 'russian reggae': ('Connection aborted.', ConnectionResetError(104, 'Connection reset by peer'))
 No artists.
[2407/6291] 'grindcore' (Est: 1.3h left)... Found 50.
[2408/6291] 'alaska indie' (Est: 1.3h left)... No artists.
[2409/6291] 'finnish drill' (Est: 1.3h left)... No artists.
[2410/6291] 'christian punk' (Est: 1.3h left)...❌ Exception for tag 'christian punk': ('Connection aborted.', ConnectionResetError(104, 'Connection reset by peer'))
 Found 5.
[2411/6291] 'italian metal' (Est: 1.3h left)... Found 11.
[2412/6291] 'folclore santiagueno' (Est: 1.3h left)... No artists.
[2413/6291] 'flamenco guitar' (Est: 1.3h left)...❌ Exception for tag 'flamenco guitar': ('Connection aborted.', ConnectionResetError(104, 'Connection reset by peer'))
 Found 5.
[2414/6291] 'kompa gouyad' (Est: 1.3h left)... No artists.
[2415/6291] 'jamtronica' (Est: 1.3h left)... Found 3.
[2416/6291] 'ontario indie' (Est: 1.3h left)... No artists.
[2417/6291] 'japanese indie rock' (Est: 1.3h left)...❌ Exception for tag 'japanese indie rock': ('Connection aborted.', ConnectionResetError(104, 'Connection reset by peer'))
 No artists.
[2418/6291] 'canadian post-hardcore' (Est: 1.3h left)... No artists.
[2419/6291] 'techengue' (Est: 1.3h left)... No artists.
[2420/6291] 'tape club' (Est: 1.3h left)... No artists.
[2421/6291] 'anime latino' (Est: 1.3h left)... No artists.
[2422/6291] 'huapango' (Est: 1.3h left)... Found 5.
[2423/6291] 'chinese electropop' (Est: 1.3h left)... No artists.
[2424/6291] 'japanese folk' (Est: 1.3h left)... Found 3.
[2425/6291] 'kenyan pop' (Est: 1.3h left)... No artists.
[2426/6291] 'memphis blues' (Est: 1.3h left)... Found 2.
[2427/6291] 'german punk rock' (Est: 1.3h left)... Found 1.
[2428/6291] 'modern jazz trio' (Est: 1.3h left)... No artists.
[2429/6291] 'dark disco' (Est: 1.3h left)... Found 15.
[2430/6291] 'oc indie' (Est: 1.3h left)... No artists.
[2431/6291] 'folklore surero' (Est: 1.3h left)... No artists.
[2432/6291] 'jazz rock' (Est: 1.3h left)... Found 50.
[2433/6291] 'kingston on indie' (Est: 1.3h left)... No artists.
[2434/6291] 'thai viral pop' (Est: 1.3h left)... No artists.
[2435/6291] 'malay rap' (Est: 1.3h left)... Found 1.
[2436/6291] 'bubblegum bass' (Est: 1.3h left)...❌ Exception for tag 'bubblegum bass': ('Connection aborted.', ConnectionResetError(104, 'Connection reset by peer'))
 Found 18.
[2437/6291] 'dutch americana' (Est: 1.3h left)... No artists.
[2438/6291] 'modern hardcore' (Est: 1.3h left)... Found 2.
[2439/6291] 'rap maromba' (Est: 1.3h left)... No artists.
[2440/6291] 'brazilian house' (Est: 1.3h left)... No artists.
[2441/6291] 'pop peruano' (Est: 1.3h left)... No artists.
[2442/6291] 'musica campechana' (Est: 1.3h left)... No artists.
[2443/6291] 'musica popular paraense' (Est: 1.3h left)... No artists.
[2444/6291] 'vintage schlager' (Est: 1.3h left)... No artists.
[2445/6291] 'melodic groove metal' (Est: 1.3h left)...❌ Exception for tag 'melodic groove metal': ('Connection aborted.', ConnectionResetError(104, 'Connection reset by peer'))
 Found 12.
[2446/6291] 'azeri pop' (Est: 1.3h left)... Found 1.
[2447/6291] 'aggrotech' (Est: 1.3h left)... Found 50.
[2448/6291] 'vgm remix' (Est: 1.3h left)... No artists.
[2449/6291] 'musica oaxaquena' (Est: 1.3h left)... No artists.
[2450/6291] 'middle east hip hop' (Est: 1.3h left)... No artists.
💾 Checkpoint saved (23061 entities)
[2451/6291] 'kannada hip hop' (Est: 1.3h left)... No artists.
[2452/6291] 'french movie tunes' (Est: 1.3h left)... No artists.
[2453/6291] 'italian tech house' (Est: 1.3h left)... No artists.
[2454/6291] 'dream trance' (Est: 1.3h left)... Found 15.
[2455/6291] 'boogaloo' (Est: 1.3h left)... Found 15.
[2456/6291] 'mod revival' (Est: 1.3h left)... Found 14.
[2457/6291] 'raw techno' (Est: 1.3h left)... No artists.
[2458/6291] 'gaian doom' (Est: 1.3h left)... No artists.
[2459/6291] 'nu age' (Est: 1.3h left)... Found 3.
[2460/6291] 'salsa international' (Est: 1.3h left)... No artists.
[2461/6291] 'swedish metalcore' (Est: 1.3h left)... Found 1.
[2462/6291] 'collage pop' (Est: 1.3h left)... No artists.
[2463/6291] 'arab trap' (Est: 1.3h left)... No artists.
[2464/6291] 'thai folk' (Est: 1.3h left)... Found 1.
[2465/6291] 'horror synth' (Est: 1.3h left)... Found 18.
[2466/6291] 'champeta' (Est: 1.3h left)... Found 34.
[2467/6291] 'tallava' (Est: 1.3h left)... Found 1.
[2468/6291] 'cuban alternative' (Est: 1.3h left)... No artists.
[2469/6291] 'american post-rock' (Est: 1.3h left)... Found 1.
[2470/6291] 'alberta country' (Est: 1.3h left)... No artists.
[2471/6291] 'classical piano' (Est: 1.3h left)... Found 6.
[2472/6291] 'zespol dzieciecy' (Est: 1.3h left)... No artists.
[2473/6291] 'copla' (Est: 1.3h left)... Found 13.
[2474/6291] 'kodomo no ongaku' (Est: 1.3h left)... No artists.
[2475/6291] 'musica popular mineira' (Est: 1.3h left)... No artists.
[2476/6291] 'musica maranhense' (Est: 1.3h left)... No artists.
[2477/6291] 'drift' (Est: 1.3h left)... Found 50.
[2478/6291] 'swiss hip hop' (Est: 1.3h left)... No artists.
[2479/6291] 'hokkaido indie' (Est: 1.3h left)... No artists.
[2480/6291] 'fremantle indie' (Est: 1.3h left)... No artists.
[2481/6291] 'bogor indie' (Est: 1.3h left)... No artists.
[2482/6291] 'early music ensemble' (Est: 1.3h left)... Found 1.
[2483/6291] 'kurdish folk' (Est: 1.3h left)... Found 2.
[2484/6291] 'uk post-hardcore' (Est: 1.3h left)... No artists.
[2485/6291] 'chinese minyao' (Est: 1.3h left)... No artists.
[2486/6291] 'singing bowl' (Est: 1.3h left)... Found 1.
[2487/6291] 'danish alternative rock' (Est: 1.3h left)... Found 1.
[2488/6291] 'kenyan r&b' (Est: 1.3h left)... No artists.
[2489/6291] 'alternative ccm' (Est: 1.3h left)... No artists.
[2490/6291] 'folklore boliviano' (Est: 1.3h left)... No artists.
[2491/6291] 'soukous' (Est: 1.3h left)... Found 50.
[2492/6291] 'huayno peruano' (Est: 1.3h left)... No artists.
[2493/6291] 'blackgaze' (Est: 1.3h left)... Found 50.
[2494/6291] 'military rap' (Est: 1.3h left)... No artists.
[2495/6291] 'cumbia surena' (Est: 1.3h left)... No artists.
[2496/6291] 'psychedelic doom' (Est: 1.3h left)... Found 29.
[2497/6291] 'south african jazz' (Est: 1.3h left)... Found 2.
[2498/6291] 'musica juiz-forana' (Est: 1.3h left)... No artists.
[2499/6291] 'instrumental bluegrass' (Est: 1.3h left)... No artists.
[2500/6291] 'neue volksmusik' (Est: 1.3h left)... Found 2.
💾 Checkpoint saved (23314 entities)
[2501/6291] 'chopped and screwed' (Est: 1.3h left)... Found 22.
[2502/6291] 'norwegian trap' (Est: 1.3h left)... No artists.
[2503/6291] 'israeli folk' (Est: 1.3h left)... No artists.
[2504/6291] 'instrumental math rock' (Est: 1.3h left)... No artists.
[2505/6291] 'fidget house' (Est: 1.3h left)... Found 9.
[2506/6291] 'funky tech house' (Est: 1.3h left)... Found 1.
[2507/6291] 'beach house' (Est: 1.3h left)... Found 3.
[2508/6291] 'malaysian hip hop' (Est: 1.3h left)...❌ Exception for tag 'malaysian hip hop': ('Connection aborted.', ConnectionResetError(104, 'Connection reset by peer'))
 Found 1.
[2509/6291] 'german jazz rap' (Est: 1.3h left)... No artists.
[2510/6291] 'taiwan idol pop' (Est: 1.3h left)... No artists.
[2511/6291] 'uk desi rap' (Est: 1.3h left)... No artists.
[2512/6291] 'oriental metal' (Est: 1.3h left)... Found 17.
[2513/6291] 'rajasthani pop' (Est: 1.3h left)... No artists.
[2514/6291] 'ukrainian electronic' (Est: 1.3h left)... No artists.
[2515/6291] 'electro dub' (Est: 1.3h left)... Found 10.
[2516/6291] 'japanese ska' (Est: 1.3h left)... No artists.
[2517/6291] 'irish metal' (Est: 1.3h left)... Found 3.
[2518/6291] 'jirai kei' (Est: 1.3h left)... Found 1.
[2519/6291] 'new tribe' (Est: 1.3h left)... No artists.
[2520/6291] 'lo-fi brasileiro' (Est: 1.3h left)... No artists.
[2521/6291] 'turntablism' (Est: 1.3h left)... Found 50.
[2522/6291] 'new england emo' (Est: 1.3h left)... No artists.
[2523/6291] 'latincore' (Est: 1.3h left)... No artists.
[2524/6291] 'jumpstyle' (Est: 1.3h left)... Found 18.
[2525/6291] 'hauntology' (Est: 1.3h left)... Found 25.
[2526/6291] 'zouglou' (Est: 1.3h left)...❌ Exception for tag 'zouglou': ('Connection aborted.', ConnectionResetError(104, 'Connection reset by peer'))
 Found 4.
[2527/6291] 'igbo pop' (Est: 1.3h left)... No artists.
[2528/6291] 'french indie folk' (Est: 1.3h left)... No artists.
[2529/6291] 'dreamgaze' (Est: 1.3h left)... Found 11.
[2530/6291] 'arkansas hip hop' (Est: 1.3h left)... No artists.
[2531/6291] 'children's choir' (Est: 1.3h left)... Found 2.
[2532/6291] 'riddim dubstep' (Est: 1.3h left)... Found 50.
[2533/6291] 'olympia wa indie' (Est: 1.3h left)... No artists.
[2534/6291] 'korean singer-songwriter' (Est: 1.3h left)... No artists.
[2535/6291] 'orthodox chant' (Est: 1.3h left)... No artists.
[2536/6291] 'new delhi indie' (Est: 1.3h left)... No artists.
[2537/6291] 'hong kong rock' (Est: 1.3h left)... Found 33.
[2538/6291] 'dc hardcore' (Est: 1.3h left)... No artists.
[2539/6291] 'elektropunk' (Est: 1.3h left)... Found 4.
[2540/6291] 'melbourne indie' (Est: 1.3h left)... No artists.
[2541/6291] 'rock viet' (Est: 1.2h left)... No artists.
[2542/6291] 'viet remix' (Est: 1.2h left)... No artists.
[2543/6291] 'chanson virale' (Est: 1.2h left)... No artists.
[2544/6291] 'north carolina indie' (Est: 1.2h left)... No artists.
[2545/6291] 'luk thung' (Est: 1.2h left)... Found 48.
[2546/6291] 'corridos cristianos' (Est: 1.2h left)... No artists.
[2547/6291] 'garage pop' (Est: 1.2h left)... Found 32.
[2548/6291] 'scottish metal' (Est: 1.2h left)... Found 1.
[2549/6291] 'hard motivation' (Est: 1.2h left)... No artists.
[2550/6291] 'norwegian jazz' (Est: 1.2h left)... Found 1.
💾 Checkpoint saved (23608 entities)
[2551/6291] 'bluegrass gospel' (Est: 1.2h left)... Found 16.
[2552/6291] 'motivation' (Est: 1.2h left)... Found 6.
[2553/6291] 'electro trash' (Est: 1.2h left)... No artists.
[2554/6291] 'musica canaria' (Est: 1.2h left)... No artists.
[2555/6291] 'russian ska' (Est: 1.2h left)... No artists.
[2556/6291] 'chanson quebecois' (Est: 1.2h left)... No artists.
[2557/6291] 'instrumental acoustic guitar' (Est: 1.2h left)... No artists.
[2558/6291] 'progressive trance house' (Est: 1.2h left)... No artists.
[2559/6291] 'trinibad' (Est: 1.2h left)... Found 3.
[2560/6291] 'piratenmuziek' (Est: 1.2h left)... No artists.
[2561/6291] 'speed garage' (Est: 1.2h left)...❌ Exception for tag 'speed garage': ('Connection aborted.', ConnectionResetError(104, 'Connection reset by peer'))
 Found 15.
[2562/6291] 'swedish heavy metal' (Est: 1.2h left)... No artists.
[2563/6291] 'clean comedy' (Est: 1.2h left)... No artists.
[2564/6291] 'japanese jazz' (Est: 1.2h left)... Found 3.
[2565/6291] 'bolobedu house' (Est: 1.2h left)... No artists.
[2566/6291] 'greek indie' (Est: 1.2h left)... Found 1.
[2567/6291] 'nyhc' (Est: 1.2h left)... Found 6.
[2568/6291] 'spanish synthpop' (Est: 1.2h left)... No artists.
[2569/6291] 'balearic' (Est: 1.2h left)... Found 31.
[2570/6291] 'reunion pop' (Est: 1.2h left)... No artists.
[2571/6291] 'doujin' (Est: 1.2h left)... Found 50.
[2572/6291] 'hindustani classical' (Est: 1.2h left)... Found 50.
[2573/6291] 'downtempo bass' (Est: 1.2h left)... Found 1.
[2574/6291] 'latin ska' (Est: 1.2h left)... Found 4.
[2575/6291] 'early synthpop' (Est: 1.2h left)... No artists.
[2576/6291] 'azeri traditional' (Est: 1.2h left)... No artists.
[2577/6291] 'western americana' (Est: 1.2h left)... No artists.
[2578/6291] 'hard industrial techno' (Est: 1.2h left)... No artists.
[2579/6291] 'bounce' (Est: 1.2h left)... Found 40.
[2580/6291] 'hip hop timur' (Est: 1.2h left)... No artists.
[2581/6291] 'classic portuguese pop' (Est: 1.2h left)... No artists.
[2582/6291] 'peruvian indie' (Est: 1.2h left)... No artists.
[2583/6291] 'auteur-compositeur-interprete quebecois' (Est: 1.2h left)... No artists.
[2584/6291] 'shojo' (Est: 1.2h left)... No artists.
[2585/6291] 'oceania soundtrack' (Est: 1.2h left)... No artists.
[2586/6291] 'minimal wave' (Est: 1.2h left)... Found 50.
[2587/6291] 'belgian techno' (Est: 1.2h left)... Found 24.
[2588/6291] 'cuban rumba' (Est: 1.2h left)... No artists.
[2589/6291] 'cumbia editada' (Est: 1.2h left)... No artists.
[2590/6291] 'indie platense' (Est: 1.2h left)...❌ Exception for tag 'indie platense': ('Connection aborted.', ConnectionResetError(104, 'Connection reset by peer'))
 No artists.
[2591/6291] 'classic nz pop' (Est: 1.2h left)... No artists.
[2592/6291] 'adoracion pentecostal' (Est: 1.2h left)...❌ Exception for tag 'adoracion pentecostal': ('Connection aborted.', ConnectionResetError(104, 'Connection reset by peer'))
 No artists.
[2593/6291] 'deep smooth jazz' (Est: 1.2h left)... No artists.
[2594/6291] 'korean dream pop' (Est: 1.2h left)... No artists.
[2595/6291] 'brass band' (Est: 1.2h left)...❌ Exception for tag 'brass band': ('Connection aborted.', ConnectionResetError(104, 'Connection reset by peer'))
❌ Exception for tag 'brass band': ('Connection aborted.', ConnectionResetError(104, 'Connection reset by peer'))
 Found 50.
[2596/6291] 'polish metal' (Est: 1.2h left)... Found 2.
[2597/6291] 'hel' (Est: 1.2h left)... No artists.
[2598/6291] 'florida death metal' (Est: 1.2h left)... No artists.
[2599/6291] 'talentkonkurranse' (Est: 1.2h left)... No artists.
[2600/6291] 'ambient idm' (Est: 1.2h left)... Found 2.
💾 Checkpoint saved (23913 entities)
[2601/6291] 'italian lounge' (Est: 1.2h left)... No artists.
[2602/6291] 'techno rave' (Est: 1.2h left)... No artists.
[2603/6291] 'future bounce' (Est: 1.2h left)... Found 13.
[2604/6291] 'acid techno' (Est: 1.2h left)... Found 50.
[2605/6291] 'ballroom' (Est: 1.2h left)... Found 11.
[2606/6291] 'hong kong hip hop' (Est: 1.2h left)... No artists.
[2607/6291] 'queercore' (Est: 1.2h left)... Found 50.
[2608/6291] 'musica criolla' (Est: 1.2h left)... Found 13.
[2609/6291] 'bornesange' (Est: 1.2h left)...❌ Exception for tag 'bornesange': ('Connection aborted.', ConnectionResetError(104, 'Connection reset by peer'))
 No artists.
[2610/6291] 'classic k-pop' (Est: 1.2h left)... No artists.
[2611/6291] 'musica instrumental cristiana' (Est: 1.2h left)... No artists.
[2612/6291] 'euskal musica' (Est: 1.2h left)... No artists.
[2613/6291] 'musical advocacy' (Est: 1.2h left)... Found 1.
[2614/6291] 'straight edge' (Est: 1.2h left)... Found 48.
[2615/6291] 'opera' (Est: 1.2h left)... Found 50.
[2616/6291] 'thai teen pop' (Est: 1.2h left)... No artists.
[2617/6291] 'cdmx indie' (Est: 1.2h left)... No artists.
[2618/6291] 'scottish folk' (Est: 1.2h left)... Found 15.
[2619/6291] 'freak folk' (Est: 1.2h left)... Found 50.
[2620/6291] 'progressive uplifting trance' (Est: 1.2h left)... No artists.
[2621/6291] 'kawaii edm' (Est: 1.2h left)...❌ Exception for tag 'kawaii edm': ('Connection aborted.', ConnectionResetError(104, 'Connection reset by peer'))
 No artists.
[2622/6291] 'guitarra mexicana' (Est: 1.2h left)... No artists.
[2623/6291] 'canto popular uruguayo' (Est: 1.2h left)... No artists.
[2624/6291] 'french baroque' (Est: 1.2h left)... No artists.
[2625/6291] 'cha-cha-cha' (Est: 1.2h left)... Found 1.
[2626/6291] 'utopian virtual' (Est: 1.2h left)... Found 6.
[2627/6291] 'dakke dak' (Est: 1.2h left)... No artists.
[2628/6291] 'danseband' (Est: 1.2h left)... Found 1.
[2629/6291] 'rap underground colombiano' (Est: 1.2h left)... No artists.
[2630/6291] 'channel islands indie' (Est: 1.2h left)... Found 1.
[2631/6291] 'orebro indie' (Est: 1.2h left)... No artists.
[2632/6291] 'experimental bass' (Est: 1.2h left)... Found 2.
[2633/6291] 'french folk pop' (Est: 1.2h left)... No artists.
[2634/6291] 'chinese drama ost' (Est: 1.2h left)... No artists.
[2635/6291] 'salsa cubana' (Est: 1.2h left)... Found 1.
[2636/6291] 'acid jazz' (Est: 1.2h left)... Found 50.
[2637/6291] 'sudanese pop' (Est: 1.2h left)... No artists.
[2638/6291] 'southern soul blues' (Est: 1.2h left)... No artists.
[2639/6291] 'power-pop punk' (Est: 1.2h left)... No artists.
[2640/6291] 'cape town indie' (Est: 1.2h left)... No artists.
[2641/6291] 'brutal deathcore' (Est: 1.2h left)... Found 17.
[2642/6291] 'progressive sludge' (Est: 1.2h left)... Found 2.
[2643/6291] 'nuevo folklore argentino' (Est: 1.2h left)... No artists.
[2644/6291] 'philly drill' (Est: 1.2h left)... Found 2.
[2645/6291] 'classic progressive house' (Est: 1.2h left)... No artists.
[2646/6291] 'comptine' (Est: 1.2h left)... No artists.
[2647/6291] 'african-american classical' (Est: 1.2h left)...❌ Exception for tag 'african-american classical': ('Connection aborted.', ConnectionResetError(104, 'Connection reset by peer'))
 No artists.
[2648/6291] 'native american contemporary' (Est: 1.2h left)... No artists.
[2649/6291] 'doomgaze' (Est: 1.2h left)... Found 37.
[2650/6291] 'black thrash' (Est: 1.2h left)... Found 14.
💾 Checkpoint saved (24257 entities)
[2651/6291] 'folklore peruano' (Est: 1.2h left)... No artists.
[2652/6291] 'dutch singer-songwriter' (Est: 1.2h left)... No artists.
[2653/6291] 'chinese manyao' (Est: 1.2h left)... No artists.
[2654/6291] 'louisville indie' (Est: 1.2h left)... No artists.
[2655/6291] 'nerdcore' (Est: 1.2h left)... Found 50.
[2656/6291] 'london indie' (Est: 1.2h left)... Found 1.
[2657/6291] 'orlando indie' (Est: 1.2h left)... No artists.
[2658/6291] 'zikir' (Est: 1.2h left)... Found 1.
[2659/6291] 'brazilian thrash metal' (Est: 1.2h left)... No artists.
[2660/6291] 'brazilian punk rock' (Est: 1.2h left)... No artists.
[2661/6291] 'stride' (Est: 1.2h left)...❌ Exception for tag 'stride': ('Connection aborted.', ConnectionResetError(104, 'Connection reset by peer'))
 Found 19.
[2662/6291] 'contemporary gospel' (Est: 1.2h left)... Found 50.
[2663/6291] 'tech trance' (Est: 1.2h left)... Found 32.
[2664/6291] 'harpsichord' (Est: 1.2h left)... Found 15.
[2665/6291] 'trap metal italiana' (Est: 1.2h left)... No artists.
[2666/6291] 'reggae catala' (Est: 1.2h left)... No artists.
[2667/6291] 'classic japanese jazz' (Est: 1.2h left)... Found 1.
[2668/6291] 'turkce remix' (Est: 1.2h left)... No artists.
[2669/6291] 'synth punk' (Est: 1.2h left)... Found 50.
[2670/6291] 'musica andina chilena' (Est: 1.2h left)... No artists.
[2671/6291] 'telugu folk' (Est: 1.2h left)... No artists.
[2672/6291] 'neo-progressive' (Est: 1.2h left)... Found 50.
[2673/6291] 'canzone genovese' (Est: 1.2h left)... No artists.
[2674/6291] 'tin pan alley' (Est: 1.2h left)... Found 2.
[2675/6291] 'japanese math rock' (Est: 1.2h left)... Found 1.
[2676/6291] 'italian power metal' (Est: 1.2h left)... No artists.
[2677/6291] 'jump blues' (Est: 1.2h left)... Found 50.
[2678/6291] 'west coast trap' (Est: 1.2h left)... No artists.
[2679/6291] 'calypso' (Est: 1.2h left)... Found 50.
[2680/6291] 'ethiopian pop' (Est: 1.2h left)... Found 1.
[2681/6291] 'new england americana' (Est: 1.2h left)... No artists.
[2682/6291] 'renaissance' (Est: 1.2h left)... Found 50.
[2683/6291] 'morna' (Est: 1.2h left)... Found 2.
[2684/6291] 'rabindra sangeet' (Est: 1.2h left)... Found 2.
[2685/6291] 'avant-garde metal' (Est: 1.2h left)... Found 50.
[2686/6291] 'sgija' (Est: 1.2h left)... No artists.
[2687/6291] 'gbvfi' (Est: 1.2h left)... No artists.
[2688/6291] 'desert blues' (Est: 1.2h left)... Found 21.
[2689/6291] 'musique urbaine kinshasa' (Est: 1.2h left)...❌ Exception for tag 'musique urbaine kinshasa': ('Connection aborted.', ConnectionResetError(104, 'Connection reset by peer'))
 No artists.
[2690/6291] 'german post-hardcore' (Est: 1.2h left)... No artists.
[2691/6291] 'argentine ambient' (Est: 1.2h left)... No artists.
[2692/6291] 'mashup' (Est: 1.2h left)... Found 50.
[2693/6291] 'afrobeat brasileiro' (Est: 1.2h left)... No artists.
[2694/6291] 'space ambient' (Est: 1.2h left)... Found 50.
[2695/6291] 'classic nepali pop' (Est: 1.2h left)... No artists.
[2696/6291] 'swiss metal' (Est: 1.2h left)... No artists.
[2697/6291] 'rap motywacja' (Est: 1.2h left)... No artists.
[2698/6291] 'modern ska punk' (Est: 1.2h left)... Found 1.
[2699/6291] 'arabic jazz' (Est: 1.2h left)... Found 7.
[2700/6291] 'french worship' (Est: 1.2h left)...❌ Exception for tag 'french worship': ('Connection aborted.', ConnectionResetError(104, 'Connection reset by peer'))
 No artists.
💾 Checkpoint saved (24772 entities)
[2701/6291] 'welsh indie' (Est: 1.2h left)... Found 1.
[2702/6291] 'anarcho-punk' (Est: 1.2h left)...❌ Exception for tag 'anarcho-punk': ('Connection aborted.', ConnectionResetError(104, 'Connection reset by peer'))
 Found 50.
[2703/6291] 'antilliaanse rap' (Est: 1.2h left)... No artists.
[2704/6291] 'rebetiko' (Est: 1.2h left)... Found 24.
[2705/6291] 'spacewave' (Est: 1.2h left)... Found 2.
[2706/6291] 'japanese rockabilly' (Est: 1.2h left)... No artists.
[2707/6291] 'glasgow indie' (Est: 1.2h left)... No artists.
[2708/6291] 'jazz trombone' (Est: 1.2h left)... No artists.
[2709/6291] 'dark hardcore' (Est: 1.2h left)... Found 2.
[2710/6291] 'canadian indie folk' (Est: 1.2h left)... No artists.
[2711/6291] 'sevillanas' (Est: 1.2h left)...❌ Exception for tag 'sevillanas': ('Connection aborted.', ConnectionResetError(104, 'Connection reset by peer'))
 Found 17.
[2712/6291] 'hard alternative' (Est: 1.2h left)... Found 15.
[2713/6291] 'toronto rap' (Est: 1.2h left)... No artists.
[2714/6291] 'japanese jazz fusion' (Est: 1.2h left)... Found 1.
[2715/6291] 'kasi rap' (Est: 1.2h left)...❌ Exception for tag 'kasi rap': ('Connection aborted.', ConnectionResetError(104, 'Connection reset by peer'))
 Found 1.
[2716/6291] 'russian alternative rock' (Est: 1.2h left)... No artists.
[2717/6291] 'asheville indie' (Est: 1.2h left)... No artists.
[2718/6291] 'forro tradicional' (Est: 1.2h left)... No artists.
[2719/6291] '528hz' (Est: 1.2h left)... No artists.
[2720/6291] 'kabyle' (Est: 1.2h left)... Found 2.
[2721/6291] 'german show tunes' (Est: 1.2h left)... No artists.
[2722/6291] 'musik anak-anak' (Est: 1.2h left)... No artists.
[2723/6291] 'cowpunk' (Est: 1.2h left)... Found 36.
[2724/6291] 'kannada pop' (Est: 1.2h left)... No artists.
[2725/6291] 'nu skool breaks' (Est: 1.2h left)... Found 9.
[2726/6291] 'necrotrap' (Est: 1.2h left)... Found 4.
[2727/6291] 'chanson humoristique' (Est: 1.2h left)... No artists.
[2728/6291] 'plugg francais' (Est: 1.2h left)... No artists.
[2729/6291] 'classical guitar' (Est: 1.2h left)... Found 21.
[2730/6291] 'german jazz' (Est: 1.2h left)... Found 3.
[2731/6291] 'cedm' (Est: 1.2h left)... Found 1.
[2732/6291] 'porro' (Est: 1.2h left)... Found 2.
[2733/6291] 'plena uruguaya' (Est: 1.2h left)... No artists.
[2734/6291] 'trap maroc' (Est: 1.2h left)...❌ Exception for tag 'trap maroc': ('Connection aborted.', ConnectionResetError(104, 'Connection reset by peer'))
 No artists.
[2735/6291] 'lo-fi latino' (Est: 1.2h left)... No artists.
[2736/6291] 'rap angolano' (Est: 1.2h left)... Found 1.
[2737/6291] 'musica nicaraguense' (Est: 1.2h left)... No artists.
[2738/6291] 'carimbo' (Est: 1.2h left)... Found 5.
[2739/6291] 'melanesian pop' (Est: 1.2h left)... No artists.
[2740/6291] 'taiwan punk' (Est: 1.2h left)... No artists.
[2741/6291] 'balochi pop' (Est: 1.2h left)... No artists.
[2742/6291] 'egg punk' (Est: 1.2h left)... Found 19.
[2743/6291] 'estonian pop' (Est: 1.2h left)... No artists.
[2744/6291] 'rogaland musikk' (Est: 1.2h left)...❌ Exception for tag 'rogaland musikk': ('Connection aborted.', ConnectionResetError(104, 'Connection reset by peer'))
 No artists.
[2745/6291] 'popgaze' (Est: 1.2h left)...❌ Exception for tag 'popgaze': ('Connection aborted.', ConnectionResetError(104, 'Connection reset by peer'))
 No artists.
[2746/6291] 'italian folk metal' (Est: 1.2h left)... No artists.
[2747/6291] 'danish modern jazz' (Est: 1.2h left)... No artists.
[2748/6291] 'russian metalcore' (Est: 1.2h left)... No artists.
[2749/6291] 'ecuadorian indie' (Est: 1.2h left)... No artists.
[2750/6291] 'irish indie rock' (Est: 1.2h left)... No artists.
💾 Checkpoint saved (24972 entities)
[2751/6291] 'rap criolo' (Est: 1.2h left)... No artists.
[2752/6291] 'american post-punk' (Est: 1.2h left)... No artists.
[2753/6291] 'indie cordoba' (Est: 1.2h left)... No artists.
[2754/6291] 'nordic folk' (Est: 1.2h left)... Found 13.
[2755/6291] 'socal indie' (Est: 1.2h left)... No artists.
[2756/6291] 'metal mineiro' (Est: 1.2h left)... No artists.
[2757/6291] 'fussball' (Est: 1.2h left)... No artists.
[2758/6291] 'anime drill' (Est: 1.2h left)... No artists.
[2759/6291] 'japanese jazztronica' (Est: 1.2h left)... Found 2.
[2760/6291] 'nordic folk metal' (Est: 1.2h left)... No artists.
[2761/6291] 'brazilian progressive metal' (Est: 1.2h left)... No artists.
[2762/6291] 'vancouver punk' (Est: 1.2h left)... No artists.
[2763/6291] 'oi' (Est: 1.2h left)... Found 50.
[2764/6291] 'children's story' (Est: 1.2h left)... No artists.
[2765/6291] 'arab folk' (Est: 1.2h left)... No artists.
[2766/6291] 'streektaal' (Est: 1.2h left)... No artists.
[2767/6291] 'bulgarian trap' (Est: 1.2h left)... No artists.
[2768/6291] 'belgian singer-songwriter' (Est: 1.2h left)... No artists.
[2769/6291] 'queer country' (Est: 1.2h left)...❌ Exception for tag 'queer country': ('Connection aborted.', ConnectionResetError(104, 'Connection reset by peer'))
 Found 3.
[2770/6291] 'indie curitibano' (Est: 1.2h left)... No artists.
[2771/6291] 'chinese indie rock' (Est: 1.2h left)... No artists.
[2772/6291] 'kyrgyz hip hop' (Est: 1.2h left)... No artists.
[2773/6291] 'italian progressive rock' (Est: 1.2h left)... Found 1.
[2774/6291] 'cuatro venezolano' (Est: 1.2h left)... No artists.
[2775/6291] 'vgm instrumental' (Est: 1.2h left)... No artists.
[2776/6291] 'seemannslieder' (Est: 1.2h left)... No artists.
[2777/6291] 'suomirap' (Est: 1.2h left)... No artists.
[2778/6291] 'k-pop reality show' (Est: 1.2h left)... No artists.
[2779/6291] 'rap italiano old school' (Est: 1.2h left)... No artists.
[2780/6291] 'finnish classical' (Est: 1.2h left)... No artists.
[2781/6291] 'underground rap' (Est: 1.2h left)... Found 30.
[2782/6291] 'hyperpop brasileiro' (Est: 1.2h left)... No artists.
[2783/6291] 'mexican metal' (Est: 1.2h left)... Found 2.
[2784/6291] 'musica sarda' (Est: 1.2h left)... Found 1.
[2785/6291] 'men chika' (Est: 1.2h left)... No artists.
[2786/6291] 'manso indie' (Est: 1.2h left)... No artists.
[2787/6291] 'russian indie rock' (Est: 1.2h left)... Found 1.
[2788/6291] 'danish indie pop' (Est: 1.2h left)... No artists.
[2789/6291] 'kundiman' (Est: 1.2h left)... Found 1.
[2790/6291] 'dungeon synth' (Est: 1.2h left)... Found 50.
[2791/6291] 'sinhala indie' (Est: 1.2h left)... No artists.
[2792/6291] 'frankfurt electronic' (Est: 1.2h left)... No artists.
[2793/6291] 'nashville americana' (Est: 1.2h left)... No artists.
[2794/6291] 'malaysian tamil pop' (Est: 1.2h left)... No artists.
[2795/6291] 'balkan brass' (Est: 1.2h left)... Found 4.
[2796/6291] 'metal guitar' (Est: 1.2h left)... No artists.
[2797/6291] 'polish post-punk' (Est: 1.2h left)... Found 1.
[2798/6291] 'hip hop cubano' (Est: 1.2h left)... No artists.
[2799/6291] 'mbalax' (Est: 1.2h left)... Found 10.
[2800/6291] 'boy pop' (Est: 1.2h left)... Found 1.
💾 Checkpoint saved (25160 entities)
[2801/6291] 'tekno' (Est: 1.2h left)... Found 15.
[2802/6291] 'vintage dutch pop' (Est: 1.2h left)... No artists.
[2803/6291] 'goregrind' (Est: 1.2h left)... Found 50.
[2804/6291] 'czsk viral pop' (Est: 1.2h left)... No artists.
[2805/6291] 'brazilian groove metal' (Est: 1.2h left)... No artists.
[2806/6291] 'gainesville indie' (Est: 1.2h left)... No artists.
[2807/6291] 'bolero cubano' (Est: 1.2h left)... No artists.
[2808/6291] 'classic greek rock' (Est: 1.2h left)... No artists.
[2809/6291] 'latvian pop' (Est: 1.2h left)... Found 8.
[2810/6291] 'ritmo kombina' (Est: 1.2h left)... No artists.
[2811/6291] 'nz electronic' (Est: 1.2h left)... No artists.
[2812/6291] 'persian electronic' (Est: 1.2h left)... No artists.
[2813/6291] 'spanish classical' (Est: 1.2h left)... Found 4.
[2814/6291] 'dayton indie' (Est: 1.2h left)... No artists.
[2815/6291] 'electro-industrial' (Est: 1.2h left)... Found 50.
[2816/6291] 'irish indie' (Est: 1.2h left)... Found 1.
[2817/6291] 'japanese power metal' (Est: 1.2h left)... No artists.
[2818/6291] 'bayerischer rap' (Est: 1.2h left)... No artists.
[2819/6291] 'argentine indie rock' (Est: 1.2h left)... No artists.
[2820/6291] 'soulful house' (Est: 1.2h left)... Found 12.
[2821/6291] 'turkce trap metal' (Est: 1.2h left)... No artists.
[2822/6291] 'keroncong' (Est: 1.2h left)... Found 5.
[2823/6291] 'progressive death metal' (Est: 1.2h left)... Found 50.
[2824/6291] 'mallsoft' (Est: 1.2h left)... Found 11.
[2825/6291] 'elephant 6' (Est: 1.2h left)... Found 20.
[2826/6291] 'israeli trap' (Est: 1.2h left)...❌ Exception for tag 'israeli trap': ('Connection aborted.', ConnectionResetError(104, 'Connection reset by peer'))
 No artists.
[2827/6291] 'bulgarian hip hop' (Est: 1.2h left)... No artists.
[2828/6291] 'man's orchestra' (Est: 1.2h left)... No artists.
[2829/6291] 'ulkucu sarkilar' (Est: 1.2h left)... No artists.
[2830/6291] 'marathi traditional' (Est: 1.2h left)... No artists.
[2831/6291] 'avant-garde jazz' (Est: 1.2h left)...❌ Exception for tag 'avant-garde jazz': ('Connection aborted.', ConnectionResetError(104, 'Connection reset by peer'))
 Found 50.
[2832/6291] 'folklore paraguayo' (Est: 1.2h left)... No artists.
[2833/6291] 'world chill' (Est: 1.2h left)... Found 1.
[2834/6291] 'indie shoegaze' (Est: 1.2h left)... No artists.
[2835/6291] 'spanish invasion' (Est: 1.2h left)... No artists.
[2836/6291] 'south african deep house' (Est: 1.2h left)... No artists.
[2837/6291] 'cambridgeshire indie' (Est: 1.2h left)... No artists.
[2838/6291] 'merengue tipico' (Est: 1.2h left)... Found 1.
[2839/6291] 'bali indie' (Est: 1.2h left)... No artists.
[2840/6291] 'country quebecois' (Est: 1.2h left)... Found 2.
[2841/6291] 'tropical tecladista' (Est: 1.1h left)... No artists.
[2842/6291] 'chicago pop punk' (Est: 1.1h left)... No artists.
[2843/6291] 'ska jazz' (Est: 1.1h left)... Found 5.
[2844/6291] 'gothabilly' (Est: 1.1h left)... Found 4.
[2845/6291] 'japanese celtic' (Est: 1.1h left)... No artists.
[2846/6291] 'cristiana para ninos' (Est: 1.1h left)... No artists.
[2847/6291] 'nova canco' (Est: 1.1h left)... Found 4.
[2848/6291] 'north carolina emo' (Est: 1.1h left)... No artists.
[2849/6291] 'german boom bap' (Est: 1.1h left)... Found 1.
[2850/6291] 'post-post-hardcore' (Est: 1.1h left)... No artists.
💾 Checkpoint saved (25413 entities)
[2851/6291] 't-pop girl group' (Est: 1.1h left)... No artists.
[2852/6291] 'drill and bass' (Est: 1.1h left)... Found 24.
[2853/6291] 'avant-garde' (Est: 1.1h left)... Found 50.
[2854/6291] 'canadian house' (Est: 1.1h left)... No artists.
[2855/6291] 'jamaican ska' (Est: 1.1h left)... Found 12.
[2856/6291] 'huayno popular' (Est: 1.1h left)... No artists.
[2857/6291] 'accordion' (Est: 1.1h left)... Found 50.
[2858/6291] 'louvores pentecostais' (Est: 1.1h left)... No artists.
[2859/6291] 'swedish electronic' (Est: 1.1h left)... Found 1.
[2860/6291] 'mega funk' (Est: 1.1h left)... No artists.
[2861/6291] 'belgian dnb' (Est: 1.1h left)... No artists.
[2862/6291] 'french dub' (Est: 1.1h left)... No artists.
[2863/6291] 'funky breaks' (Est: 1.1h left)... Found 3.
[2864/6291] 'vietnamese bolero' (Est: 1.1h left)... Found 18.
[2865/6291] 'slovak trap' (Est: 1.1h left)... No artists.
[2866/6291] 'vaqueiro' (Est: 1.1h left)... No artists.
[2867/6291] 'rosary' (Est: 1.1h left)... Found 1.
[2868/6291] 'cueca chilena' (Est: 1.1h left)... No artists.
[2869/6291] 'new orleans funk' (Est: 1.1h left)... No artists.
[2870/6291] 'new wave of thrash metal' (Est: 1.1h left)... Found 1.
[2871/6291] 'latin tech house' (Est: 1.1h left)... No artists.
[2872/6291] 'classic anime' (Est: 1.1h left)... Found 2.
[2873/6291] 'cambodian pop' (Est: 1.1h left)... Found 1.
[2874/6291] 'christchurch indie' (Est: 1.1h left)... No artists.
[2875/6291] 'czech singer-songwriter' (Est: 1.1h left)... No artists.
[2876/6291] 'electronic djent' (Est: 1.1h left)... No artists.
[2877/6291] 'british orchestra' (Est: 1.1h left)... Found 31.
[2878/6291] 'japanese post-rock' (Est: 1.1h left)... Found 1.
[2879/6291] 'danish indie' (Est: 1.1h left)... No artists.
[2880/6291] 'industrial pop' (Est: 1.1h left)... Found 3.
[2881/6291] 'rap inde' (Est: 1.1h left)... No artists.
[2882/6291] 'space rock' (Est: 1.1h left)... Found 50.
[2883/6291] 'sudanese hip hop' (Est: 1.1h left)... Found 1.
[2884/6291] 'fallen angel' (Est: 1.1h left)... No artists.
[2885/6291] 'early reggae' (Est: 1.1h left)... Found 6.
[2886/6291] 'folclor afrocolombiano' (Est: 1.1h left)... No artists.
[2887/6291] 'family gospel' (Est: 1.1h left)... Found 1.
[2888/6291] 'deep dnb' (Est: 1.1h left)... Found 1.
[2889/6291] 'ethio-jazz' (Est: 1.1h left)... Found 17.
[2890/6291] 'belarusian pop' (Est: 1.1h left)... No artists.
[2891/6291] 'proto-techno' (Est: 1.1h left)... No artists.
[2892/6291] 'congolese gospel' (Est: 1.1h left)... No artists.
[2893/6291] 'gengetone' (Est: 1.1h left)... No artists.
[2894/6291] 'italian jazz' (Est: 1.1h left)... Found 1.
[2895/6291] 'hokkien pop' (Est: 1.1h left)... Found 23.
[2896/6291] 'pop cristiano' (Est: 1.1h left)... No artists.
[2897/6291] 'progressive power metal' (Est: 1.1h left)... Found 24.
[2898/6291] 'dutch dnb' (Est: 1.1h left)... No artists.
[2899/6291] 'tipico' (Est: 1.1h left)... Found 1.
[2900/6291] 'medieval' (Est: 1.1h left)... Found 50.
💾 Checkpoint saved (25668 entities)
[2901/6291] 'voidgaze' (Est: 1.1h left)... Found 1.
[2902/6291] 'kizomba antigas' (Est: 1.1h left)... No artists.
[2903/6291] 'experimental folk' (Est: 1.1h left)... Found 20.
[2904/6291] 'full on' (Est: 1.1h left)... Found 6.
[2905/6291] 'thai ost' (Est: 1.1h left)... No artists.
[2906/6291] 'icelandic folk' (Est: 1.1h left)... Found 3.
[2907/6291] 'swedish doom metal' (Est: 1.1h left)... No artists.
[2908/6291] 'greek metal' (Est: 1.1h left)... Found 3.
[2909/6291] 'folklore nuevo argentino' (Est: 1.1h left)... No artists.
[2910/6291] 'tamborazo' (Est: 1.1h left)... No artists.
[2911/6291] 'cincinnati rap' (Est: 1.1h left)... Found 1.
[2912/6291] 'mappila paattu' (Est: 1.1h left)... No artists.
[2913/6291] 'hard techno' (Est: 1.1h left)... Found 50.
[2914/6291] 'classic finnish rock' (Est: 1.1h left)... No artists.
[2915/6291] 'folclore tucumano' (Est: 1.1h left)... No artists.
[2916/6291] 'lds instrumental' (Est: 1.1h left)... No artists.
[2917/6291] 'bajki' (Est: 1.1h left)... No artists.
[2918/6291] 'romanian rock' (Est: 1.1h left)... No artists.
[2919/6291] 'post-doom metal' (Est: 1.1h left)... Found 4.
[2920/6291] 'cumbia boliviana' (Est: 1.1h left)... No artists.
[2921/6291] 'son cubano' (Est: 1.1h left)... Found 37.
[2922/6291] 'c86' (Est: 1.1h left)... Found 45.
[2923/6291] 'modern funk' (Est: 1.1h left)... Found 3.
[2924/6291] 'irish electronic' (Est: 1.1h left)... No artists.
[2925/6291] 'indie dream pop' (Est: 1.1h left)... Found 2.
[2926/6291] 'tamil worship' (Est: 1.1h left)... No artists.
[2927/6291] 'neru' (Est: 1.1h left)... No artists.
[2928/6291] 'persian rock' (Est: 1.1h left)... Found 9.
[2929/6291] 'danish electropop' (Est: 1.1h left)... No artists.
[2930/6291] 'depressive black metal' (Est: 1.1h left)... Found 50.
[2931/6291] 'norwegian folk rock' (Est: 1.1h left)... No artists.
[2932/6291] 'old-time' (Est: 1.1h left)... Found 50.
[2933/6291] 'irish pub song' (Est: 1.1h left)... No artists.
[2934/6291] 'autonomous black metal' (Est: 1.1h left)... No artists.
[2935/6291] 'football' (Est: 1.1h left)... Found 2.
[2936/6291] 'j-core' (Est: 1.1h left)... Found 24.
[2937/6291] 'dublin indie' (Est: 1.1h left)... No artists.
[2938/6291] 'korean electropop' (Est: 1.1h left)... No artists.
[2939/6291] 'nz singer-songwriter' (Est: 1.1h left)... Found 1.
[2940/6291] 'rap liegeois' (Est: 1.1h left)... No artists.
[2941/6291] 'instrumental djent' (Est: 1.1h left)... No artists.
[2942/6291] 'zamba' (Est: 1.1h left)... Found 6.
[2943/6291] 'danish jazz' (Est: 1.1h left)... No artists.
[2944/6291] 'choral' (Est: 1.1h left)... Found 50.
[2945/6291] 'pop ambient' (Est: 1.1h left)... No artists.
[2946/6291] 'downtempo deathcore' (Est: 1.1h left)... Found 5.
[2947/6291] 'turkish punk' (Est: 1.1h left)... No artists.
[2948/6291] 'puerto rican folk' (Est: 1.1h left)... No artists.
[2949/6291] 'coupe-decale' (Est: 1.1h left)... Found 7.
[2950/6291] 'traditional soul' (Est: 1.1h left)... No artists.
💾 Checkpoint saved (26005 entities)
[2951/6291] 'australian metal' (Est: 1.1h left)... Found 3.
[2952/6291] 'german heavy metal' (Est: 1.1h left)... Found 1.
[2953/6291] 'old west' (Est: 1.1h left)... No artists.
[2954/6291] 'ilahiler' (Est: 1.1h left)... No artists.
[2955/6291] 'crust punk' (Est: 1.1h left)... Found 50.
[2956/6291] 'operetta' (Est: 1.1h left)... Found 21.
[2957/6291] 'musica santomense' (Est: 1.1h left)... No artists.
[2958/6291] 'classic sinhala pop' (Est: 1.1h left)... No artists.
[2959/6291] 'black punk' (Est: 1.1h left)... Found 1.
[2960/6291] 'sydney indie' (Est: 1.1h left)... No artists.
[2961/6291] 'phleng phuea chiwit' (Est: 1.1h left)... Found 6.
[2962/6291] 'adoracion' (Est: 1.1h left)... No artists.
[2963/6291] 'irish post-punk' (Est: 1.1h left)... No artists.
[2964/6291] 'slovak punk' (Est: 1.1h left)... No artists.
[2965/6291] 'semba' (Est: 1.1h left)... Found 9.
[2966/6291] 'commons' (Est: 1.1h left)... Found 36.
[2967/6291] 'okc indie' (Est: 1.1h left)... No artists.
[2968/6291] 'zen' (Est: 1.1h left)... Found 6.
[2969/6291] 'musica ayacuchana' (Est: 1.1h left)... No artists.
[2970/6291] 'finnish punk' (Est: 1.1h left)... Found 1.
[2971/6291] 'kc indie' (Est: 1.1h left)... No artists.
[2972/6291] 'ska espanol' (Est: 1.1h left)... No artists.
[2973/6291] 'yaoi' (Est: 1.1h left)... No artists.
[2974/6291] 'hard trance' (Est: 1.1h left)... Found 50.
[2975/6291] 'melodic hard rock' (Est: 1.1h left)... Found 14.
[2976/6291] 'coral gospel' (Est: 1.1h left)... No artists.
[2977/6291] 'nz indie' (Est: 1.1h left)... No artists.
[2978/6291] 'rap kreyol' (Est: 1.1h left)... Found 3.
[2979/6291] 'garage house' (Est: 1.1h left)... Found 36.
[2980/6291] 'gqom' (Est: 1.1h left)... Found 31.
[2981/6291] 'jazz mexicano' (Est: 1.1h left)...❌ Exception for tag 'jazz mexicano': ('Connection aborted.', ConnectionResetError(104, 'Connection reset by peer'))
 No artists.
[2982/6291] 'uk dub' (Est: 1.1h left)...❌ Exception for tag 'uk dub': ('Connection aborted.', ConnectionResetError(104, 'Connection reset by peer'))
 Found 1.
[2983/6291] 'turin indie' (Est: 1.1h left)... No artists.
[2984/6291] 'psychokore' (Est: 1.1h left)... Found 1.
[2985/6291] 'indonesian indie pop' (Est: 1.1h left)... No artists.
[2986/6291] 'svensk progg' (Est: 1.1h left)... No artists.
[2987/6291] 'thai pop rap' (Est: 1.1h left)... No artists.
[2988/6291] 'forro gospel' (Est: 1.1h left)... No artists.
[2989/6291] 'munich indie' (Est: 1.1h left)... No artists.
[2990/6291] 'ugandan pop' (Est: 1.1h left)... No artists.
[2991/6291] 'kizomba cabo-verdiana' (Est: 1.1h left)...❌ Exception for tag 'kizomba cabo-verdiana': ('Connection aborted.', ConnectionResetError(104, 'Connection reset by peer'))
 No artists.
[2992/6291] 'sichuanese hip hop' (Est: 1.1h left)... No artists.
[2993/6291] 'modern old-time' (Est: 1.1h left)... No artists.
[2994/6291] 'canadian modern jazz' (Est: 1.1h left)... No artists.
[2995/6291] 'musique guadeloupe' (Est: 1.1h left)... No artists.
[2996/6291] 'swedish black metal' (Est: 1.1h left)... No artists.
[2997/6291] 'cypriot pop' (Est: 1.1h left)... No artists.
[2998/6291] 'vancouver metal' (Est: 1.1h left)... No artists.
[2999/6291] 'jazz clarinet' (Est: 1.1h left)... No artists.
[3000/6291] 'finnish hard rock' (Est: 1.1h left)... No artists.
💾 Checkpoint saved (26261 entities)
[3001/6291] 'musica tabasquena' (Est: 1.1h left)... No artists.
[3002/6291] 'audiophile vocal' (Est: 1.1h left)... No artists.
[3003/6291] 'modular synth' (Est: 1.1h left)... Found 8.
[3004/6291] 'arunachal indie' (Est: 1.1h left)... No artists.
[3005/6291] 'slow game' (Est: 1.1h left)... No artists.
[3006/6291] 'polish blues' (Est: 1.1h left)... Found 1.
[3007/6291] 'krautrock' (Est: 1.1h left)... Found 50.
[3008/6291] 'nwocr' (Est: 1.1h left)... Found 1.
[3009/6291] 'nagpuri pop' (Est: 1.1h left)... No artists.
[3010/6291] 'japanese underground rap' (Est: 1.1h left)... No artists.
[3011/6291] 'omaha indie' (Est: 1.1h left)... No artists.
[3012/6291] 'tunisian pop' (Est: 1.1h left)... No artists.
[3013/6291] 'vintage tango' (Est: 1.1h left)... No artists.
[3014/6291] 'folkmusik' (Est: 1.1h left)... Found 1.
[3015/6291] 'palestinian pop' (Est: 1.1h left)... No artists.
[3016/6291] 'viola caipira' (Est: 1.1h left)... No artists.
[3017/6291] 'dutch indie rock' (Est: 1.1h left)... No artists.
[3018/6291] 'korean underground rap' (Est: 1.1h left)... No artists.
[3019/6291] 'outsider' (Est: 1.1h left)... Found 50.
[3020/6291] 'modern jungle' (Est: 1.1h left)... Found 1.
[3021/6291] 'musica para criancas' (Est: 1.1h left)... No artists.
[3022/6291] 'israeli indie' (Est: 1.1h left)... No artists.
[3023/6291] 'musica capixaba' (Est: 1.1h left)... No artists.
[3024/6291] 'symphonic death metal' (Est: 1.1h left)... Found 29.
[3025/6291] 'connecticut hardcore' (Est: 1.1h left)... Found 1.
[3026/6291] 'canadian garage rock' (Est: 1.1h left)... No artists.
[3027/6291] 'lagu sunda' (Est: 1.1h left)... No artists.
[3028/6291] 'musica jalisciense' (Est: 1.1h left)... No artists.
[3029/6291] 'kyushu indie' (Est: 1.1h left)... No artists.
[3030/6291] 'ukrainian folk rock' (Est: 1.1h left)... No artists.
[3031/6291] 'rumeli turkuleri' (Est: 1.1h left)... No artists.
[3032/6291] 'library music' (Est: 1.1h left)... Found 45.
[3033/6291] 'modern uplift' (Est: 1.1h left)... Found 1.
[3034/6291] 'midwest americana' (Est: 1.1h left)... No artists.
[3035/6291] 'german country' (Est: 1.1h left)... No artists.
[3036/6291] 'musica sudcaliforniana' (Est: 1.1h left)... No artists.
[3037/6291] 'tulsa indie' (Est: 1.1h left)... No artists.
[3038/6291] 'gypsy punk' (Est: 1.1h left)... Found 8.
[3039/6291] 'vietnamese pop' (Est: 1.1h left)... No artists.
[3040/6291] 'rock alternatif francais' (Est: 1.1h left)... No artists.
[3041/6291] 'dalarna indie' (Est: 1.1h left)... No artists.
[3042/6291] 'british contemporary classical' (Est: 1.1h left)... Found 1.
[3043/6291] 'miami indie' (Est: 1.1h left)... No artists.
[3044/6291] 'outsider house' (Est: 1.1h left)... Found 17.
[3045/6291] 'draga' (Est: 1.1h left)... No artists.
[3046/6291] 'buffalo ny metal' (Est: 1.1h left)... No artists.
[3047/6291] 'victorian britain' (Est: 1.1h left)... No artists.
[3048/6291] 'ukrainian post-punk' (Est: 1.1h left)... No artists.
[3049/6291] 'oshare kei' (Est: 1.1h left)... Found 1.
[3050/6291] 'swedish synth' (Est: 1.1h left)... No artists.
💾 Checkpoint saved (26438 entities)
[3051/6291] 'french punk' (Est: 1.1h left)...❌ Exception for tag 'french punk': ('Connection aborted.', ConnectionResetError(104, 'Connection reset by peer'))
 Found 5.
[3052/6291] 'nephop' (Est: 1.1h left)... Found 2.
[3053/6291] 'heavy alternative' (Est: 1.1h left)... Found 3.
[3054/6291] 'deep german indie' (Est: 1.1h left)... No artists.
[3055/6291] 'thai bl ost' (Est: 1.1h left)... No artists.
[3056/6291] 'symfonicky orchestr' (Est: 1.1h left)... No artists.
[3057/6291] 'rap capixaba' (Est: 1.1h left)... No artists.
[3058/6291] 'neue deutsche todeskunst' (Est: 1.1h left)... Found 1.
[3059/6291] 'rock chapin' (Est: 1.1h left)... No artists.
[3060/6291] 'brazilian hardcore' (Est: 1.1h left)... Found 1.
[3061/6291] 'reggae peruano' (Est: 1.1h left)... No artists.
[3062/6291] 'modern goth' (Est: 1.1h left)... No artists.
[3063/6291] 'native american flute' (Est: 1.1h left)... Found 2.
[3064/6291] 'aussie emo' (Est: 1.1h left)... No artists.
[3065/6291] 'okinawan folk' (Est: 1.1h left)... No artists.
[3066/6291] 'greek house' (Est: 1.1h left)... No artists.
[3067/6291] 'dutch trap' (Est: 1.1h left)... No artists.
[3068/6291] 'cover acustico' (Est: 1.1h left)... No artists.
[3069/6291] 'classic icelandic pop' (Est: 1.1h left)... No artists.
[3070/6291] 'blaskapelle' (Est: 1.1h left)... No artists.
[3071/6291] 'hiplife' (Est: 1.1h left)...❌ Exception for tag 'hiplife': ('Connection aborted.', ConnectionResetError(104, 'Connection reset by peer'))
 Found 13.
[3072/6291] 'funana' (Est: 1.1h left)...❌ Exception for tag 'funana': ('Connection aborted.', ConnectionResetError(104, 'Connection reset by peer'))
 Found 4.
[3073/6291] 'atlanta punk' (Est: 1.1h left)... No artists.
[3074/6291] 'uk worship' (Est: 1.1h left)... No artists.
[3075/6291] 'blasmusik' (Est: 1.1h left)... Found 1.
[3076/6291] 'granada indie' (Est: 1.1h left)... No artists.
[3077/6291] 'mandolin' (Est: 1.1h left)... Found 25.
[3078/6291] 'zimdancehall' (Est: 1.1h left)... Found 1.
[3079/6291] 'hardtekk' (Est: 1.1h left)... No artists.
[3080/6291] 'swedish punk' (Est: 1.1h left)... No artists.
[3081/6291] 'mestissatge' (Est: 1.1h left)... No artists.
[3082/6291] 'funk evangelico' (Est: 1.1h left)... No artists.
[3083/6291] 'salsa urbana' (Est: 1.1h left)... No artists.
[3084/6291] 'musica madeirense' (Est: 1.1h left)... No artists.
[3085/6291] 'musica crista reformada' (Est: 1.1h left)... No artists.
[3086/6291] 'finnish indie' (Est: 1.1h left)... No artists.
[3087/6291] 'british country' (Est: 1.1h left)... Found 3.
[3088/6291] 'tibetan pop' (Est: 1.1h left)... No artists.
[3089/6291] 'bleep techno' (Est: 1.1h left)... Found 4.
[3090/6291] 'trondersk musikk' (Est: 1.1h left)... No artists.
[3091/6291] 'atmospheric dnb' (Est: 1.1h left)... No artists.
[3092/6291] 'nordic post-rock' (Est: 1.1h left)... No artists.
[3093/6291] 'dusseldorf electronic' (Est: 1.1h left)... No artists.
[3094/6291] 'musiikkia lapsille' (Est: 1.1h left)... No artists.
[3095/6291] 'corrosion' (Est: 1.1h left)... Found 1.
[3096/6291] 'baiao' (Est: 1.1h left)... Found 3.
[3097/6291] 'hungarian folk' (Est: 1.1h left)... Found 1.
[3098/6291] 'chinese traditional' (Est: 1.1h left)... Found 3.
[3099/6291] 'beat italiano' (Est: 1.1h left)... No artists.
[3100/6291] 'chamame' (Est: 1.1h left)... Found 13.
💾 Checkpoint saved (26549 entities)
[3101/6291] 'traditional folk' (Est: 1.1h left)... Found 43.
[3102/6291] 'persian melodic rap' (Est: 1.1h left)... No artists.
[3103/6291] 'canterbury scene' (Est: 1.1h left)... Found 41.
[3104/6291] 'pop costarricense' (Est: 1.1h left)... No artists.
[3105/6291] 'croatian hip hop' (Est: 1.1h left)... No artists.
[3106/6291] 'musica tropical guatemalteca' (Est: 1.1h left)... No artists.
[3107/6291] 'glitch pop' (Est: 1.1h left)... Found 43.
[3108/6291] 'persian alternative' (Est: 1.1h left)... Found 3.
[3109/6291] 'rap paranaense' (Est: 1.1h left)... No artists.
[3110/6291] 'duluth indie' (Est: 1.1h left)... No artists.
[3111/6291] 'russian synthpop' (Est: 1.1h left)... Found 1.
[3112/6291] 'samurai trap' (Est: 1.1h left)...❌ Exception for tag 'samurai trap': ('Connection aborted.', ConnectionResetError(104, 'Connection reset by peer'))
 No artists.
[3113/6291] 'japanese vocal jazz' (Est: 1.1h left)... No artists.
[3114/6291] 'grimewave' (Est: 1.1h left)... Found 2.
[3115/6291] 'russian trance' (Est: 1.1h left)... No artists.
[3116/6291] 'trival' (Est: 1.1h left)... No artists.
[3117/6291] 'slovenian pop' (Est: 1.1h left)... No artists.
[3118/6291] 'coco' (Est: 1.1h left)... Found 6.
[3119/6291] 'technical groove metal' (Est: 1.1h left)... Found 2.
[3120/6291] 'austrian hip hop' (Est: 1.1h left)... No artists.
[3121/6291] 'swing italiano' (Est: 1.1h left)... No artists.
[3122/6291] 'dark progressive house' (Est: 1.1h left)... No artists.
[3123/6291] 'scouse rap' (Est: 1.1h left)... No artists.
[3124/6291] 'vaportrap' (Est: 1.1h left)... Found 12.
[3125/6291] 'hammond organ' (Est: 1.1h left)... Found 14.
[3126/6291] 'maimouna' (Est: 1.1h left)... No artists.
[3127/6291] 'japanese contemporary classical' (Est: 1.1h left)... Found 2.
[3128/6291] 'dissonant death metal' (Est: 1.1h left)... Found 48.
[3129/6291] 'shimmer psych' (Est: 1.1h left)... No artists.
[3130/6291] 'gothic americana' (Est: 1.1h left)... Found 5.
[3131/6291] 'experimental house' (Est: 1.1h left)... Found 1.
[3132/6291] 'deep adult standards' (Est: 1.1h left)... No artists.
[3133/6291] 'japanese guitar' (Est: 1.1h left)... No artists.
[3134/6291] 'andean flute' (Est: 1.1h left)... No artists.
[3135/6291] 'marathi devotional' (Est: 1.1h left)... No artists.
[3136/6291] 'trio huasteco' (Est: 1.1h left)...❌ Exception for tag 'trio huasteco': ('Connection aborted.', ConnectionResetError(104, 'Connection reset by peer'))
 No artists.
[3137/6291] 'austin hip hop' (Est: 1.1h left)...❌ Exception for tag 'austin hip hop': ('Connection aborted.', ConnectionResetError(104, 'Connection reset by peer'))
 No artists.
[3138/6291] 'mecha' (Est: 1.1h left)... Found 4.
[3139/6291] 'instrumental stoner rock' (Est: 1.1h left)...❌ Exception for tag 'instrumental stoner rock': ('Connection aborted.', ConnectionResetError(104, 'Connection reset by peer'))
 No artists.
[3140/6291] 'pinoy alternative rock' (Est: 1.1h left)...❌ Exception for tag 'pinoy alternative rock': ('Connection aborted.', ConnectionResetError(104, 'Connection reset by peer'))
 No artists.
[3141/6291] 'instrumental surf' (Est: 1.1h left)... Found 5.
[3142/6291] 'ghanaian gospel' (Est: 1.0h left)... No artists.
[3143/6291] 'swamp pop' (Est: 1.0h left)... Found 22.
[3144/6291] 'brass band pop' (Est: 1.0h left)... No artists.
[3145/6291] 'haitian gospel' (Est: 1.0h left)... No artists.
[3146/6291] 'deep latin alternative' (Est: 1.0h left)... No artists.
[3147/6291] 'munich electronic' (Est: 1.0h left)... No artists.
[3148/6291] '432hz' (Est: 1.0h left)... No artists.
[3149/6291] 'kentucky punk' (Est: 1.0h left)... No artists.
[3150/6291] 'naat' (Est: 1.0h left)... Found 1.
💾 Checkpoint saved (26788 entities)
[3151/6291] 'musica istmena' (Est: 1.0h left)... No artists.
[3152/6291] 'german indie pop' (Est: 1.0h left)... Found 2.
[3153/6291] 'telugu indie' (Est: 1.0h left)... No artists.
[3154/6291] 'russian plugg' (Est: 1.0h left)... No artists.
[3155/6291] 'neapolitan funk' (Est: 1.0h left)... No artists.
[3156/6291] 'austrian indie' (Est: 1.0h left)...❌ Exception for tag 'austrian indie': ('Connection aborted.', ConnectionResetError(104, 'Connection reset by peer'))
 No artists.
[3157/6291] 'deep techno' (Est: 1.0h left)... Found 29.
[3158/6291] 'bath indie' (Est: 1.0h left)... No artists.
[3159/6291] 'icelandic electronic' (Est: 1.0h left)... No artists.
[3160/6291] 'modern cello' (Est: 1.0h left)... No artists.
[3161/6291] 'eugene indie' (Est: 1.0h left)... No artists.
[3162/6291] 'plunderphonics' (Est: 1.0h left)... Found 50.
[3163/6291] 'musica andina colombiana' (Est: 1.0h left)... No artists.
[3164/6291] 'spanish reggae' (Est: 1.0h left)...❌ Exception for tag 'spanish reggae': ('Connection aborted.', ConnectionResetError(104, 'Connection reset by peer'))
 No artists.
[3165/6291] 'dark jazz' (Est: 1.0h left)... Found 37.
[3166/6291] 'mongolian alternative' (Est: 1.0h left)... No artists.
[3167/6291] 'rennes indie' (Est: 1.0h left)... No artists.
[3168/6291] 'long island punk' (Est: 1.0h left)... No artists.
[3169/6291] 'christian hardcore' (Est: 1.0h left)... Found 7.
[3170/6291] 'kora' (Est: 1.0h left)... Found 9.
[3171/6291] 'jazz metal' (Est: 1.0h left)... Found 28.
[3172/6291] 'canadian hardcore' (Est: 1.0h left)...❌ Exception for tag 'canadian hardcore': ('Connection aborted.', ConnectionResetError(104, 'Connection reset by peer'))
 Found 1.
[3173/6291] 'spanish folk rock' (Est: 1.0h left)... No artists.
[3174/6291] 'manitoba indie' (Est: 1.0h left)... No artists.
[3175/6291] 'balkan drill' (Est: 1.0h left)... Found 1.
[3176/6291] 'freeform hardcore' (Est: 1.0h left)...❌ Exception for tag 'freeform hardcore': ('Connection aborted.', ConnectionResetError(104, 'Connection reset by peer'))
 Found 5.
[3177/6291] 'technical thrash' (Est: 1.0h left)... Found 50.
[3178/6291] '48g' (Est: 1.0h left)... No artists.
[3179/6291] 'bass music' (Est: 1.0h left)... Found 50.
[3180/6291] 'denton tx indie' (Est: 1.0h left)... No artists.
[3181/6291] 'nz children's music' (Est: 1.0h left)... No artists.
[3182/6291] 'drone folk' (Est: 1.0h left)... Found 2.
[3183/6291] 'german thrash metal' (Est: 1.0h left)... Found 1.
[3184/6291] 'zillertal' (Est: 1.0h left)... No artists.
[3185/6291] 'latvian hip hop' (Est: 1.0h left)... Found 2.
[3186/6291] 'greek downtempo' (Est: 1.0h left)...❌ Exception for tag 'greek downtempo': ('Connection aborted.', ConnectionResetError(104, 'Connection reset by peer'))
 No artists.
[3187/6291] 'eventyr' (Est: 1.0h left)... No artists.
[3188/6291] 'emo punk' (Est: 1.0h left)... Found 5.
[3189/6291] 'russian folk' (Est: 1.0h left)... Found 5.
[3190/6291] 'retro metal' (Est: 1.0h left)... No artists.
[3191/6291] 'post-black metal' (Est: 1.0h left)... Found 50.
[3192/6291] 'japanese blues' (Est: 1.0h left)... No artists.
[3193/6291] 'piedmont blues' (Est: 1.0h left)... Found 49.
[3194/6291] 'vintage hollywood' (Est: 1.0h left)... No artists.
[3195/6291] 'ambient psychill' (Est: 1.0h left)... No artists.
[3196/6291] 'kentucky metal' (Est: 1.0h left)... No artists.
[3197/6291] 'singeli' (Est: 1.0h left)... Found 3.
[3198/6291] 'choro' (Est: 1.0h left)... Found 23.
[3199/6291] 'swiss house' (Est: 1.0h left)... No artists.
[3200/6291] 'nordnorsk musikk' (Est: 1.0h left)... No artists.
💾 Checkpoint saved (27158 entities)
[3201/6291] 'nova musica paulista' (Est: 1.0h left)... No artists.
[3202/6291] 'string duo' (Est: 1.0h left)... No artists.
[3203/6291] 'indian underground rap' (Est: 1.0h left)... No artists.
[3204/6291] 'nuevo flamenco' (Est: 1.0h left)... Found 13.
[3205/6291] 'armenian pop' (Est: 1.0h left)... Found 3.
[3206/6291] 'indy indie' (Est: 1.0h left)... No artists.
[3207/6291] 'brazilian power metal' (Est: 1.0h left)... No artists.
[3208/6291] 'musica indigena latinoamericana' (Est: 1.0h left)... No artists.
[3209/6291] 'breakcore' (Est: 1.0h left)... Found 50.
[3210/6291] 'new orleans soul' (Est: 1.0h left)... No artists.
[3211/6291] 'korean indie folk' (Est: 1.0h left)... No artists.
[3212/6291] 'deathrock' (Est: 1.0h left)... Found 50.
[3213/6291] 'lagu bali' (Est: 1.0h left)... No artists.
[3214/6291] 'classic dutch pop' (Est: 1.0h left)... No artists.
[3215/6291] 'jazz double bass' (Est: 1.0h left)... No artists.
[3216/6291] 'modern enka' (Est: 1.0h left)...❌ Exception for tag 'modern enka': ('Connection aborted.', ConnectionResetError(104, 'Connection reset by peer'))
 No artists.
[3217/6291] 'amharic pop' (Est: 1.0h left)...❌ Exception for tag 'amharic pop': ('Connection aborted.', ConnectionResetError(104, 'Connection reset by peer'))
 No artists.
[3218/6291] 'south african choral' (Est: 1.0h left)... No artists.
[3219/6291] 'indie emo' (Est: 1.0h left)... Found 1.
[3220/6291] 'russian trap metal' (Est: 1.0h left)... No artists.
[3221/6291] 'gothic black metal' (Est: 1.0h left)... Found 5.
[3222/6291] 'emo trap italiana' (Est: 1.0h left)... No artists.
[3223/6291] 'musica baiana' (Est: 1.0h left)... No artists.
[3224/6291] 'turkish metal' (Est: 1.0h left)... Found 4.
[3225/6291] 'swing revival' (Est: 1.0h left)... Found 11.
[3226/6291] 'deep christian rock' (Est: 1.0h left)... No artists.
[3227/6291] 'indonesian psychedelia' (Est: 1.0h left)... No artists.
[3228/6291] 'swedish house' (Est: 1.0h left)... No artists.
[3229/6291] 'rumba catalana' (Est: 1.0h left)... Found 4.
[3230/6291] 'jazz drums' (Est: 1.0h left)... No artists.
[3231/6291] 'pittsburgh rock' (Est: 1.0h left)... No artists.
[3232/6291] 'musica eletronica gospel' (Est: 1.0h left)... No artists.
[3233/6291] 'phoenix indie' (Est: 1.0h left)... No artists.
[3234/6291] 'spanish post-punk' (Est: 1.0h left)... No artists.
[3235/6291] 'charlotte nc indie' (Est: 1.0h left)... No artists.
[3236/6291] 'darkstep' (Est: 1.0h left)... Found 10.
[3237/6291] 'multidisciplinary' (Est: 1.0h left)... Found 2.
[3238/6291] 'ambient post-rock' (Est: 1.0h left)... Found 2.
[3239/6291] 'kaneka' (Est: 1.0h left)... Found 3.
[3240/6291] 'connecticut indie' (Est: 1.0h left)... No artists.
[3241/6291] 'arab groove' (Est: 1.0h left)... Found 1.
[3242/6291] 'charanga' (Est: 1.0h left)... Found 11.
[3243/6291] 'kolkata indie' (Est: 1.0h left)...❌ Exception for tag 'kolkata indie': ('Connection aborted.', ConnectionResetError(104, 'Connection reset by peer'))
 No artists.
[3244/6291] 'cantautor catala' (Est: 1.0h left)... No artists.
[3245/6291] 'tampa indie' (Est: 1.0h left)... No artists.
[3246/6291] 'dutch prog' (Est: 1.0h left)... No artists.
[3247/6291] 'geek rock' (Est: 1.0h left)... Found 15.
[3248/6291] 'seinen' (Est: 1.0h left)...❌ Exception for tag 'seinen': ('Connection aborted.', ConnectionResetError(104, 'Connection reset by peer'))
 No artists.
[3249/6291] 'rhode island indie' (Est: 1.0h left)... No artists.
[3250/6291] 'denver indie' (Est: 1.0h left)... No artists.
💾 Checkpoint saved (27338 entities)
[3251/6291] 'spanish noise pop' (Est: 1.0h left)... No artists.
[3252/6291] 'german indie rock' (Est: 1.0h left)... No artists.
[3253/6291] 'virginia punk' (Est: 1.0h left)... No artists.
[3254/6291] 'italian trance' (Est: 1.0h left)... No artists.
[3255/6291] 'rap ivoire' (Est: 1.0h left)... No artists.
[3256/6291] 'vocal trance' (Est: 1.0h left)... Found 50.
[3257/6291] 'jackin' house' (Est: 1.0h left)... Found 36.
[3258/6291] 'speed house' (Est: 1.0h left)... Found 1.
[3259/6291] 'indie valenciana' (Est: 1.0h left)... No artists.
[3260/6291] 'warm drone' (Est: 1.0h left)... Found 3.
[3261/6291] 'villancicos' (Est: 1.0h left)... No artists.
[3262/6291] 'sepedi pop' (Est: 1.0h left)... No artists.
[3263/6291] 'reggae maghreb' (Est: 1.0h left)... No artists.
[3264/6291] 'igbo rap' (Est: 1.0h left)... No artists.
[3265/6291] 'deep funk ostentacao' (Est: 1.0h left)... No artists.
[3266/6291] 'bard' (Est: 1.0h left)... Found 13.
[3267/6291] 'swamp blues' (Est: 1.0h left)... Found 20.
[3268/6291] 'vermont indie' (Est: 1.0h left)... No artists.
[3269/6291] 'musica feirense' (Est: 1.0h left)... No artists.
[3270/6291] 'new mexico music' (Est: 1.0h left)... Found 50.
[3271/6291] 'zilizopendwa' (Est: 1.0h left)... No artists.
[3272/6291] 'indie rock peruano' (Est: 1.0h left)... No artists.
[3273/6291] 'folklore chileno' (Est: 1.0h left)... No artists.
[3274/6291] 'deep soft rock' (Est: 1.0h left)... No artists.
[3275/6291] 'tamil devotional' (Est: 1.0h left)... No artists.
[3276/6291] 'korean trap' (Est: 1.0h left)... No artists.
[3277/6291] 'japanese garage rock' (Est: 1.0h left)... Found 1.
[3278/6291] 'belarusian electronic' (Est: 1.0h left)... No artists.
[3279/6291] 'musica quintanarroense' (Est: 1.0h left)... No artists.
[3280/6291] 'british dance band' (Est: 1.0h left)... No artists.
[3281/6291] 'jesus movement' (Est: 1.0h left)... No artists.
[3282/6291] 'deep norteno' (Est: 1.0h left)... No artists.
[3283/6291] 'alabama metal' (Est: 1.0h left)... No artists.
[3284/6291] 'galician rock' (Est: 1.0h left)... No artists.
[3285/6291] 'deep soundtrack' (Est: 1.0h left)... No artists.
[3286/6291] 'classic luk thung' (Est: 1.0h left)... No artists.
[3287/6291] 'indie siciliano' (Est: 1.0h left)... No artists.
[3288/6291] 'tatar pop' (Est: 1.0h left)... No artists.
[3289/6291] 'neo-pagan' (Est: 1.0h left)... Found 3.
[3290/6291] 'leeds indie' (Est: 1.0h left)... No artists.
[3291/6291] 'cincinnati indie' (Est: 1.0h left)... No artists.
[3292/6291] 'oud' (Est: 1.0h left)... Found 12.
[3293/6291] 'christian a cappella' (Est: 1.0h left)... No artists.
[3294/6291] 'twoubadou' (Est: 1.0h left)... No artists.
[3295/6291] 'deep happy hardcore' (Est: 1.0h left)... No artists.
[3296/6291] 'british black metal' (Est: 1.0h left)... Found 1.
[3297/6291] 'japanese dream pop' (Est: 1.0h left)... No artists.
[3298/6291] 'sambalpuri pop' (Est: 1.0h left)... No artists.
[3299/6291] 'lapland metal' (Est: 1.0h left)... No artists.
[3300/6291] 'hungarian edm' (Est: 1.0h left)... No artists.
💾 Checkpoint saved (27516 entities)
[3301/6291] 'musica afroperuana' (Est: 1.0h left)... No artists.
[3302/6291] 'nueva trova chilena' (Est: 1.0h left)... No artists.
[3303/6291] 'brisbane hip hop' (Est: 1.0h left)... No artists.
[3304/6291] 'hexd' (Est: 1.0h left)... Found 12.
[3305/6291] 'ambient techno' (Est: 1.0h left)... Found 50.
[3306/6291] 'funk capixaba' (Est: 1.0h left)... No artists.
[3307/6291] 'ai' (Est: 1.0h left)... Found 50.
[3308/6291] 'vincy soca' (Est: 1.0h left)... Found 1.
[3309/6291] 'paraguayan rock' (Est: 1.0h left)... No artists.
[3310/6291] 'punk chileno' (Est: 1.0h left)... No artists.
[3311/6291] 'kurdish remix' (Est: 1.0h left)... No artists.
[3312/6291] 'slovenian electronic' (Est: 1.0h left)... No artists.
[3313/6291] 'kent indie' (Est: 1.0h left)... No artists.
[3314/6291] 'canadian indigenous music' (Est: 1.0h left)... No artists.
[3315/6291] 'persian underground hip hop' (Est: 1.0h left)... No artists.
[3316/6291] 'korean worship' (Est: 1.0h left)... No artists.
[3317/6291] 'jazz cubano' (Est: 1.0h left)... No artists.
[3318/6291] 'musica popular uruguaya' (Est: 1.0h left)... No artists.
[3319/6291] 'chant religieux' (Est: 1.0h left)... No artists.
[3320/6291] 'bristol electronic' (Est: 1.0h left)... No artists.
[3321/6291] 'classic hungarian pop' (Est: 1.0h left)... No artists.
[3322/6291] 'straight-ahead jazz' (Est: 1.0h left)... Found 1.
[3323/6291] 'polish indie rock' (Est: 1.0h left)... No artists.
[3324/6291] 'british death metal' (Est: 1.0h left)... No artists.
[3325/6291] 'telugu devotional' (Est: 1.0h left)... No artists.
[3326/6291] 'neo metal' (Est: 1.0h left)... No artists.
[3327/6291] 'underground amapiano' (Est: 1.0h left)... No artists.
[3328/6291] 'marimba orquesta' (Est: 1.0h left)... No artists.
[3329/6291] 'cyber metal' (Est: 1.0h left)... Found 10.
[3330/6291] 'deep uplifting trance' (Est: 1.0h left)... No artists.
[3331/6291] 'dub techno' (Est: 1.0h left)... Found 50.
[3332/6291] 'neurostep' (Est: 1.0h left)... No artists.
[3333/6291] 'pinoy praise' (Est: 1.0h left)... No artists.
[3334/6291] 'portland punk' (Est: 1.0h left)... No artists.
[3335/6291] 'new orleans indie' (Est: 1.0h left)... No artists.
[3336/6291] 'rare groove' (Est: 1.0h left)... Found 2.
[3337/6291] 'acidcore' (Est: 1.0h left)... Found 6.
[3338/6291] 'brazilian percussion' (Est: 1.0h left)... No artists.
[3339/6291] 'wu fam' (Est: 1.0h left)... Found 1.
[3340/6291] 'gyerekdalok' (Est: 1.0h left)... No artists.
[3341/6291] 'hardstyle' (Est: 1.0h left)... Found 50.
[3342/6291] 'ghettotech' (Est: 1.0h left)... Found 11.
[3343/6291] 'classic azeri pop' (Est: 1.0h left)... No artists.
[3344/6291] 'spiritual hip hop' (Est: 1.0h left)... Found 2.
[3345/6291] 'skramz' (Est: 1.0h left)... Found 31.
[3346/6291] 'jazz worship' (Est: 1.0h left)... No artists.
[3347/6291] 'lagu bugis' (Est: 1.0h left)... No artists.
[3348/6291] 'polish black metal' (Est: 1.0h left)... No artists.
[3349/6291] 'melodipop' (Est: 1.0h left)... No artists.
[3350/6291] 'nice indie' (Est: 1.0h left)... No artists.
💾 Checkpoint saved (27773 entities)
[3351/6291] 'vienna indie' (Est: 1.0h left)... No artists.
[3352/6291] 'louvor icm' (Est: 1.0h left)... No artists.
[3353/6291] 'malayalam indie' (Est: 1.0h left)... No artists.
[3354/6291] 'sinhala rap' (Est: 1.0h left)... No artists.
[3355/6291] 'rap femenino mexicano' (Est: 1.0h left)... No artists.
[3356/6291] 'dub reggae' (Est: 1.0h left)... Found 4.
[3357/6291] 'fort worth indie' (Est: 1.0h left)... No artists.
[3358/6291] 'hamburg indie' (Est: 1.0h left)... Found 1.
[3359/6291] 'indie cristao' (Est: 1.0h left)... No artists.
[3360/6291] 'waiata maori' (Est: 1.0h left)... No artists.
[3361/6291] 'classic romanian pop' (Est: 1.0h left)... No artists.
[3362/6291] 'ohio indie' (Est: 1.0h left)... No artists.
[3363/6291] 'australian ska' (Est: 1.0h left)... No artists.
[3364/6291] 'vintage swedish pop' (Est: 1.0h left)... No artists.
[3365/6291] 'harp' (Est: 1.0h left)... Found 50.
[3366/6291] 'portuguese indie' (Est: 1.0h left)... Found 1.
[3367/6291] 'hindustani vocal' (Est: 1.0h left)... No artists.
[3368/6291] 'griot' (Est: 1.0h left)... Found 3.
[3369/6291] 'slack-key guitar' (Est: 1.0h left)... Found 1.
[3370/6291] 'minimal dub' (Est: 1.0h left)... No artists.
[3371/6291] 'musica mixteca' (Est: 1.0h left)... No artists.
[3372/6291] 'gospel drill' (Est: 1.0h left)... No artists.
[3373/6291] 'raboday' (Est: 1.0h left)... No artists.
[3374/6291] 'neotango' (Est: 1.0h left)... Found 2.
[3375/6291] 'taiwan campus folk' (Est: 1.0h left)... No artists.
[3376/6291] 'spanish folk' (Est: 1.0h left)... No artists.
[3377/6291] 'german literature' (Est: 1.0h left)... No artists.
[3378/6291] 'danish post-punk' (Est: 1.0h left)... No artists.
[3379/6291] 'german opera' (Est: 1.0h left)... No artists.
[3380/6291] 'koligeet' (Est: 1.0h left)... No artists.
[3381/6291] 'alberta hip hop' (Est: 1.0h left)... No artists.
[3382/6291] 'nz folk' (Est: 1.0h left)... No artists.
[3383/6291] 'campursari' (Est: 1.0h left)... Found 1.
[3384/6291] 'welsh hip hop' (Est: 1.0h left)... Found 2.
[3385/6291] 'pakistani rock' (Est: 1.0h left)... Found 2.
[3386/6291] 'stockholm indie' (Est: 1.0h left)... No artists.
[3387/6291] 'powerviolence' (Est: 1.0h left)... Found 50.
[3388/6291] 'dark folk' (Est: 1.0h left)... Found 50.
[3389/6291] 'belarusian rock' (Est: 1.0h left)... No artists.
[3390/6291] 'chasidic pop' (Est: 1.0h left)... Found 1.
[3391/6291] 'viral pop brasileiro' (Est: 1.0h left)... No artists.
[3392/6291] 'funk mexicano' (Est: 1.0h left)... No artists.
[3393/6291] 'pennsylvania hardcore' (Est: 1.0h left)... No artists.
[3394/6291] 'jordanian pop' (Est: 1.0h left)... No artists.
[3395/6291] 'gothenburg hip hop' (Est: 1.0h left)... No artists.
[3396/6291] 'chinese classical piano' (Est: 1.0h left)... No artists.
[3397/6291] 'orquesta tipica' (Est: 1.0h left)... No artists.
[3398/6291] 'uyghur pop' (Est: 1.0h left)... No artists.
[3399/6291] 'taiwanese indie' (Est: 1.0h left)... No artists.
[3400/6291] 'sound art' (Est: 1.0h left)... Found 50.
💾 Checkpoint saved (27996 entities)
[3401/6291] 'progressive doom' (Est: 1.0h left)... Found 19.
[3402/6291] 'lithuanian hip hop' (Est: 1.0h left)... Found 42.
[3403/6291] 'tinku' (Est: 1.0h left)... No artists.
[3404/6291] 'texas hardcore' (Est: 1.0h left)... No artists.
[3405/6291] 'bangladeshi rock' (Est: 1.0h left)... Found 1.
[3406/6291] 'charlottesville indie' (Est: 1.0h left)... No artists.
[3407/6291] 'musiqi-ye zanan' (Est: 1.0h left)... No artists.
[3408/6291] 'kazakh indie' (Est: 1.0h left)... No artists.
[3409/6291] 'schranz' (Est: 1.0h left)... Found 17.
[3410/6291] 'punk euskera' (Est: 1.0h left)... No artists.
[3411/6291] 'utah indie' (Est: 1.0h left)... No artists.
[3412/6291] 'spa' (Est: 1.0h left)... Found 12.
[3413/6291] 'beatboxing' (Est: 1.0h left)... Found 23.
[3414/6291] 'soviet synthpop' (Est: 1.0h left)... No artists.
[3415/6291] 'bay area hip hop' (Est: 1.0h left)... No artists.
[3416/6291] 'western mass indie' (Est: 1.0h left)... No artists.
[3417/6291] 'swedish stoner rock' (Est: 1.0h left)... No artists.
[3418/6291] 'dunedin indie' (Est: 1.0h left)... No artists.
[3419/6291] 'nl folk' (Est: 1.0h left)... No artists.
[3420/6291] 'melodic power metal' (Est: 1.0h left)... Found 26.
[3421/6291] 'beatdown' (Est: 1.0h left)... Found 50.
[3422/6291] 'miami metal' (Est: 1.0h left)... Found 1.
[3423/6291] 'novo rock gaucho' (Est: 1.0h left)... No artists.
[3424/6291] 'japanese heavy metal' (Est: 1.0h left)... No artists.
[3425/6291] 'classic hungarian rock' (Est: 1.0h left)... No artists.
[3426/6291] 'norwegian alternative rock' (Est: 1.0h left)... No artists.
[3427/6291] 'guinean pop' (Est: 1.0h left)... No artists.
[3428/6291] 'pakistani electronic' (Est: 1.0h left)... No artists.
[3429/6291] 'guided meditation' (Est: 1.0h left)... Found 5.
[3430/6291] 'birmingham indie' (Est: 1.0h left)... No artists.
[3431/6291] 'czech metal' (Est: 1.0h left)... Found 1.
[3432/6291] 'cape verdean folk' (Est: 1.0h left)... No artists.
[3433/6291] 'jazz organ' (Est: 1.0h left)... No artists.
[3434/6291] 'cinematic post-rock' (Est: 1.0h left)... Found 1.
[3435/6291] 'world meditation' (Est: 1.0h left)... No artists.
[3436/6291] 'christian hard rock' (Est: 1.0h left)... Found 2.
[3437/6291] 'lexington ky indie' (Est: 1.0h left)... No artists.
[3438/6291] 'chinese talent show' (Est: 1.0h left)... No artists.
[3439/6291] 'vocaloid metal' (Est: 1.0h left)... No artists.
[3440/6291] 'montenegrin pop' (Est: 1.0h left)... No artists.
[3441/6291] 'beats' (Est: 0.9h left)... Found 50.
[3442/6291] 'detroit house' (Est: 0.9h left)... Found 1.
[3443/6291] 'windsor on indie' (Est: 0.9h left)... No artists.
[3444/6291] 'german tech house' (Est: 0.9h left)... No artists.
[3445/6291] 'histoire pour enfants' (Est: 0.9h left)... No artists.
[3446/6291] 'black 'n' roll' (Est: 0.9h left)... Found 20.
[3447/6291] 'taiwan rock' (Est: 0.9h left)... No artists.
[3448/6291] 'rock keyboard' (Est: 0.9h left)... No artists.
[3449/6291] 'pop paraguayo' (Est: 0.9h left)... No artists.
[3450/6291] 'czech country' (Est: 0.9h left)... No artists.
💾 Checkpoint saved (28254 entities)
[3451/6291] 'footwork' (Est: 0.9h left)... Found 42.
[3452/6291] 'smooth soul' (Est: 0.9h left)... Found 50.
[3453/6291] 'west australian hip hop' (Est: 0.9h left)... No artists.
[3454/6291] 'chinese classical performance' (Est: 0.9h left)... No artists.
[3455/6291] 'experimental jazz' (Est: 0.9h left)... Found 10.
[3456/6291] 'louisiana metal' (Est: 0.9h left)... No artists.
[3457/6291] 'bouyon' (Est: 0.9h left)... No artists.
[3458/6291] 'new orleans americana' (Est: 0.9h left)... No artists.
[3459/6291] 'ukrainian edm' (Est: 0.9h left)... No artists.
[3460/6291] 'bisaya rap' (Est: 0.9h left)... No artists.
[3461/6291] 'dubsteppe' (Est: 0.9h left)... No artists.
[3462/6291] 'tunantada' (Est: 0.9h left)... No artists.
[3463/6291] 'telugu worship' (Est: 0.9h left)... No artists.
[3464/6291] 'guatemalan pop' (Est: 0.9h left)... No artists.
[3465/6291] 'hamilton on indie' (Est: 0.9h left)... No artists.
[3466/6291] 'norsk lovsang' (Est: 0.9h left)... No artists.
[3467/6291] 'hyperpop italiano' (Est: 0.9h left)... No artists.
[3468/6291] 'maine indie' (Est: 0.9h left)... No artists.
[3469/6291] 'thai post-rock' (Est: 0.9h left)... No artists.
[3470/6291] 'uk bass' (Est: 0.9h left)... Found 34.
[3471/6291] 'musica paraibana' (Est: 0.9h left)... No artists.
[3472/6291] 'progressive alternative' (Est: 0.9h left)... Found 4.
[3473/6291] 'musique militaire' (Est: 0.9h left)... No artists.
[3474/6291] 'tennessee metal' (Est: 0.9h left)... No artists.
[3475/6291] 'venda pop' (Est: 0.9h left)... No artists.
[3476/6291] 'indie napoletano' (Est: 0.9h left)... No artists.
[3477/6291] 'college a cappella' (Est: 0.9h left)... No artists.
[3478/6291] 'melodic black metal' (Est: 0.9h left)... Found 50.
[3479/6291] 'american grindcore' (Est: 0.9h left)... No artists.
[3480/6291] 'polish jazz' (Est: 0.9h left)... Found 4.
[3481/6291] 'bhojpuri folk' (Est: 0.9h left)... No artists.
[3482/6291] 'exotica' (Est: 0.9h left)... Found 34.
[3483/6291] 'nz christian' (Est: 0.9h left)... No artists.
[3484/6291] 'scottish techno' (Est: 0.9h left)... No artists.
[3485/6291] 'truck-driving country' (Est: 0.9h left)... Found 6.
[3486/6291] 'synth prog' (Est: 0.9h left)... No artists.
[3487/6291] 'musica guerrerense' (Est: 0.9h left)... No artists.
[3488/6291] 'bardcore' (Est: 0.9h left)... Found 6.
[3489/6291] 'comedia' (Est: 0.9h left)... Found 1.
[3490/6291] 'experimental indie' (Est: 0.9h left)... Found 2.
[3491/6291] 'epunk' (Est: 0.9h left)... Found 6.
[3492/6291] 'gospel rap' (Est: 0.9h left)... Found 2.
[3493/6291] 'neo-rockabilly' (Est: 0.9h left)... Found 14.
[3494/6291] 'dancehall colombiano' (Est: 0.9h left)... No artists.
[3495/6291] 'kenyan hip hop' (Est: 0.9h left)... Found 1.
[3496/6291] 'japanese indie folk' (Est: 0.9h left)... No artists.
[3497/6291] 'neofolk' (Est: 0.9h left)... Found 50.
[3498/6291] 'folclore jujeno' (Est: 0.9h left)... No artists.
[3499/6291] 'icelandic hip hop' (Est: 0.9h left)... No artists.
[3500/6291] 'hungarian metal' (Est: 0.9h left)... No artists.
💾 Checkpoint saved (28489 entities)
[3501/6291] 'ghent indie' (Est: 0.9h left)... No artists.
[3502/6291] 'oulu metal' (Est: 0.9h left)... No artists.
[3503/6291] 'dallas indie' (Est: 0.9h left)... No artists.
[3504/6291] 'bouzouki' (Est: 0.9h left)... Found 7.
[3505/6291] 'jazzy dnb' (Est: 0.9h left)... No artists.
[3506/6291] 'chinese audiophile' (Est: 0.9h left)... No artists.
[3507/6291] 'power blues-rock' (Est: 0.9h left)... No artists.
[3508/6291] 'polish electronica' (Est: 0.9h left)... No artists.
[3509/6291] 'canadian blues' (Est: 0.9h left)... Found 1.
[3510/6291] 'british comedy' (Est: 0.9h left)... No artists.
[3511/6291] 'afro house angolano' (Est: 0.9h left)... No artists.
[3512/6291] 'musica cabo-verdiana' (Est: 0.9h left)... No artists.
[3513/6291] 'alt-idol' (Est: 0.9h left)... No artists.
[3514/6291] 'schweizer rap' (Est: 0.9h left)... No artists.
[3515/6291] 'technical deathcore' (Est: 0.9h left)... Found 20.
[3516/6291] 'musica infantil catala' (Est: 0.9h left)... No artists.
[3517/6291] 'anglican liturgy' (Est: 0.9h left)... No artists.
[3518/6291] 'lampung indie' (Est: 0.9h left)... No artists.
[3519/6291] 'afghan rap' (Est: 0.9h left)... No artists.
[3520/6291] 'polish death metal' (Est: 0.9h left)... No artists.
[3521/6291] 'sound effects' (Est: 0.9h left)... Found 11.
[3522/6291] 'piano mpb' (Est: 0.9h left)... No artists.
[3523/6291] 'scottish hush' (Est: 0.9h left)... No artists.
[3524/6291] 'black comedy' (Est: 0.9h left)... Found 7.
[3525/6291] 'trance mexicano' (Est: 0.9h left)... No artists.
[3526/6291] 'polca paraguaya' (Est: 0.9h left)... No artists.
[3527/6291] 'greek swing' (Est: 0.9h left)... No artists.
[3528/6291] 'japanese beats' (Est: 0.9h left)... No artists.
[3529/6291] 'tamaulipas indie' (Est: 0.9h left)... No artists.
[3530/6291] 'cornetas y tambores' (Est: 0.9h left)... No artists.
[3531/6291] 'north moroccan rap' (Est: 0.9h left)... No artists.
[3532/6291] 'voetbal' (Est: 0.9h left)... No artists.
[3533/6291] 'indonesian hardcore' (Est: 0.9h left)... No artists.
[3534/6291] 'brisbane punk' (Est: 0.9h left)... Found 1.
[3535/6291] 'background jazz product' (Est: 0.9h left)... No artists.
[3536/6291] 'malawian pop' (Est: 0.9h left)... No artists.
[3537/6291] 'dub brasileiro' (Est: 0.9h left)... No artists.
[3538/6291] 'irish neo-traditional' (Est: 0.9h left)... No artists.
[3539/6291] 'italian gothic' (Est: 0.9h left)... No artists.
[3540/6291] 'italian gothic metal' (Est: 0.9h left)... No artists.
[3541/6291] 'musica catarinense' (Est: 0.9h left)... No artists.
[3542/6291] 'muzica etno' (Est: 0.9h left)... No artists.
[3543/6291] 'spytrack' (Est: 0.9h left)... No artists.
[3544/6291] 'zcc' (Est: 0.9h left)... No artists.
[3545/6291] 'punk cover' (Est: 0.9h left)... No artists.
[3546/6291] 'chinese worship' (Est: 0.9h left)... No artists.
[3547/6291] 'png pop' (Est: 0.9h left)... No artists.
[3548/6291] 'spanish indie folk' (Est: 0.9h left)... No artists.
[3549/6291] 'syrian hip hop' (Est: 0.9h left)... No artists.
[3550/6291] 'guitarra andina' (Est: 0.9h left)... No artists.
💾 Checkpoint saved (28567 entities)
[3551/6291] 'lagu aceh' (Est: 0.9h left)... Found 1.
[3552/6291] 'zambian hip hop' (Est: 0.9h left)... No artists.
[3553/6291] 'gospel reggae' (Est: 0.9h left)... Found 11.
[3554/6291] 'lebanese indie' (Est: 0.9h left)... No artists.
[3555/6291] 'tamil indie' (Est: 0.9h left)... No artists.
[3556/6291] 'ukulele' (Est: 0.9h left)... Found 32.
[3557/6291] 'dutch moombahton' (Est: 0.9h left)... No artists.
[3558/6291] 'psychedelic folk rock' (Est: 0.9h left)... Found 1.
[3559/6291] 'musica yucateca' (Est: 0.9h left)... No artists.
[3560/6291] 'polynesian hip hop' (Est: 0.9h left)... No artists.
[3561/6291] 'cartoni animati' (Est: 0.9h left)... No artists.
[3562/6291] 'thall' (Est: 0.9h left)... Found 11.
[3563/6291] 'chakra' (Est: 0.9h left)... Found 2.
[3564/6291] 'charango' (Est: 0.9h left)... Found 2.
[3565/6291] 'christian power metal' (Est: 0.9h left)... No artists.
[3566/6291] 'british choir' (Est: 0.9h left)... Found 17.
[3567/6291] 'brazilian ska' (Est: 0.9h left)... Found 1.
[3568/6291] 'raggatek' (Est: 0.9h left)... Found 5.
[3569/6291] 'folklore venezolano' (Est: 0.9h left)... No artists.
[3570/6291] 'jain bhajan' (Est: 0.9h left)... No artists.
[3571/6291] 'slavic folk metal' (Est: 0.9h left)... No artists.
[3572/6291] 'psychedelic punk' (Est: 0.9h left)... Found 3.
[3573/6291] 'ok indie' (Est: 0.9h left)... No artists.
[3574/6291] 'fan chant' (Est: 0.9h left)... No artists.
[3575/6291] 'detroit techno' (Est: 0.9h left)...❌ Exception for tag 'detroit techno': ('Connection aborted.', ConnectionResetError(104, 'Connection reset by peer'))
 Found 38.
[3576/6291] 'austin metal' (Est: 0.9h left)... No artists.
[3577/6291] 'austrian dnb' (Est: 0.9h left)... No artists.
[3578/6291] 'grebo' (Est: 0.9h left)... Found 14.
[3579/6291] 'bandoneon' (Est: 0.9h left)... Found 7.
[3580/6291] 'austrian metal' (Est: 0.9h left)... Found 1.
[3581/6291] 'candomble' (Est: 0.9h left)... Found 1.
[3582/6291] 'c-pop girl group' (Est: 0.9h left)... No artists.
[3583/6291] 'broken transmission' (Est: 0.9h left)... Found 10.
[3584/6291] 'sunnlensk tonlist' (Est: 0.9h left)... No artists.
[3585/6291] 'ramonescore' (Est: 0.9h left)... Found 1.
[3586/6291] 'instrumental progressive metal' (Est: 0.9h left)... Found 1.
[3587/6291] 'musica bautista' (Est: 0.9h left)... No artists.
[3588/6291] 'sorani pop' (Est: 0.9h left)... No artists.
[3589/6291] 'north carolina metal' (Est: 0.9h left)... No artists.
[3590/6291] 'action rock' (Est: 0.9h left)... Found 5.
[3591/6291] 'sci-fi metal' (Est: 0.9h left)... No artists.
[3592/6291] 'mashcore' (Est: 0.9h left)... Found 38.
[3593/6291] 'italo house' (Est: 0.9h left)... Found 35.
[3594/6291] 'belgian indie rock' (Est: 0.9h left)... No artists.
[3595/6291] 'alpine yodeling' (Est: 0.9h left)... No artists.
[3596/6291] 'turkish electronic' (Est: 0.9h left)... No artists.
[3597/6291] 'indie folk argentino' (Est: 0.9h left)... No artists.
[3598/6291] 'deep acoustic pop' (Est: 0.9h left)... No artists.
[3599/6291] 'trinidadian reggae' (Est: 0.9h left)... No artists.
[3600/6291] 'lithuanian trap' (Est: 0.9h left)... Found 11.
💾 Checkpoint saved (28799 entities)
[3601/6291] 'deep idm' (Est: 0.9h left)... Found 2.
[3602/6291] 'cameroonian pop' (Est: 0.9h left)... No artists.
[3603/6291] 'er ge' (Est: 0.9h left)... No artists.
[3604/6291] 'varmland rock' (Est: 0.9h left)... No artists.
[3605/6291] 'chinese folk' (Est: 0.9h left)... No artists.
[3606/6291] 'afro-cuban percussion' (Est: 0.9h left)... No artists.
[3607/6291] 'slam poetry' (Est: 0.9h left)... Found 10.
[3608/6291] 'samoan pop' (Est: 0.9h left)... No artists.
[3609/6291] 'musica evangelica instrumental' (Est: 0.9h left)... No artists.
[3610/6291] 'bush ballad' (Est: 0.9h left)... No artists.
[3611/6291] 'atmospheric post-metal' (Est: 0.9h left)... Found 2.
[3612/6291] 'newfoundland indie' (Est: 0.9h left)... No artists.
[3613/6291] 'halftime dnb' (Est: 0.9h left)... No artists.
[3614/6291] 'romanian electronic' (Est: 0.9h left)... No artists.
[3615/6291] 'marimba de guatemala' (Est: 0.9h left)... No artists.
[3616/6291] 'maithili' (Est: 0.9h left)... No artists.
[3617/6291] 'chamber folk' (Est: 0.9h left)... Found 50.
[3618/6291] 'one-person band' (Est: 0.9h left)... No artists.
[3619/6291] 'slam death metal' (Est: 0.9h left)... Found 50.
[3620/6291] 'nwothm' (Est: 0.9h left)... Found 15.
[3621/6291] 'punk melodico chileno' (Est: 0.9h left)... No artists.
[3622/6291] 'kurdish rock' (Est: 0.9h left)... No artists.
[3623/6291] 'rochester ny indie' (Est: 0.9h left)... No artists.
[3624/6291] 'czech folk rock' (Est: 0.9h left)... No artists.
[3625/6291] 'hard house' (Est: 0.9h left)... Found 50.
[3626/6291] 'tanzanian hip hop' (Est: 0.9h left)... No artists.
[3627/6291] 'xitsonga pop' (Est: 0.9h left)... No artists.
[3628/6291] 'zambian pop' (Est: 0.9h left)... No artists.
[3629/6291] 'armenian hip hop' (Est: 0.9h left)... No artists.
[3630/6291] 'spiritual jazz' (Est: 0.9h left)... Found 43.
[3631/6291] 'austin rock' (Est: 0.9h left)... No artists.
[3632/6291] 'york indie' (Est: 0.9h left)... Found 3.
[3633/6291] 'idaho indie' (Est: 0.9h left)... No artists.
[3634/6291] 'gambian hip hop' (Est: 0.9h left)... No artists.
[3635/6291] 'deep ragga' (Est: 0.9h left)... No artists.
[3636/6291] 'muzica crestina' (Est: 0.9h left)... No artists.
[3637/6291] 'musica duranguense' (Est: 0.9h left)... No artists.
[3638/6291] 'caucasian classical' (Est: 0.9h left)... No artists.
[3639/6291] 'carnaval limburg' (Est: 0.9h left)... No artists.
[3640/6291] 'visor' (Est: 0.9h left)... Found 1.
[3641/6291] 'italian library music' (Est: 0.9h left)... No artists.
[3642/6291] 'quebec punk' (Est: 0.9h left)... Found 1.
[3643/6291] 'trap angolano' (Est: 0.9h left)... No artists.
[3644/6291] 'post-disco soul' (Est: 0.9h left)... Found 1.
[3645/6291] 'oaxaca indie' (Est: 0.9h left)... No artists.
[3646/6291] 'boston hardcore' (Est: 0.9h left)... No artists.
[3647/6291] 'danish techno' (Est: 0.9h left)... No artists.
[3648/6291] 'greek fem rap' (Est: 0.9h left)... No artists.
[3649/6291] 'vogue' (Est: 0.9h left)... Found 6.
[3650/6291] 'rock en asturiano' (Est: 0.9h left)... No artists.
💾 Checkpoint saved (29035 entities)
[3651/6291] 'bomba y plena' (Est: 0.9h left)... No artists.
[3652/6291] 'melbourne punk' (Est: 0.9h left)... No artists.
[3653/6291] 'nuevo tango' (Est: 0.9h left)... Found 9.
[3654/6291] 'german prog' (Est: 0.9h left)... Found 1.
[3655/6291] 'psych gaze' (Est: 0.9h left)... No artists.
[3656/6291] 'corridos adictivos' (Est: 0.9h left)... No artists.
[3657/6291] 'tamazight' (Est: 0.9h left)... Found 1.
[3658/6291] 'modern progressive rock' (Est: 0.9h left)... No artists.
[3659/6291] 'british grindcore' (Est: 0.9h left)... No artists.
[3660/6291] 'nordic contemporary classical' (Est: 0.9h left)... No artists.
[3661/6291] 'vintage chanson' (Est: 0.9h left)... No artists.
[3662/6291] 'dc indie' (Est: 0.9h left)... Found 1.
[3663/6291] 'polish prog' (Est: 0.9h left)... No artists.
[3664/6291] 'berlin school' (Est: 0.9h left)... Found 50.
[3665/6291] 'uk82' (Est: 0.9h left)... Found 5.
[3666/6291] 'zim urban groove' (Est: 0.9h left)... No artists.
[3667/6291] 'moog' (Est: 0.9h left)... Found 15.
[3668/6291] 'marathi remix' (Est: 0.9h left)... No artists.
[3669/6291] 'experimental electronic' (Est: 0.9h left)... Found 50.
[3670/6291] 'polish synthpop' (Est: 0.9h left)... No artists.
[3671/6291] 'sinaloa indie' (Est: 0.9h left)... No artists.
[3672/6291] 'death 'n' roll' (Est: 0.9h left)... Found 19.
[3673/6291] 'persian traditional' (Est: 0.9h left)... Found 4.
[3674/6291] 'hungarian underground rap' (Est: 0.9h left)... No artists.
[3675/6291] 'ska catala' (Est: 0.9h left)... No artists.
[3676/6291] 'blues latinoamericano' (Est: 0.9h left)... No artists.
[3677/6291] 'makossa' (Est: 0.9h left)... Found 13.
[3678/6291] 'afro-funk' (Est: 0.9h left)... Found 23.
[3679/6291] 'dansei seiyu' (Est: 0.9h left)... No artists.
[3680/6291] 'southampton indie' (Est: 0.9h left)... No artists.
[3681/6291] 'rockabilly en espanol' (Est: 0.9h left)... No artists.
[3682/6291] 'rock of gibraltar' (Est: 0.9h left)... No artists.
[3683/6291] 'technical melodic death metal' (Est: 0.9h left)... Found 1.
[3684/6291] 'sami' (Est: 0.9h left)... Found 4.
[3685/6291] 'cleveland metal' (Est: 0.9h left)... No artists.
[3686/6291] 'deep contemporary country' (Est: 0.9h left)... No artists.
[3687/6291] 'british post-rock' (Est: 0.9h left)... No artists.
[3688/6291] 'jazz vibraphone' (Est: 0.9h left)... Found 1.
[3689/6291] 'baltic classical' (Est: 0.9h left)... No artists.
[3690/6291] 'korean drill' (Est: 0.9h left)... No artists.
[3691/6291] 'nz dnb' (Est: 0.9h left)... No artists.
[3692/6291] 'scottish hip hop' (Est: 0.9h left)... No artists.
[3693/6291] 'canadian underground hip hop' (Est: 0.9h left)... No artists.
[3694/6291] 'muzika l'yeladim' (Est: 0.9h left)... No artists.
[3695/6291] 'italian electronica' (Est: 0.9h left)... No artists.
[3696/6291] 'israelite hip hop' (Est: 0.9h left)... No artists.
[3697/6291] 'christmas product' (Est: 0.9h left)... No artists.
[3698/6291] 'rosario indie' (Est: 0.9h left)... No artists.
[3699/6291] 'mewati pop' (Est: 0.9h left)... No artists.
[3700/6291] 'israeli jazz' (Est: 0.9h left)... No artists.
💾 Checkpoint saved (29221 entities)
[3701/6291] 'norwegian house' (Est: 0.9h left)... No artists.
[3702/6291] 'gothic alternative' (Est: 0.9h left)... No artists.
[3703/6291] 'tuareg guitar' (Est: 0.9h left)... Found 2.
[3704/6291] 'asakaa' (Est: 0.9h left)... No artists.
[3705/6291] 'musica popular amazonense' (Est: 0.9h left)... No artists.
[3706/6291] 'afrikaans hip hop' (Est: 0.9h left)... No artists.
[3707/6291] 'appalachian folk' (Est: 0.9h left)... Found 25.
[3708/6291] 'hardgroove' (Est: 0.9h left)... Found 11.
[3709/6291] 'scratch' (Est: 0.9h left)... Found 6.
[3710/6291] 'korean electronic' (Est: 0.9h left)... No artists.
[3711/6291] 'flick hop' (Est: 0.9h left)... Found 1.
[3712/6291] 'slovenian indie' (Est: 0.9h left)... No artists.
[3713/6291] 'devon indie' (Est: 0.9h left)... No artists.
[3714/6291] 'israeli techno' (Est: 0.9h left)... No artists.
[3715/6291] 'accordeon' (Est: 0.9h left)... Found 5.
[3716/6291] 'malaysian punk' (Est: 0.9h left)... No artists.
[3717/6291] 'cosmic post-rock' (Est: 0.9h left)... No artists.
[3718/6291] 'jazz catala' (Est: 0.9h left)... No artists.
[3719/6291] 'australian ambient' (Est: 0.9h left)... No artists.
[3720/6291] 'belgian metal' (Est: 0.9h left)... Found 2.
[3721/6291] 'music hall' (Est: 0.9h left)... Found 31.
[3722/6291] 'cruise' (Est: 0.9h left)... Found 1.
[3723/6291] 'american primitive' (Est: 0.9h left)... Found 12.
[3724/6291] 'norrlandsk hip hop' (Est: 0.9h left)... No artists.
[3725/6291] 'swahili gospel' (Est: 0.9h left)... No artists.
[3726/6291] 'korean superband' (Est: 0.9h left)... No artists.
[3727/6291] 'usbm' (Est: 0.9h left)... Found 3.
[3728/6291] 'marwadi pop' (Est: 0.9h left)... No artists.
[3729/6291] 'malayalam madh' (Est: 0.9h left)... No artists.
[3730/6291] 'khayal' (Est: 0.9h left)... Found 5.
[3731/6291] 'waiata mo tamariki' (Est: 0.9h left)... No artists.
[3732/6291] 'russian ccm' (Est: 0.9h left)... No artists.
[3733/6291] '2-step' (Est: 0.9h left)... Found 21.
[3734/6291] 'indian electronic' (Est: 0.9h left)... No artists.
[3735/6291] 'uk christian rap' (Est: 0.9h left)... No artists.
[3736/6291] 'italian renaissance' (Est: 0.9h left)... No artists.
[3737/6291] 'rap tico' (Est: 0.9h left)... No artists.
[3738/6291] 'classic korean pop' (Est: 0.9h left)... No artists.
[3739/6291] 'fijian pop' (Est: 0.9h left)... No artists.
[3740/6291] 'martial industrial' (Est: 0.9h left)... Found 32.
[3741/6291] 'new york death metal' (Est: 0.8h left)... No artists.
[3742/6291] 'dancehall chileno' (Est: 0.8h left)... No artists.
[3743/6291] 'detskie pesni' (Est: 0.8h left)... No artists.
[3744/6291] 'chamber orchestra' (Est: 0.8h left)... Found 50.
[3745/6291] 'subliminal product' (Est: 0.8h left)... No artists.
[3746/6291] 'musica portuguesa contemporanea' (Est: 0.8h left)... No artists.
[3747/6291] 'tearout' (Est: 0.8h left)... Found 9.
[3748/6291] 'emotional black metal' (Est: 0.8h left)... No artists.
[3749/6291] 'psicodelia chilena' (Est: 0.8h left)... No artists.
[3750/6291] 'cosmic death metal' (Est: 0.8h left)... Found 3.
💾 Checkpoint saved (29430 entities)
[3751/6291] 'fictitious orchestra' (Est: 0.8h left)... No artists.
[3752/6291] 'st louis drill' (Est: 0.8h left)... No artists.
[3753/6291] 'musique comorienne' (Est: 0.8h left)... No artists.
[3754/6291] 'hungarian punk' (Est: 0.8h left)... No artists.
[3755/6291] 'chinese indie pop' (Est: 0.8h left)... No artists.
[3756/6291] 'vinahouse' (Est: 0.8h left)... Found 1.
[3757/6291] 'classical cello' (Est: 0.8h left)... Found 1.
[3758/6291] 'street punk espanol' (Est: 0.8h left)... No artists.
[3759/6291] 'swiss trap' (Est: 0.8h left)... No artists.
[3760/6291] 'bemani' (Est: 0.8h left)... Found 34.
[3761/6291] 'rap metal espanol' (Est: 0.8h left)... No artists.
[3762/6291] 'orchestral performance' (Est: 0.8h left)... No artists.
[3763/6291] 'brazilian modern jazz' (Est: 0.8h left)... No artists.
[3764/6291] 'paidika tragoudia' (Est: 0.8h left)... No artists.
[3765/6291] 'latmiya' (Est: 0.8h left)... No artists.
[3766/6291] 'batida' (Est: 0.8h left)... Found 3.
[3767/6291] 'puerto rican indie' (Est: 0.8h left)... No artists.
[3768/6291] 'sambass' (Est: 0.8h left)... No artists.
[3769/6291] 'hungarian classical performance' (Est: 0.8h left)... No artists.
[3770/6291] 'folklore uruguayo' (Est: 0.8h left)... No artists.
[3771/6291] 'hindustani instrumental' (Est: 0.8h left)... Found 1.
[3772/6291] 'cook islands pop' (Est: 0.8h left)... No artists.
[3773/6291] 'psalmen' (Est: 0.8h left)... No artists.
[3774/6291] 'fake' (Est: 0.8h left)... Found 38.
[3775/6291] 'sitar' (Est: 0.8h left)... Found 16.
[3776/6291] 'greek contemporary classical' (Est: 0.8h left)... No artists.
[3777/6291] 'karaoke' (Est: 0.8h left)... Found 10.
[3778/6291] 'ecuadorian alternative rock' (Est: 0.8h left)... No artists.
[3779/6291] 'palestinian alternative' (Est: 0.8h left)... No artists.
[3780/6291] 'israeli classical piano' (Est: 0.8h left)... No artists.
[3781/6291] 'dominican indie' (Est: 0.8h left)... No artists.
[3782/6291] 'italian punk' (Est: 0.8h left)... Found 4.
[3783/6291] 'deep gothic post-punk' (Est: 0.8h left)... No artists.
[3784/6291] 'math pop' (Est: 0.8h left)... Found 14.
[3785/6291] 'peruvian punk' (Est: 0.8h left)... No artists.
[3786/6291] 'musica michoacana' (Est: 0.8h left)... No artists.
[3787/6291] 'neo kyma' (Est: 0.8h left)... Found 8.
[3788/6291] 'rap feminino chileno' (Est: 0.8h left)... No artists.
[3789/6291] 'polyphony' (Est: 0.8h left)... Found 4.
[3790/6291] 'mumbai indie' (Est: 0.8h left)... No artists.
[3791/6291] 'classic italian folk pop' (Est: 0.8h left)... No artists.
[3792/6291] 'viking black metal' (Est: 0.8h left)... Found 3.
[3793/6291] 'wassoulou' (Est: 0.8h left)... Found 1.
[3794/6291] 'south african underground rap' (Est: 0.8h left)... No artists.
[3795/6291] 'ryukyu ongaku' (Est: 0.8h left)... No artists.
[3796/6291] 'rap chretien' (Est: 0.8h left)... No artists.
[3797/6291] 'yugoslav new wave' (Est: 0.8h left)... Found 1.
[3798/6291] 'jig and reel' (Est: 0.8h left)... No artists.
[3799/6291] 'chaabi marocain' (Est: 0.8h left)... No artists.
[3800/6291] 'breton folk' (Est: 0.8h left)... Found 5.
💾 Checkpoint saved (29597 entities)
[3801/6291] 'quebec death metal' (Est: 0.8h left)... No artists.
[3802/6291] 'punk catala' (Est: 0.8h left)... No artists.
[3803/6291] 'modern psychedelic folk' (Est: 0.8h left)... No artists.
[3804/6291] 'chinese soundtrack' (Est: 0.8h left)... No artists.
[3805/6291] 'zim hip hop' (Est: 0.8h left)... Found 2.
[3806/6291] 'tuna' (Est: 0.8h left)... Found 2.
[3807/6291] 'musica nublensina' (Est: 0.8h left)... No artists.
[3808/6291] 'south asian metal' (Est: 0.8h left)... No artists.
[3809/6291] 'ukrainian classical piano' (Est: 0.8h left)... No artists.
[3810/6291] 'mongolian hip hop' (Est: 0.8h left)... No artists.
[3811/6291] 'crack rock steady' (Est: 0.8h left)... Found 5.
[3812/6291] 'danzon' (Est: 0.8h left)... Found 2.
[3813/6291] 'kumaoni pop' (Est: 0.8h left)... No artists.
[3814/6291] 'malayalam cover' (Est: 0.8h left)... No artists.
[3815/6291] 'bomba' (Est: 0.8h left)... Found 4.
[3816/6291] 'violao classico' (Est: 0.8h left)... No artists.
[3817/6291] 'bangladeshi indie' (Est: 0.8h left)... No artists.
[3818/6291] 'newcastle indie' (Est: 0.8h left)... No artists.
[3819/6291] 'violin' (Est: 0.8h left)... Found 50.
[3820/6291] 'tassie indie' (Est: 0.8h left)... No artists.
[3821/6291] 'bagpipe' (Est: 0.8h left)... Found 2.
[3822/6291] 'graz indie' (Est: 0.8h left)... No artists.
[3823/6291] 'mpb gospel' (Est: 0.8h left)... No artists.
[3824/6291] 'australian indigenous hip hop' (Est: 0.8h left)... No artists.
[3825/6291] 'sega mauricien' (Est: 0.8h left)... No artists.
[3826/6291] 'cumbia cristiana' (Est: 0.8h left)... No artists.
[3827/6291] 'rock curitibano' (Est: 0.8h left)... No artists.
[3828/6291] 'deep dubstep' (Est: 0.8h left)... Found 50.
[3829/6291] 'garage punk' (Est: 0.8h left)... Found 50.
[3830/6291] 'spanish techno' (Est: 0.8h left)... Found 1.
[3831/6291] 'balkan punk' (Est: 0.8h left)... No artists.
[3832/6291] 'ambient synth' (Est: 0.8h left)... Found 2.
[3833/6291] 'french garage rock' (Est: 0.8h left)... No artists.
[3834/6291] 'warrington indie' (Est: 0.8h left)... No artists.
[3835/6291] 'khortha pop' (Est: 0.8h left)... No artists.
[3836/6291] 'portland metal' (Est: 0.8h left)... Found 2.
[3837/6291] 'gospel singers' (Est: 0.8h left)... No artists.
[3838/6291] 'rva indie' (Est: 0.8h left)... No artists.
[3839/6291] 'uwielbienie' (Est: 0.8h left)... No artists.
[3840/6291] 'goralski' (Est: 0.8h left)... No artists.
[3841/6291] 'eritrean pop' (Est: 0.8h left)... No artists.
[3842/6291] 'slavic metal' (Est: 0.8h left)... No artists.
[3843/6291] 'taiwan instrumental' (Est: 0.8h left)... No artists.
[3844/6291] 'garage punk blues' (Est: 0.8h left)... Found 1.
[3845/6291] 'vegan straight edge' (Est: 0.8h left)... Found 2.
[3846/6291] 'mandible' (Est: 0.8h left)... Found 2.
[3847/6291] 'clap and tap' (Est: 0.8h left)... No artists.
[3848/6291] 'buffalo ny indie' (Est: 0.8h left)... No artists.
[3849/6291] 'remix product' (Est: 0.8h left)... No artists.
[3850/6291] 'japanese boom bap' (Est: 0.8h left)... No artists.
💾 Checkpoint saved (29764 entities)
[3851/6291] 'christian dance' (Est: 0.8h left)... Found 2.
[3852/6291] 'kids hip hop' (Est: 0.8h left)... No artists.
[3853/6291] 'salsa cristiana' (Est: 0.8h left)... No artists.
[3854/6291] 'deep disco' (Est: 0.8h left)... Found 1.
[3855/6291] 'swedish hardcore' (Est: 0.8h left)... Found 3.
[3856/6291] 'bahai' (Est: 0.8h left)... Found 1.
[3857/6291] 'musique pour enfant quebecois' (Est: 0.8h left)... No artists.
[3858/6291] 'ukrainian folk pop' (Est: 0.8h left)... No artists.
[3859/6291] 'macedonian pop' (Est: 0.8h left)... No artists.
[3860/6291] 'lafayette indie' (Est: 0.8h left)... No artists.
[3861/6291] 'igbo trap' (Est: 0.8h left)... No artists.
[3862/6291] 'chhattisgarhi pop' (Est: 0.8h left)... No artists.
[3863/6291] 'gulf hip hop' (Est: 0.8h left)... Found 1.
[3864/6291] 'memphis americana' (Est: 0.8h left)... No artists.
[3865/6291] 'bahamian pop' (Est: 0.8h left)... No artists.
[3866/6291] 'shoegaze brasileiro' (Est: 0.8h left)... No artists.
[3867/6291] 'cavernous death metal' (Est: 0.8h left)... Found 2.
[3868/6291] 'new wave of glam metal' (Est: 0.8h left)... No artists.
[3869/6291] 'finnish new wave' (Est: 0.8h left)... No artists.
[3870/6291] 'lldm' (Est: 0.8h left)... No artists.
[3871/6291] 'slushwave' (Est: 0.8h left)... Found 17.
[3872/6291] 'modern swing' (Est: 0.8h left)... No artists.
[3873/6291] 'serbian electronic' (Est: 0.8h left)... No artists.
[3874/6291] 'sanfona' (Est: 0.8h left)... No artists.
[3875/6291] 'naija old school' (Est: 0.8h left)... Found 1.
[3876/6291] 'american 21st century classical' (Est: 0.8h left)... No artists.
[3877/6291] 'west african jazz' (Est: 0.8h left)... No artists.
[3878/6291] 'urban kiz' (Est: 0.8h left)... No artists.
[3879/6291] 'japanese melodic punk' (Est: 0.8h left)... No artists.
[3880/6291] 'punk rock italiano' (Est: 0.8h left)... No artists.
[3881/6291] 'british industrial' (Est: 0.8h left)... No artists.
[3882/6291] 'deep progressive rock' (Est: 0.8h left)... Found 1.
[3883/6291] 'british experimental' (Est: 0.8h left)... No artists.
[3884/6291] 'military band' (Est: 0.8h left)... Found 2.
[3885/6291] 'wrock' (Est: 0.8h left)... Found 1.
[3886/6291] 'japanese hyperpop' (Est: 0.8h left)... No artists.
[3887/6291] 'rogaland indie' (Est: 0.8h left)... No artists.
[3888/6291] 'northeast indian indie' (Est: 0.8h left)... No artists.
[3889/6291] 'magyar retro dance' (Est: 0.8h left)... No artists.
[3890/6291] 'sheilat' (Est: 0.8h left)... No artists.
[3891/6291] 'detroit trap en espanol' (Est: 0.8h left)... No artists.
[3892/6291] 'dennery segment' (Est: 0.8h left)... Found 1.
[3893/6291] 'swedish rockabilly' (Est: 0.8h left)... No artists.
[3894/6291] 'rap portuense' (Est: 0.8h left)... No artists.
[3895/6291] 'kuduro' (Est: 0.8h left)... Found 8.
[3896/6291] 'detske pisnicky' (Est: 0.8h left)... No artists.
[3897/6291] 'deep big room' (Est: 0.8h left)... No artists.
[3898/6291] 'japanese psychedelic' (Est: 0.8h left)... No artists.
[3899/6291] 'didgeridoo' (Est: 0.8h left)... Found 11.
[3900/6291] 'irish rebel song' (Est: 0.8h left)... No artists.
💾 Checkpoint saved (29848 entities)
[3901/6291] 'ambient trance' (Est: 0.8h left)... Found 26.
[3902/6291] 'uppsala indie' (Est: 0.8h left)... No artists.
[3903/6291] 'mississippi indie' (Est: 0.8h left)... No artists.
[3904/6291] 'pop catracho' (Est: 0.8h left)... No artists.
[3905/6291] 'faroese pop' (Est: 0.8h left)... No artists.
[3906/6291] 'rwandan pop' (Est: 0.8h left)... No artists.
[3907/6291] 'french black metal' (Est: 0.8h left)... Found 3.
[3908/6291] 'indonesian underground hip hop' (Est: 0.8h left)... No artists.
[3909/6291] 'japanese electronic' (Est: 0.8h left)... Found 1.
[3910/6291] 'uk beatdown' (Est: 0.8h left)... No artists.
[3911/6291] 'ukulele cover' (Est: 0.8h left)... No artists.
[3912/6291] 'pornogrind' (Est: 0.8h left)... Found 50.
[3913/6291] 'new isolationism' (Est: 0.8h left)... Found 2.
[3914/6291] 'norwegian americana' (Est: 0.8h left)... No artists.
[3915/6291] 'musica hondurena' (Est: 0.8h left)... No artists.
[3916/6291] 'trio batak' (Est: 0.8h left)... No artists.
[3917/6291] 'jazz harp' (Est: 0.8h left)... Found 1.
[3918/6291] 'panpipe' (Est: 0.8h left)... Found 1.
[3919/6291] 'cancoes infantis' (Est: 0.8h left)... No artists.
[3920/6291] 'swiss folk' (Est: 0.8h left)... Found 1.
[3921/6291] 'indonesian metal' (Est: 0.8h left)... No artists.
[3922/6291] 'jazz brass' (Est: 0.8h left)... No artists.
[3923/6291] 'louange' (Est: 0.8h left)... No artists.
[3924/6291] 'hmong pop' (Est: 0.8h left)... No artists.
[3925/6291] 'comedienne' (Est: 0.8h left)... No artists.
[3926/6291] 'manipuri pop' (Est: 0.8h left)... No artists.
[3927/6291] 'sonora indie' (Est: 0.8h left)... No artists.
[3928/6291] 'german black metal' (Est: 0.8h left)... Found 3.
[3929/6291] 'argentine metal' (Est: 0.8h left)... No artists.
[3930/6291] 'south african soulful deep house' (Est: 0.8h left)... No artists.
[3931/6291] 'czsk reggae' (Est: 0.8h left)... No artists.
[3932/6291] 'polish folk metal' (Est: 0.8h left)... No artists.
[3933/6291] 'solomon islands pop' (Est: 0.8h left)... No artists.
[3934/6291] 'concert band' (Est: 0.8h left)... Found 2.
[3935/6291] 'drill beats' (Est: 0.8h left)... No artists.
[3936/6291] 'kansai indie' (Est: 0.8h left)... No artists.
[3937/6291] 'san antonio rap' (Est: 0.8h left)... No artists.
[3938/6291] 'svensk lovsang' (Est: 0.8h left)... No artists.
[3939/6291] 'hamburger schule' (Est: 0.8h left)... Found 12.
[3940/6291] 'modern darkwave' (Est: 0.8h left)... No artists.
[3941/6291] 'brazilian post-hardcore' (Est: 0.8h left)... No artists.
[3942/6291] 'musica jibara' (Est: 0.8h left)... No artists.
[3943/6291] 'guyanese pop' (Est: 0.8h left)... No artists.
[3944/6291] 'derby indie' (Est: 0.8h left)... No artists.
[3945/6291] 'norwegian punk rock' (Est: 0.8h left)... Found 1.
[3946/6291] 'spanish electronic' (Est: 0.8h left)... No artists.
[3947/6291] 'danish singer-songwriter' (Est: 0.8h left)... No artists.
[3948/6291] 'spanish prog' (Est: 0.8h left)... No artists.
[3949/6291] 'traditional british folk' (Est: 0.8h left)... No artists.
[3950/6291] 'italian new wave' (Est: 0.8h left)... Found 1.
💾 Checkpoint saved (29974 entities)
[3951/6291] 'hindi worship' (Est: 0.8h left)... No artists.
[3952/6291] 'american melodeath' (Est: 0.8h left)... No artists.
[3953/6291] 'persian drill' (Est: 0.8h left)... No artists.
[3954/6291] 'deep progressive trance' (Est: 0.8h left)... No artists.
[3955/6291] 'worcester ma indie' (Est: 0.8h left)... No artists.
[3956/6291] 'telugu remix' (Est: 0.8h left)... No artists.
[3957/6291] 'chain punk' (Est: 0.8h left)... Found 4.
[3958/6291] 'musica lombarda' (Est: 0.8h left)... No artists.
[3959/6291] 'jewish hip hop' (Est: 0.8h left)... No artists.
[3960/6291] 'cypriot hip hop' (Est: 0.8h left)... No artists.
[3961/6291] 'bulgarian rock' (Est: 0.8h left)... No artists.
[3962/6291] 'swiss techno' (Est: 0.8h left)... No artists.
[3963/6291] 'ambient country' (Est: 0.8h left)... No artists.
[3964/6291] 'swedish folk pop' (Est: 0.8h left)... No artists.
[3965/6291] 'greek guitar' (Est: 0.8h left)... No artists.
[3966/6291] 'psybass' (Est: 0.8h left)... Found 4.
[3967/6291] 'vintage broadway' (Est: 0.8h left)... Found 1.
[3968/6291] 'portuguese folk' (Est: 0.8h left)... No artists.
[3969/6291] 'flemish folk' (Est: 0.8h left)... No artists.
[3970/6291] 'swedish prog' (Est: 0.8h left)... Found 1.
[3971/6291] 'musicas espiritas' (Est: 0.8h left)... No artists.
[3972/6291] 'jalsat' (Est: 0.8h left)... No artists.
[3973/6291] 'garage psych' (Est: 0.8h left)... Found 13.
[3974/6291] 'gospel italiano' (Est: 0.8h left)... No artists.
[3975/6291] 'throat singing' (Est: 0.8h left)... Found 19.
[3976/6291] 'rap pernambucano' (Est: 0.8h left)... No artists.
[3977/6291] 'japanese worship' (Est: 0.8h left)... No artists.
[3978/6291] 'lancaster pa indie' (Est: 0.8h left)... No artists.
[3979/6291] 'chinese jazz' (Est: 0.8h left)... No artists.
[3980/6291] 'memphis indie' (Est: 0.8h left)... No artists.
[3981/6291] 'neo-kraut' (Est: 0.8h left)... Found 2.
[3982/6291] 'musica aguascalentense' (Est: 0.8h left)... No artists.
[3983/6291] 'rusyn folk' (Est: 0.8h left)... No artists.
[3984/6291] 'persian sad rap' (Est: 0.8h left)... No artists.
[3985/6291] 'punta' (Est: 0.8h left)... Found 4.
[3986/6291] 'sungura' (Est: 0.8h left)... No artists.
[3987/6291] 'stateside dnb' (Est: 0.8h left)... No artists.
[3988/6291] 'tucson indie' (Est: 0.8h left)... No artists.
[3989/6291] 'slovenian rock' (Est: 0.8h left)... No artists.
[3990/6291] 'punta rock' (Est: 0.8h left)... No artists.
[3991/6291] 'stomp and whittle' (Est: 0.8h left)... No artists.
[3992/6291] 'deep deep house' (Est: 0.8h left)... No artists.
[3993/6291] 'dronescape' (Est: 0.8h left)... No artists.
[3994/6291] 'glitch beats' (Est: 0.8h left)... No artists.
[3995/6291] 'plugg en espanol' (Est: 0.8h left)... No artists.
[3996/6291] 'euskal indie' (Est: 0.8h left)... No artists.
[3997/6291] 'muzica copii' (Est: 0.8h left)... No artists.
[3998/6291] 'ambient black metal' (Est: 0.8h left)... Found 47.
[3999/6291] 'makina' (Est: 0.8h left)... Found 38.
[4000/6291] 'musica pitiusa' (Est: 0.8h left)... No artists.
💾 Checkpoint saved (30134 entities)
[4001/6291] 'dub punk' (Est: 0.8h left)... No artists.
[4002/6291] 'leipzig indie' (Est: 0.8h left)... No artists.
[4003/6291] 'drill dominicano' (Est: 0.8h left)... No artists.
[4004/6291] 'indian percussion' (Est: 0.8h left)... No artists.
[4005/6291] 'festigal' (Est: 0.8h left)... No artists.
[4006/6291] 'polish contemporary classical' (Est: 0.8h left)... No artists.
[4007/6291] 'german pagan metal' (Est: 0.8h left)... No artists.
[4008/6291] 'pittsburgh metal' (Est: 0.8h left)... No artists.
[4009/6291] 'contrabass' (Est: 0.8h left)... Found 4.
[4010/6291] 'norwegian space disco' (Est: 0.8h left)... No artists.
[4011/6291] 'ukrainian contemporary classical' (Est: 0.8h left)... No artists.
[4012/6291] 'kelowna bc indie' (Est: 0.8h left)... No artists.
[4013/6291] 'folk black metal' (Est: 0.8h left)... Found 13.
[4014/6291] 'bass trip' (Est: 0.8h left)... No artists.
[4015/6291] 'hungarian techno' (Est: 0.8h left)... No artists.
[4016/6291] 'moderne ludovky' (Est: 0.8h left)... No artists.
[4017/6291] 'mongolian pop' (Est: 0.8h left)... No artists.
[4018/6291] 'indie electronica' (Est: 0.8h left)... Found 6.
[4019/6291] 'malayalam worship' (Est: 0.8h left)... No artists.
[4020/6291] 'lagu sasak' (Est: 0.8h left)... No artists.
[4021/6291] 'banda guanajuatense' (Est: 0.8h left)... No artists.
[4022/6291] 'english renaissance' (Est: 0.8h left)... No artists.
[4023/6291] 'light music' (Est: 0.8h left)... Found 2.
[4024/6291] 'deep progressive house' (Est: 0.8h left)... No artists.
[4025/6291] 'chicano punk' (Est: 0.8h left)... No artists.
[4026/6291] 'guitarra clasica' (Est: 0.8h left)... No artists.
[4027/6291] 'halifax indie' (Est: 0.8h left)... No artists.
[4028/6291] 'dancehall guyanaise' (Est: 0.8h left)... No artists.
[4029/6291] 'lancashire indie' (Est: 0.8h left)... No artists.
[4030/6291] 'columbus ohio indie' (Est: 0.8h left)... No artists.
[4031/6291] 'oth indie' (Est: 0.8h left)... No artists.
[4032/6291] 'cuento infantile' (Est: 0.8h left)... No artists.
[4033/6291] 'kenyan drill' (Est: 0.8h left)... No artists.
[4034/6291] 'baptist gospel' (Est: 0.8h left)... No artists.
[4035/6291] 'czech indie' (Est: 0.8h left)... No artists.
[4036/6291] 'jazz puertorriqueno' (Est: 0.8h left)... No artists.
[4037/6291] 'singaporean electronic' (Est: 0.8h left)... No artists.
[4038/6291] 'armenian folk' (Est: 0.8h left)... Found 3.
[4039/6291] 'pashto pop' (Est: 0.8h left)... No artists.
[4040/6291] 'canadian psychedelic rock' (Est: 0.8h left)... No artists.
[4041/6291] 'detske pesnicky' (Est: 0.8h left)... No artists.
[4042/6291] 'german dnb' (Est: 0.7h left)... No artists.
[4043/6291] 'northern irish punk' (Est: 0.7h left)... No artists.
[4044/6291] 'trad quebecois' (Est: 0.7h left)... No artists.
[4045/6291] 'future ambient' (Est: 0.7h left)... No artists.
[4046/6291] 'spanish rockabilly' (Est: 0.7h left)... No artists.
[4047/6291] 'aarhus indie' (Est: 0.7h left)... No artists.
[4048/6291] 'italian folk' (Est: 0.7h left)... Found 10.
[4049/6291] 'rap galego' (Est: 0.7h left)... No artists.
[4050/6291] 'swiss alternative rock' (Est: 0.7h left)... No artists.
💾 Checkpoint saved (30205 entities)
[4051/6291] 'solipsynthm' (Est: 0.7h left)... No artists.
[4052/6291] 'brazilian techno' (Est: 0.7h left)... Found 1.
[4053/6291] 'fast melodic punk' (Est: 0.7h left)... Found 2.
[4054/6291] 'libyan pop' (Est: 0.7h left)... No artists.
[4055/6291] 'american romanticism' (Est: 0.7h left)... No artists.
[4056/6291] 'northeast indian hip hop' (Est: 0.7h left)... No artists.
[4057/6291] 'erotica' (Est: 0.7h left)... Found 2.
[4058/6291] 'atmospheric sludge' (Est: 0.7h left)... Found 50.
[4059/6291] 'arabic instrumental' (Est: 0.7h left)... No artists.
[4060/6291] 'swiss indie folk' (Est: 0.7h left)... No artists.
[4061/6291] 'brazilian dnb' (Est: 0.7h left)... No artists.
[4062/6291] 'acid trance' (Est: 0.7h left)... Found 14.
[4063/6291] 'rap metalcore' (Est: 0.7h left)... No artists.
[4064/6291] 'bossa nova jazz' (Est: 0.7h left)... No artists.
[4065/6291] 'highlife' (Est: 0.7h left)... Found 50.
[4066/6291] 'deep liquid' (Est: 0.7h left)... No artists.
[4067/6291] 'psydub' (Est: 0.7h left)... Found 13.
[4068/6291] 'broken beat' (Est: 0.7h left)... Found 26.
[4069/6291] 'old school hard trance' (Est: 0.7h left)... No artists.
[4070/6291] 'power thrash' (Est: 0.7h left)... Found 1.
[4071/6291] 'corsican folk' (Est: 0.7h left)... No artists.
[4072/6291] 'deep soul house' (Est: 0.7h left)... No artists.
[4073/6291] 'musikkorps' (Est: 0.7h left)... No artists.
[4074/6291] 'romanian folk' (Est: 0.7h left)... Found 1.
[4075/6291] 'psalms' (Est: 0.7h left)... Found 1.
[4076/6291] 'austin singer-songwriter' (Est: 0.7h left)... No artists.
[4077/6291] 'sega' (Est: 0.7h left)... Found 10.
[4078/6291] 'magyar mulatos' (Est: 0.7h left)... No artists.
[4079/6291] 'limerick indie' (Est: 0.7h left)... No artists.
[4080/6291] 'xhosa' (Est: 0.7h left)... Found 1.
[4081/6291] 'russian techno' (Est: 0.7h left)... Found 1.
[4082/6291] 'zurich indie' (Est: 0.7h left)... No artists.
[4083/6291] 'minimal dnb' (Est: 0.7h left)... Found 1.
[4084/6291] 'hungarian indie' (Est: 0.7h left)... No artists.
[4085/6291] 'indie psych-pop' (Est: 0.7h left)... No artists.
[4086/6291] 'greek rock' (Est: 0.7h left)... Found 16.
[4087/6291] 'industrial techno' (Est: 0.7h left)... Found 50.
[4088/6291] 'mexican traditional' (Est: 0.7h left)... No artists.
[4089/6291] 'vintage italian pop' (Est: 0.7h left)... No artists.
[4090/6291] 'experimental synth' (Est: 0.7h left)... Found 1.
[4091/6291] 'swiss singer-songwriter' (Est: 0.7h left)... No artists.
[4092/6291] 'rasiya' (Est: 0.7h left)... No artists.
[4093/6291] 'nitzhonot' (Est: 0.7h left)... No artists.
[4094/6291] 'gambian pop' (Est: 0.7h left)... No artists.
[4095/6291] 'canadian experimental' (Est: 0.7h left)... No artists.
[4096/6291] 'swiss reggae' (Est: 0.7h left)... No artists.
[4097/6291] 'deep brazilian pop' (Est: 0.7h left)... No artists.
[4098/6291] 'capoeira' (Est: 0.7h left)... No artists.
[4099/6291] 'metal gotico' (Est: 0.7h left)... No artists.
[4100/6291] 'finnish pop punk' (Est: 0.7h left)... No artists.
💾 Checkpoint saved (30420 entities)
[4101/6291] 'deep liquid bass' (Est: 0.7h left)... No artists.
[4102/6291] 'kenyan alternative' (Est: 0.7h left)... No artists.
[4103/6291] 'freakbeat' (Est: 0.7h left)... Found 45.
[4104/6291] 'spirituals' (Est: 0.7h left)... Found 20.
[4105/6291] 'drone ambient' (Est: 0.7h left)... Found 23.
[4106/6291] 'orquestas de galicia' (Est: 0.7h left)... No artists.
[4107/6291] 'irish punk' (Est: 0.7h left)... Found 5.
[4108/6291] 'mezmur' (Est: 0.7h left)... No artists.
[4109/6291] 'punk tuga' (Est: 0.7h left)... No artists.
[4110/6291] 'french post-punk' (Est: 0.7h left)... No artists.
[4111/6291] 'experimental guitar' (Est: 0.7h left)... Found 3.
[4112/6291] 'boogie-woogie' (Est: 0.7h left)... Found 50.
[4113/6291] 'musica costarricense' (Est: 0.7h left)... No artists.
[4114/6291] 'german dark minimal techno' (Est: 0.7h left)... No artists.
[4115/6291] 'singaporean hip hop' (Est: 0.7h left)... No artists.
[4116/6291] 'texas punk' (Est: 0.7h left)... Found 2.
[4117/6291] 'forest psy' (Est: 0.7h left)... No artists.
[4118/6291] 'serialism' (Est: 0.7h left)... Found 9.
[4119/6291] 'reiki' (Est: 0.7h left)... Found 1.
[4120/6291] 'gamecore' (Est: 0.7h left)... No artists.
[4121/6291] 'erotik' (Est: 0.7h left)... No artists.
[4122/6291] 'swedish techno' (Est: 0.7h left)... No artists.
[4123/6291] 'dirty texas rap' (Est: 0.7h left)... No artists.
[4124/6291] 'australian blues' (Est: 0.7h left)... No artists.
[4125/6291] 'blackened screamo' (Est: 0.7h left)... No artists.
[4126/6291] 'vintage cantonese pop' (Est: 0.7h left)... No artists.
[4127/6291] 'french dnb' (Est: 0.7h left)... No artists.
[4128/6291] 'indie singer-songwriter' (Est: 0.7h left)... Found 3.
[4129/6291] 'cosmic black metal' (Est: 0.7h left)... Found 25.
[4130/6291] 'nordic ambient' (Est: 0.7h left)... Found 1.
[4131/6291] 'musica potiguar' (Est: 0.7h left)... No artists.
[4132/6291] 'russian dnb' (Est: 0.7h left)... No artists.
[4133/6291] 'popullore jugu' (Est: 0.7h left)... No artists.
[4134/6291] 'technical black metal' (Est: 0.7h left)... Found 2.
[4135/6291] 'bansuri' (Est: 0.7h left)... No artists.
[4136/6291] 'soul flow' (Est: 0.7h left)... No artists.
[4137/6291] 'greek psychedelic rock' (Est: 0.7h left)... No artists.
[4138/6291] 'klapa' (Est: 0.7h left)... No artists.
[4139/6291] 'electronica chilena' (Est: 0.7h left)... No artists.
[4140/6291] 'birdsong' (Est: 0.7h left)... Found 3.
[4141/6291] 'reggae mexicano' (Est: 0.7h left)... No artists.
[4142/6291] 'puglia indie' (Est: 0.7h left)... No artists.
[4143/6291] 'deep new wave' (Est: 0.7h left)... No artists.
[4144/6291] 'somali pop' (Est: 0.7h left)... No artists.
[4145/6291] 'brazilian tech house' (Est: 0.7h left)... No artists.
[4146/6291] 'australian experimental' (Est: 0.7h left)... Found 1.
[4147/6291] 'ukhc' (Est: 0.7h left)... Found 1.
[4148/6291] '8-bit' (Est: 0.7h left)... Found 50.
[4149/6291] 'pop boliviano' (Est: 0.7h left)... No artists.
[4150/6291] 'indorock' (Est: 0.7h left)... Found 13.
💾 Checkpoint saved (30650 entities)
[4151/6291] 'uk stoner rock' (Est: 0.7h left)... No artists.
[4152/6291] 'south african country' (Est: 0.7h left)... No artists.
[4153/6291] 'canadian indigenous hip hop' (Est: 0.7h left)... No artists.
[4154/6291] 'indie folk italiano' (Est: 0.7h left)... No artists.
[4155/6291] 'bible' (Est: 0.7h left)... Found 7.
[4156/6291] 'berlin minimal techno' (Est: 0.7h left)... No artists.
[4157/6291] 'minimal dubstep' (Est: 0.7h left)... No artists.
[4158/6291] 'austro-german modernism' (Est: 0.7h left)... No artists.
[4159/6291] 'deep metalcore' (Est: 0.7h left)... No artists.
[4160/6291] 'japanese experimental' (Est: 0.7h left)... No artists.
[4161/6291] 'nz gangsta rap' (Est: 0.7h left)... No artists.
[4162/6291] 'persian trap' (Est: 0.7h left)... No artists.
[4163/6291] 'irish classical' (Est: 0.7h left)... No artists.
[4164/6291] 'italian ska' (Est: 0.7h left)... Found 1.
[4165/6291] 'mbira' (Est: 0.7h left)... Found 4.
[4166/6291] 'japanese girl punk' (Est: 0.7h left)... Found 2.
[4167/6291] 'shamisen' (Est: 0.7h left)... Found 7.
[4168/6291] 'focus trance' (Est: 0.7h left)... No artists.
[4169/6291] 'indie veneto' (Est: 0.7h left)... No artists.
[4170/6291] 'south african r&b' (Est: 0.7h left)... Found 1.
[4171/6291] 'musica nortena chilena' (Est: 0.7h left)... No artists.
[4172/6291] 'gypsy fusion' (Est: 0.7h left)... No artists.
[4173/6291] 'kansas indie' (Est: 0.7h left)... No artists.
[4174/6291] 'russian pop punk' (Est: 0.7h left)... No artists.
[4175/6291] 'purple sound' (Est: 0.7h left)... Found 6.
[4176/6291] 'dunedin sound' (Est: 0.7h left)... Found 19.
[4177/6291] 'japanese edm' (Est: 0.7h left)... No artists.
[4178/6291] 'technical brutal death metal' (Est: 0.7h left)... Found 38.
[4179/6291] 'outer hip hop' (Est: 0.7h left)... No artists.
[4180/6291] 'rap moldovenesc' (Est: 0.7h left)... No artists.
[4181/6291] 'japanese traditional' (Est: 0.7h left)... Found 3.
[4182/6291] 'pinoy metal' (Est: 0.7h left)... No artists.
[4183/6291] 'punjabi folk' (Est: 0.7h left)... No artists.
[4184/6291] 'edinburgh indie' (Est: 0.7h left)... No artists.
[4185/6291] 'classic moroccan pop' (Est: 0.7h left)... No artists.
[4186/6291] 'laulaja-lauluntekija' (Est: 0.7h left)... No artists.
[4187/6291] 'uruguayan indie' (Est: 0.7h left)... No artists.
[4188/6291] 'kids dance party' (Est: 0.7h left)... Found 1.
[4189/6291] 'erotic product' (Est: 0.7h left)... No artists.
[4190/6291] 'surinamese pop' (Est: 0.7h left)... No artists.
[4191/6291] 'post-punk mexicano' (Est: 0.7h left)... No artists.
[4192/6291] 'drill tuga' (Est: 0.7h left)... No artists.
[4193/6291] 'belgian new wave' (Est: 0.7h left)... No artists.
[4194/6291] 'classic bulgarian pop' (Est: 0.7h left)... No artists.
[4195/6291] 'joropo' (Est: 0.7h left)... Found 3.
[4196/6291] 'arkansas indie' (Est: 0.7h left)... No artists.
[4197/6291] 'italian contemporary jazz' (Est: 0.7h left)... No artists.
[4198/6291] 'west virginia indie' (Est: 0.7h left)... No artists.
[4199/6291] 'jazz venezolano' (Est: 0.7h left)... Found 1.
[4200/6291] 'mizo pop' (Est: 0.7h left)... No artists.
💾 Checkpoint saved (30766 entities)
[4201/6291] 'southern china indie' (Est: 0.7h left)... No artists.
[4202/6291] 'language' (Est: 0.7h left)... Found 50.
[4203/6291] 'destroy techno' (Est: 0.7h left)... No artists.
[4204/6291] 'lezginka' (Est: 0.7h left)... No artists.
[4205/6291] 'oberkrainer' (Est: 0.7h left)... Found 1.
[4206/6291] 'dancehall mauricien' (Est: 0.7h left)... No artists.
[4207/6291] 'stl indie' (Est: 0.7h left)... No artists.
[4208/6291] 'dutch blues' (Est: 0.7h left)... Found 1.
[4209/6291] 'lund indie' (Est: 0.7h left)... No artists.
[4210/6291] 'pacific islands gospel' (Est: 0.7h left)... No artists.
[4211/6291] 'lagu sabahan' (Est: 0.7h left)... No artists.
[4212/6291] 'indie pop rock' (Est: 0.7h left)... Found 7.
[4213/6291] 'musica occitana' (Est: 0.7h left)... No artists.
[4214/6291] 'vlaamse rap' (Est: 0.7h left)... No artists.
[4215/6291] 'turkish reggae' (Est: 0.7h left)... Found 1.
[4216/6291] 'contemporary folk' (Est: 0.7h left)... Found 50.
[4217/6291] 'spacesynth' (Est: 0.7h left)... Found 18.
[4218/6291] 'string folk' (Est: 0.7h left)... No artists.
[4219/6291] 'powwow' (Est: 0.7h left)... Found 1.
[4220/6291] 'german melodeath' (Est: 0.7h left)... No artists.
[4221/6291] 'minneapolis punk' (Est: 0.7h left)... No artists.
[4222/6291] 'wyoming indie' (Est: 0.7h left)... No artists.
[4223/6291] 'deep neofolk' (Est: 0.7h left)... No artists.
[4224/6291] 'detroit indie' (Est: 0.7h left)... No artists.
[4225/6291] 'country boogie' (Est: 0.7h left)... Found 4.
[4226/6291] 'east anglia indie' (Est: 0.7h left)... No artists.
[4227/6291] 'belgian jazz' (Est: 0.7h left)... No artists.
[4228/6291] 'milwaukee hip hop' (Est: 0.7h left)... No artists.
[4229/6291] 'romanian indie' (Est: 0.7h left)... No artists.
[4230/6291] 'canadian post-punk' (Est: 0.7h left)... No artists.
[4231/6291] 'yoruba worship' (Est: 0.7h left)... No artists.
[4232/6291] 'khmer hip hop' (Est: 0.7h left)... No artists.
[4233/6291] 'dutch jazz' (Est: 0.7h left)... No artists.
[4234/6291] 'finnish progressive metal' (Est: 0.7h left)... No artists.
[4235/6291] 'malagasy pop' (Est: 0.7h left)... No artists.
[4236/6291] 'korean soundtrack' (Est: 0.7h left)... No artists.
[4237/6291] 'afro psych' (Est: 0.7h left)... Found 1.
[4238/6291] 'vispop' (Est: 0.7h left)... Found 2.
[4239/6291] 'madrigal' (Est: 0.7h left)... Found 3.
[4240/6291] 'chill baile' (Est: 0.7h left)... No artists.
[4241/6291] 'drumfunk' (Est: 0.7h left)... Found 9.
[4242/6291] 'spanish indie rock' (Est: 0.7h left)... No artists.
[4243/6291] 'experimental club' (Est: 0.7h left)... Found 3.
[4244/6291] 'thrash core' (Est: 0.7h left)... No artists.
[4245/6291] 'hardcore punk espanol' (Est: 0.7h left)... No artists.
[4246/6291] 'indie rock colombiano' (Est: 0.7h left)... No artists.
[4247/6291] 'norrbotten indie' (Est: 0.7h left)... No artists.
[4248/6291] 'zydeco' (Est: 0.7h left)... Found 38.
[4249/6291] 'sierra leonean pop' (Est: 0.7h left)... Found 1.
[4250/6291] 'christlicher rap' (Est: 0.7h left)... No artists.
💾 Checkpoint saved (30939 entities)
[4251/6291] 'southeast asian post-rock' (Est: 0.7h left)... No artists.
[4252/6291] 'bisrock' (Est: 0.7h left)... Found 2.
[4253/6291] 'german street punk' (Est: 0.7h left)... Found 2.
[4254/6291] 'kyrgyz pop' (Est: 0.7h left)... No artists.
[4255/6291] 'russian shoegaze' (Est: 0.7h left)... No artists.
[4256/6291] 'cantaditas' (Est: 0.7h left)... No artists.
[4257/6291] 'japanese idm' (Est: 0.7h left)... No artists.
[4258/6291] 'brazilian experimental' (Est: 0.7h left)... No artists.
[4259/6291] 'little rock indie' (Est: 0.7h left)... No artists.
[4260/6291] 'traditional scottish folk' (Est: 0.7h left)... No artists.
[4261/6291] 'salay' (Est: 0.7h left)... No artists.
[4262/6291] 'malawian hip hop' (Est: 0.7h left)... No artists.
[4263/6291] 'belgian electronic' (Est: 0.7h left)... No artists.
[4264/6291] 'cologne electronic' (Est: 0.7h left)... No artists.
[4265/6291] 'american choir' (Est: 0.7h left)... Found 4.
[4266/6291] 'venda rap' (Est: 0.7h left)... No artists.
[4267/6291] 'gamelan' (Est: 0.7h left)... Found 30.
[4268/6291] 'swedish psychedelic rock' (Est: 0.7h left)... Found 1.
[4269/6291] 'tango cancion' (Est: 0.7h left)... No artists.
[4270/6291] 'british math rock' (Est: 0.7h left)... No artists.
[4271/6291] 'musica mocambicana' (Est: 0.7h left)... No artists.
[4272/6291] 'purulia pop' (Est: 0.7h left)... No artists.
[4273/6291] 'progressive breaks' (Est: 0.7h left)... Found 7.
[4274/6291] 'argentine hardcore' (Est: 0.7h left)... No artists.
[4275/6291] 'guitarra argentina' (Est: 0.7h left)... No artists.
[4276/6291] 'irish dance' (Est: 0.7h left)... Found 1.
[4277/6291] 'punk colombiano' (Est: 0.7h left)... No artists.
[4278/6291] 'new wave of osdm' (Est: 0.7h left)... No artists.
[4279/6291] 'african electronic' (Est: 0.7h left)... No artists.
[4280/6291] 'north dakota indie' (Est: 0.7h left)... No artists.
[4281/6291] 'minneapolis metal' (Est: 0.7h left)... No artists.
[4282/6291] 'danish black metal' (Est: 0.7h left)... No artists.
[4283/6291] 'dark psytrance' (Est: 0.7h left)... Found 50.
[4284/6291] 'baltic post-punk' (Est: 0.7h left)... Found 4.
[4285/6291] 'panamanian rock' (Est: 0.7h left)... No artists.
[4286/6291] 'deep ambient' (Est: 0.7h left)... Found 2.
[4287/6291] 'denver metal' (Est: 0.7h left)... No artists.
[4288/6291] 'hengelliset laulut' (Est: 0.7h left)... No artists.
[4289/6291] 'trallpunk' (Est: 0.7h left)... Found 15.
[4290/6291] 'early music choir' (Est: 0.7h left)... No artists.
[4291/6291] 'samba gospel' (Est: 0.7h left)... No artists.
[4292/6291] 'brazilian indie rock' (Est: 0.7h left)... Found 1.
[4293/6291] 'dutch black metal' (Est: 0.7h left)... No artists.
[4294/6291] 'chattanooga indie' (Est: 0.7h left)... No artists.
[4295/6291] 'navajo' (Est: 0.7h left)... Found 1.
[4296/6291] 'santali pop' (Est: 0.7h left)... No artists.
[4297/6291] 'musique tahitienne' (Est: 0.7h left)... No artists.
[4298/6291] 'german blues' (Est: 0.7h left)... No artists.
[4299/6291] 'mexican son' (Est: 0.7h left)... No artists.
[4300/6291] 'nordic shoegaze' (Est: 0.7h left)... No artists.
💾 Checkpoint saved (31090 entities)
[4301/6291] 'afrobeat fusion' (Est: 0.7h left)... No artists.
[4302/6291] 'indonesian trap' (Est: 0.7h left)... No artists.
[4303/6291] 'yoga' (Est: 0.7h left)... Found 8.
[4304/6291] 'uk noise rock' (Est: 0.7h left)... No artists.
[4305/6291] 'barbershop' (Est: 0.7h left)... Found 50.
[4306/6291] 'finnish black metal' (Est: 0.7h left)... Found 1.
[4307/6291] 'rap guarulhense' (Est: 0.7h left)... No artists.
[4308/6291] 'tunisian alternative' (Est: 0.7h left)... No artists.
[4309/6291] 'psychedelic jazz fusion' (Est: 0.7h left)... No artists.
[4310/6291] 'sefardi' (Est: 0.7h left)... No artists.
[4311/6291] 'irish drill' (Est: 0.7h left)... No artists.
[4312/6291] 'italian mandolin' (Est: 0.7h left)... No artists.
[4313/6291] 'classical harp' (Est: 0.7h left)... No artists.
[4314/6291] 'galego' (Est: 0.7h left)... Found 1.
[4315/6291] 'pei indie' (Est: 0.7h left)... No artists.
[4316/6291] 'myanmar indie' (Est: 0.7h left)... No artists.
[4317/6291] 'canadian psychedelic' (Est: 0.7h left)... No artists.
[4318/6291] 'australian techno' (Est: 0.7h left)... No artists.
[4319/6291] 'traditional rockabilly' (Est: 0.7h left)... No artists.
[4320/6291] 'german electronica' (Est: 0.7h left)... No artists.
[4321/6291] 'ney' (Est: 0.7h left)... Found 5.
[4322/6291] 'house argentino' (Est: 0.7h left)... No artists.
[4323/6291] 'lithuanian indie' (Est: 0.7h left)... Found 12.
[4324/6291] 'deep southern trap' (Est: 0.7h left)... No artists.
[4325/6291] 'vlaamse cabaret' (Est: 0.7h left)... No artists.
[4326/6291] 'ottawa indie' (Est: 0.7h left)... No artists.
[4327/6291] 'russian nu metal' (Est: 0.7h left)... No artists.
[4328/6291] 'khandeshi pop' (Est: 0.7h left)... No artists.
[4329/6291] 'musique acadienne' (Est: 0.7h left)... No artists.
[4330/6291] 'ragtime' (Est: 0.7h left)... Found 50.
[4331/6291] 'cabaret' (Est: 0.7h left)... Found 50.
[4332/6291] 'vintage chinese pop' (Est: 0.7h left)... No artists.
[4333/6291] 'nohay' (Est: 0.7h left)... No artists.
[4334/6291] 'rock tico' (Est: 0.7h left)... No artists.
[4335/6291] 'banda peruana' (Est: 0.7h left)... No artists.
[4336/6291] 'marimba mexicana' (Est: 0.7h left)... No artists.
[4337/6291] 'american orchestra' (Est: 0.7h left)... Found 28.
[4338/6291] 'abstract idm' (Est: 0.7h left)... No artists.
[4339/6291] 'brazilian blues' (Est: 0.7h left)... No artists.
[4340/6291] 'russian pixel' (Est: 0.7h left)... No artists.
[4341/6291] 'ny roots' (Est: 0.7h left)... No artists.
[4342/6291] 'sasscore' (Est: 0.6h left)... Found 28.
[4343/6291] 'voidgrind' (Est: 0.6h left)... No artists.
[4344/6291] 'assyrian pop' (Est: 0.6h left)... No artists.
[4345/6291] 'malaysian tamil rap' (Est: 0.6h left)... No artists.
[4346/6291] 'jazz violin' (Est: 0.6h left)... No artists.
[4347/6291] 'estonian rock' (Est: 0.6h left)... Found 1.
[4348/6291] 'greenlandic pop' (Est: 0.6h left)... No artists.
[4349/6291] 'japanese psychedelic rock' (Est: 0.6h left)... No artists.
[4350/6291] 'erhu' (Est: 0.6h left)... Found 3.
💾 Checkpoint saved (31310 entities)
[4351/6291] 'celtic harp' (Est: 0.6h left)... Found 5.
[4352/6291] 'ruta destroy' (Est: 0.6h left)... No artists.
[4353/6291] 'taiwan post-rock' (Est: 0.6h left)... No artists.
[4354/6291] 'belgian modern jazz' (Est: 0.6h left)... No artists.
[4355/6291] 'montana indie' (Est: 0.6h left)... No artists.
[4356/6291] 'euroska' (Est: 0.6h left)... No artists.
[4357/6291] 'neo-psicodelia brasileira' (Est: 0.6h left)... No artists.
[4358/6291] 'western saharan folk' (Est: 0.6h left)... No artists.
[4359/6291] 'pahadi pop' (Est: 0.6h left)... No artists.
[4360/6291] 'musica calabrese' (Est: 0.6h left)... No artists.
[4361/6291] 'deep melodic hard rock' (Est: 0.6h left)... No artists.
[4362/6291] 'luxembourgian indie' (Est: 0.6h left)... No artists.
[4363/6291] 'south african electronic' (Est: 0.6h left)... No artists.
[4364/6291] 'finnish jazz' (Est: 0.6h left)... No artists.
[4365/6291] 'synthwave brasileiro' (Est: 0.6h left)... No artists.
[4366/6291] 'turkish post-punk' (Est: 0.6h left)... No artists.
[4367/6291] 'vaudeville' (Est: 0.6h left)... Found 49.
[4368/6291] 'portuguese metal' (Est: 0.6h left)... No artists.
[4369/6291] 'boogie' (Est: 0.6h left)... Found 50.
[4370/6291] 'trap cristiano' (Est: 0.6h left)... Found 2.
[4371/6291] 'guidance' (Est: 0.6h left)... No artists.
[4372/6291] 'barnalog' (Est: 0.6h left)... No artists.
[4373/6291] 'australian comedy' (Est: 0.6h left)... No artists.
[4374/6291] 'slovak folk' (Est: 0.6h left)... No artists.
[4375/6291] 'dutch musical' (Est: 0.6h left)... No artists.
[4376/6291] 'piano house' (Est: 0.6h left)... Found 2.
[4377/6291] 'deep german punk' (Est: 0.6h left)... No artists.
[4378/6291] 'psychedelic blues-rock' (Est: 0.6h left)... Found 6.
[4379/6291] 'gospel amapiano' (Est: 0.6h left)... No artists.
[4380/6291] 'new wave of speed metal' (Est: 0.6h left)... Found 1.
[4381/6291] 'deep east coast hip hop' (Est: 0.6h left)... No artists.
[4382/6291] 'manitoba country' (Est: 0.6h left)... No artists.
[4383/6291] 'hip hop reunionnais' (Est: 0.6h left)... No artists.
[4384/6291] 'friese muziek' (Est: 0.6h left)... No artists.
[4385/6291] 'caracas indie' (Est: 0.6h left)... No artists.
[4386/6291] 'essex indie' (Est: 0.6h left)... No artists.
[4387/6291] 'tzadik' (Est: 0.6h left)... No artists.
[4388/6291] 'galician folk' (Est: 0.6h left)... Found 3.
[4389/6291] 'klezmer' (Est: 0.6h left)... Found 50.
[4390/6291] 'musica mapuche' (Est: 0.6h left)... No artists.
[4391/6291] 'jazz guitar trio' (Est: 0.6h left)... No artists.
[4392/6291] 'german death metal' (Est: 0.6h left)... No artists.
[4393/6291] 'traditional reggae' (Est: 0.6h left)... No artists.
[4394/6291] 'string band' (Est: 0.6h left)... Found 2.
[4395/6291] 'ambient dub techno' (Est: 0.6h left)... Found 2.
[4396/6291] 'wisconsin indie' (Est: 0.6h left)... No artists.
[4397/6291] 'swedish post-hardcore' (Est: 0.6h left)... No artists.
[4398/6291] 'thai instrumental' (Est: 0.6h left)... No artists.
[4399/6291] 'adelaide indie' (Est: 0.6h left)... No artists.
[4400/6291] 'new weird finland' (Est: 0.6h left)... Found 1.
💾 Checkpoint saved (31481 entities)
[4401/6291] 'son cubano clasico' (Est: 0.6h left)... No artists.
[4402/6291] 'georgian hip hop' (Est: 0.6h left)... No artists.
[4403/6291] 'dark electro' (Est: 0.6h left)... Found 50.
[4404/6291] 'musica goiana' (Est: 0.6h left)... No artists.
[4405/6291] 'humppa' (Est: 0.6h left)... Found 4.
[4406/6291] 'calgary indie' (Est: 0.6h left)... No artists.
[4407/6291] 'albany ny indie' (Est: 0.6h left)... No artists.
[4408/6291] 'uilleann pipes' (Est: 0.6h left)... Found 2.
[4409/6291] 'post-punk latinoamericano' (Est: 0.6h left)... No artists.
[4410/6291] 'technical grindcore' (Est: 0.6h left)... Found 5.
[4411/6291] 'musica indigena mexicana' (Est: 0.6h left)... No artists.
[4412/6291] 'polish hardcore' (Est: 0.6h left)... No artists.
[4413/6291] 'fo jing' (Est: 0.6h left)... No artists.
[4414/6291] 'musica mallorquina' (Est: 0.6h left)... No artists.
[4415/6291] 'lo star' (Est: 0.6h left)... No artists.
[4416/6291] 'judaica' (Est: 0.6h left)... No artists.
[4417/6291] 'chinese instrumental' (Est: 0.6h left)... No artists.
[4418/6291] 'nz metal' (Est: 0.6h left)... No artists.
[4419/6291] 'chicago mexican' (Est: 0.6h left)... No artists.
[4420/6291] 'euskal reggae' (Est: 0.6h left)... No artists.
[4421/6291] 'deep funk house' (Est: 0.6h left)... No artists.
[4422/6291] 'indonesian death metal' (Est: 0.6h left)... No artists.
[4423/6291] 'circus' (Est: 0.6h left)... Found 17.
[4424/6291] 'austrian black metal' (Est: 0.6h left)... No artists.
[4425/6291] 'speedcore' (Est: 0.6h left)... Found 50.
[4426/6291] 'portuguese techno' (Est: 0.6h left)... No artists.
[4427/6291] 'joseon pop' (Est: 0.6h left)... No artists.
[4428/6291] 'georgian alternative' (Est: 0.6h left)... No artists.
[4429/6291] 'indonesian emo rap' (Est: 0.6h left)... No artists.
[4430/6291] 'finnish progressive rock' (Est: 0.6h left)... No artists.
[4431/6291] 'cleveland indie' (Est: 0.6h left)... No artists.
[4432/6291] 'deep flow' (Est: 0.6h left)... No artists.
[4433/6291] 'talentos brasileiros' (Est: 0.6h left)... No artists.
[4434/6291] 'cybergrind' (Est: 0.6h left)... Found 50.
[4435/6291] 'grunge pop' (Est: 0.6h left)... Found 3.
[4436/6291] 'norwegian contemporary jazz' (Est: 0.6h left)... No artists.
[4437/6291] 'psybreaks' (Est: 0.6h left)... Found 3.
[4438/6291] 'african percussion' (Est: 0.6h left)... Found 2.
[4439/6291] 'folklore veracruzano' (Est: 0.6h left)... No artists.
[4440/6291] 'gothic post-punk' (Est: 0.6h left)... No artists.
[4441/6291] 'szanty' (Est: 0.6h left)... No artists.
[4442/6291] 'polish folk' (Est: 0.6h left)... Found 2.
[4443/6291] 'sinogaze' (Est: 0.6h left)... No artists.
[4444/6291] 'ukrainian alternative rock' (Est: 0.6h left)... No artists.
[4445/6291] 'forro manauara' (Est: 0.6h left)... No artists.
[4446/6291] 'blues-rock guitar' (Est: 0.6h left)... No artists.
[4447/6291] 'byzantine' (Est: 0.6h left)... Found 4.
[4448/6291] 'metal colombiano' (Est: 0.6h left)... No artists.
[4449/6291] 'rap tuga underground' (Est: 0.6h left)... No artists.
[4450/6291] 'finnish reggae' (Est: 0.6h left)... No artists.
💾 Checkpoint saved (31656 entities)
[4451/6291] 'underground boom bap' (Est: 0.6h left)... No artists.
[4452/6291] 'tijuana indie' (Est: 0.6h left)... No artists.
[4453/6291] 'macedonian hip hop' (Est: 0.6h left)... No artists.
[4454/6291] 'old school highlife' (Est: 0.6h left)... No artists.
[4455/6291] 'atmospheric doom' (Est: 0.6h left)... Found 36.
[4456/6291] 'georgian pop' (Est: 0.6h left)... No artists.
[4457/6291] 'taiwan electronic' (Est: 0.6h left)... No artists.
[4458/6291] 'classic danish rock' (Est: 0.6h left)... No artists.
[4459/6291] 'rap congolais' (Est: 0.6h left)... No artists.
[4460/6291] 'hip hop galsen' (Est: 0.6h left)... No artists.
[4461/6291] 'epic doom' (Est: 0.6h left)... Found 50.
[4462/6291] 'french folk' (Est: 0.6h left)... Found 15.
[4463/6291] 'experimental techno' (Est: 0.6h left)... Found 2.
[4464/6291] 'talentkonkurrence' (Est: 0.6h left)... No artists.
[4465/6291] 'mexican tech house' (Est: 0.6h left)... No artists.
[4466/6291] 'folklore cuyano' (Est: 0.6h left)... No artists.
[4467/6291] 'russian heavy metal' (Est: 0.6h left)... No artists.
[4468/6291] 'palestinian traditional' (Est: 0.6h left)... No artists.
[4469/6291] 'isle of wight indie' (Est: 0.6h left)... No artists.
[4470/6291] 'latvian indie' (Est: 0.6h left)... Found 1.
[4471/6291] 'lagu karo' (Est: 0.6h left)... No artists.
[4472/6291] 'electronicore' (Est: 0.6h left)... Found 50.
[4473/6291] 'washboard' (Est: 0.6h left)... Found 3.
[4474/6291] 'australian classical' (Est: 0.6h left)... Found 1.
[4475/6291] 'crossover prog' (Est: 0.6h left)... Found 50.
[4476/6291] 'ukrainian folk' (Est: 0.6h left)... Found 1.
[4477/6291] 'therapy' (Est: 0.6h left)... Found 2.
[4478/6291] 'finnish soul' (Est: 0.6h left)... No artists.
[4479/6291] 'atlantic canada hip hop' (Est: 0.6h left)... No artists.
[4480/6291] 'neo-crust' (Est: 0.6h left)... Found 1.
[4481/6291] 'cork indie' (Est: 0.6h left)... No artists.
[4482/6291] 'marching band' (Est: 0.6h left)... Found 9.
[4483/6291] 'experimental indie rock' (Est: 0.6h left)... No artists.
[4484/6291] 'canadian post-rock' (Est: 0.6h left)... No artists.
[4485/6291] 'blackened crust' (Est: 0.6h left)... Found 22.
[4486/6291] 'street band' (Est: 0.6h left)... No artists.
[4487/6291] 'electronica venezuela' (Est: 0.6h left)... No artists.
[4488/6291] 'darbuka' (Est: 0.6h left)... No artists.
[4489/6291] 'italian post-punk' (Est: 0.6h left)... Found 1.
[4490/6291] 'kashmiri pop' (Est: 0.6h left)... No artists.
[4491/6291] 'rap ecuatoriano' (Est: 0.6h left)... No artists.
[4492/6291] 'norwegian death metal' (Est: 0.6h left)... No artists.
[4493/6291] 'noise punk' (Est: 0.6h left)... Found 33.
[4494/6291] 'cameroonian hip hop' (Est: 0.6h left)... No artists.
[4495/6291] 'barockinterpreten' (Est: 0.6h left)... No artists.
[4496/6291] 'bmore' (Est: 0.6h left)... No artists.
[4497/6291] 'west-vlaamse hip hop' (Est: 0.6h left)... No artists.
[4498/6291] 'euskal metal' (Est: 0.6h left)... No artists.
[4499/6291] 'tanzlmusi' (Est: 0.6h left)... No artists.
[4500/6291] 'mallet' (Est: 0.6h left)... No artists.
💾 Checkpoint saved (31919 entities)
[4501/6291] 'maluku pop' (Est: 0.6h left)... No artists.
[4502/6291] 'neo-trad metal' (Est: 0.6h left)... Found 1.
[4503/6291] 'bolivian rock' (Est: 0.6h left)... No artists.
[4504/6291] 'junior songfestival' (Est: 0.6h left)... No artists.
[4505/6291] 'progressive thrash' (Est: 0.6h left)... Found 13.
[4506/6291] 'bisaya indie' (Est: 0.6h left)... No artists.
[4507/6291] 'pasodobles' (Est: 0.6h left)... No artists.
[4508/6291] 'hard minimal techno' (Est: 0.6h left)... No artists.
[4509/6291] 'gnawa' (Est: 0.6h left)... Found 23.
[4510/6291] 'jazz orchestra' (Est: 0.6h left)... Found 1.
[4511/6291] 'umea hardcore' (Est: 0.6h left)... No artists.
[4512/6291] 'finlandssvenska musik' (Est: 0.6h left)... No artists.
[4513/6291] 'emocore' (Est: 0.6h left)... Found 50.
[4514/6291] 'ilocano pop' (Est: 0.6h left)... No artists.
[4515/6291] 'belarusian punk' (Est: 0.6h left)... No artists.
[4516/6291] 'norwegian gospel' (Est: 0.6h left)... No artists.
[4517/6291] 'lagu tarling' (Est: 0.6h left)... No artists.
[4518/6291] 'korean shoegaze' (Est: 0.6h left)... No artists.
[4519/6291] 'rock progressif francais' (Est: 0.6h left)... No artists.
[4520/6291] 'bisaya worship' (Est: 0.6h left)... No artists.
[4521/6291] 'rap catarinense' (Est: 0.6h left)... Found 1.
[4522/6291] 'electronica peruana' (Est: 0.6h left)... No artists.
[4523/6291] 'ukrainian experimental' (Est: 0.6h left)... No artists.
[4524/6291] 'nordic classical piano' (Est: 0.6h left)... No artists.
[4525/6291] 'florida hardcore' (Est: 0.6h left)... No artists.
[4526/6291] 'traditional ska' (Est: 0.6h left)... No artists.
[4527/6291] 'thai metal' (Est: 0.6h left)... No artists.
[4528/6291] 'franco-flemish school' (Est: 0.6h left)... No artists.
[4529/6291] 'dutch experimental electronic' (Est: 0.6h left)... No artists.
[4530/6291] 'finnish doom metal' (Est: 0.6h left)... No artists.
[4531/6291] 'traditional english folk' (Est: 0.6h left)... No artists.
[4532/6291] 'canadian death metal' (Est: 0.6h left)... Found 1.
[4533/6291] 'musica pernambucana' (Est: 0.6h left)... No artists.
[4534/6291] 'kalmar indie' (Est: 0.6h left)... No artists.
[4535/6291] 'norwegian prog' (Est: 0.6h left)... No artists.
[4536/6291] 'ukrainian metal' (Est: 0.6h left)... Found 2.
[4537/6291] 'zim gospel' (Est: 0.6h left)... No artists.
[4538/6291] 'narodnozabavna' (Est: 0.6h left)... No artists.
[4539/6291] 'croatian indie' (Est: 0.6h left)... No artists.
[4540/6291] 'bachchon ke geet' (Est: 0.6h left)... No artists.
[4541/6291] 'russian classical piano' (Est: 0.6h left)... No artists.
[4542/6291] 'new england metal' (Est: 0.6h left)... No artists.
[4543/6291] 'komedi' (Est: 0.6h left)... No artists.
[4544/6291] 'czsk hyperpop' (Est: 0.6h left)... No artists.
[4545/6291] 'rock gotico' (Est: 0.6h left)... No artists.
[4546/6291] 'deep folk metal' (Est: 0.6h left)... No artists.
[4547/6291] 'canberra indie' (Est: 0.6h left)... Found 2.
[4548/6291] 'blues mexicano' (Est: 0.6h left)... No artists.
[4549/6291] 'hip hop boliviano' (Est: 0.6h left)... No artists.
[4550/6291] 'balfolk' (Est: 0.6h left)... Found 5.
💾 Checkpoint saved (32040 entities)
[4551/6291] 'jewish a capella' (Est: 0.6h left)... No artists.
[4552/6291] 'japanese house' (Est: 0.6h left)... No artists.
[4553/6291] 'sesotho pop' (Est: 0.6h left)... No artists.
[4554/6291] 'musica mexiquense' (Est: 0.6h left)... No artists.
[4555/6291] 'musica valenciana' (Est: 0.6h left)... No artists.
[4556/6291] 'modern jangle pop' (Est: 0.6h left)... No artists.
[4557/6291] 'dark ambient' (Est: 0.6h left)... Found 50.
[4558/6291] 'faroese indie' (Est: 0.6h left)... No artists.
[4559/6291] 'greek black metal' (Est: 0.6h left)... No artists.
[4560/6291] 'deep freestyle' (Est: 0.6h left)... No artists.
[4561/6291] 'noisecore' (Est: 0.6h left)... Found 50.
[4562/6291] 'american oi' (Est: 0.6h left)... Found 2.
[4563/6291] 'balkan post-punk' (Est: 0.6h left)... Found 1.
[4564/6291] 'grenada soca' (Est: 0.6h left)... No artists.
[4565/6291] 'dainuojamoji poezija' (Est: 0.6h left)... Found 5.
[4566/6291] 'military cadence' (Est: 0.6h left)... No artists.
[4567/6291] 'bodo pop' (Est: 0.6h left)... No artists.
[4568/6291] 'musique touareg' (Est: 0.6h left)... No artists.
[4569/6291] 'myanmar hip hop' (Est: 0.6h left)... No artists.
[4570/6291] 'emoviolence' (Est: 0.6h left)... Found 50.
[4571/6291] 'azeri alternative' (Est: 0.6h left)... No artists.
[4572/6291] 'indie tico' (Est: 0.6h left)... Found 1.
[4573/6291] 'musique mariage algerien' (Est: 0.6h left)... No artists.
[4574/6291] 'lithuanian rock' (Est: 0.6h left)... Found 27.
[4575/6291] 'indie campechano' (Est: 0.6h left)... No artists.
[4576/6291] 'albanian rock' (Est: 0.6h left)... No artists.
[4577/6291] 'punk galego' (Est: 0.6h left)... No artists.
[4578/6291] 'massage' (Est: 0.6h left)... No artists.
[4579/6291] 'italian metalcore' (Est: 0.6h left)... No artists.
[4580/6291] 'virginia indie' (Est: 0.6h left)... No artists.
[4581/6291] 'french hardcore' (Est: 0.6h left)... Found 3.
[4582/6291] 'maine hip hop' (Est: 0.6h left)... No artists.
[4583/6291] 'taraneem' (Est: 0.6h left)... No artists.
[4584/6291] 'tibetan mantra' (Est: 0.6h left)... No artists.
[4585/6291] 'bangladeshi hip hop' (Est: 0.6h left)... Found 1.
[4586/6291] 'estonian electronic' (Est: 0.6h left)... No artists.
[4587/6291] 'pune indie' (Est: 0.6h left)... No artists.
[4588/6291] 'italian post-hardcore' (Est: 0.6h left)... No artists.
[4589/6291] 'iowa hip hop' (Est: 0.6h left)... No artists.
[4590/6291] 'musica antigua' (Est: 0.6h left)... No artists.
[4591/6291] 'swiss worship' (Est: 0.6h left)... No artists.
[4592/6291] 'lagu manado' (Est: 0.6h left)... No artists.
[4593/6291] 'tijuana electronic' (Est: 0.6h left)... No artists.
[4594/6291] 'xinyao' (Est: 0.6h left)... No artists.
[4595/6291] 'japanese classical piano' (Est: 0.6h left)... No artists.
[4596/6291] 'swedish experimental' (Est: 0.6h left)... No artists.
[4597/6291] 'russian emo' (Est: 0.6h left)... No artists.
[4598/6291] 'swiss black metal' (Est: 0.6h left)... No artists.
[4599/6291] 'russian post-rock' (Est: 0.6h left)... No artists.
[4600/6291] 'swedish underground rap' (Est: 0.6h left)... No artists.
💾 Checkpoint saved (32201 entities)
[4601/6291] 'winnipeg hip hop' (Est: 0.6h left)... No artists.
[4602/6291] 'avant-garde black metal' (Est: 0.6h left)... Found 27.
[4603/6291] 'classic tollywood' (Est: 0.6h left)... No artists.
[4604/6291] 'knoxville indie' (Est: 0.6h left)... No artists.
[4605/6291] 'mincecore' (Est: 0.6h left)... Found 12.
[4606/6291] 'musica sammarinese' (Est: 0.6h left)... No artists.
[4607/6291] 'australian hardcore' (Est: 0.6h left)... Found 1.
[4608/6291] 'forro instrumental' (Est: 0.6h left)... No artists.
[4609/6291] 'bajan soca' (Est: 0.6h left)... No artists.
[4610/6291] 'bosnian indie' (Est: 0.6h left)... No artists.
[4611/6291] 'louisville underground' (Est: 0.6h left)... No artists.
[4612/6291] 'czech alternative rap' (Est: 0.6h left)... No artists.
[4613/6291] 'korean bl ost' (Est: 0.6h left)... No artists.
[4614/6291] 'bangalore indie' (Est: 0.6h left)... No artists.
[4615/6291] 'chimurenga' (Est: 0.6h left)... Found 8.
[4616/6291] 'trash rock' (Est: 0.6h left)... Found 7.
[4617/6291] 'togolese pop' (Est: 0.6h left)... No artists.
[4618/6291] 'uk diy punk' (Est: 0.6h left)... Found 1.
[4619/6291] 'cornwall indie' (Est: 0.6h left)... No artists.
[4620/6291] 'montana roots' (Est: 0.6h left)... No artists.
[4621/6291] 'brasilia indie' (Est: 0.6h left)... No artists.
[4622/6291] 'canadian comedy' (Est: 0.6h left)... No artists.
[4623/6291] 'electronica cristiana' (Est: 0.6h left)... No artists.
[4624/6291] 'deep dance pop' (Est: 0.6h left)... No artists.
[4625/6291] 'yemeni pop' (Est: 0.6h left)... No artists.
[4626/6291] 'modern big band' (Est: 0.6h left)... No artists.
[4627/6291] 'bagpipe marching band' (Est: 0.6h left)... No artists.
[4628/6291] 'gospel soul' (Est: 0.6h left)... No artists.
[4629/6291] 'muzica usoara' (Est: 0.6h left)... Found 1.
[4630/6291] 'brazilian death metal' (Est: 0.6h left)... No artists.
[4631/6291] 'krajiska muzika' (Est: 0.6h left)... No artists.
[4632/6291] 'spanish experimental' (Est: 0.6h left)... Found 1.
[4633/6291] 'tribute' (Est: 0.6h left)... Found 50.
[4634/6291] 'german classical piano' (Est: 0.6h left)... No artists.
[4635/6291] 'musica paranaense' (Est: 0.6h left)... No artists.
[4636/6291] 'london on indie' (Est: 0.6h left)... No artists.
[4637/6291] 'japanese bedroom pop' (Est: 0.6h left)... No artists.
[4638/6291] 'kannada bhava geethe' (Est: 0.6h left)... No artists.
[4639/6291] 'german hardcore' (Est: 0.6h left)... No artists.
[4640/6291] 'dresden indie' (Est: 0.6h left)... No artists.
[4641/6291] 'hi-tech' (Est: 0.6h left)... Found 15.
[4642/6291] 'psychedelic space rock' (Est: 0.5h left)... Found 5.
[4643/6291] 'australian jazz' (Est: 0.5h left)... Found 1.
[4644/6291] 'pre-war blues' (Est: 0.5h left)... No artists.
[4645/6291] 'polka nortena' (Est: 0.5h left)... No artists.
[4646/6291] 'slovak electronic' (Est: 0.5h left)... No artists.
[4647/6291] 'hausa pop' (Est: 0.5h left)... No artists.
[4648/6291] 'indonesian hyperpop' (Est: 0.5h left)... No artists.
[4649/6291] 'oslo indie' (Est: 0.5h left)... No artists.
[4650/6291] 'college marching band' (Est: 0.5h left)... Found 1.
💾 Checkpoint saved (32365 entities)
[4651/6291] 'black death' (Est: 0.5h left)... Found 47.
[4652/6291] 'cascadian black metal' (Est: 0.5h left)... Found 1.
[4653/6291] 'latino comedy' (Est: 0.5h left)... No artists.
[4654/6291] 'classical trumpet' (Est: 0.5h left)... No artists.
[4655/6291] 'raspe' (Est: 0.5h left)... No artists.
[4656/6291] 'beach music' (Est: 0.5h left)... Found 2.
[4657/6291] 'italian death metal' (Est: 0.5h left)... Found 1.
[4658/6291] 'polyphonies corses' (Est: 0.5h left)... No artists.
[4659/6291] 'dikir barat' (Est: 0.5h left)... No artists.
[4660/6291] 'icelandic post-punk' (Est: 0.5h left)... No artists.
[4661/6291] 'second line' (Est: 0.5h left)... Found 1.
[4662/6291] 'finnish metalcore' (Est: 0.5h left)... No artists.
[4663/6291] 'stuttgart indie' (Est: 0.5h left)... No artists.
[4664/6291] 'cascadia psych' (Est: 0.5h left)... No artists.
[4665/6291] 'texas death metal' (Est: 0.5h left)... No artists.
[4666/6291] 'deep melodic death metal' (Est: 0.5h left)... No artists.
[4667/6291] 'bornehistorier' (Est: 0.5h left)... No artists.
[4668/6291] 'hjemmesnekk' (Est: 0.5h left)... No artists.
[4669/6291] 'canadian black metal' (Est: 0.5h left)... Found 1.
[4670/6291] 'polish thrash metal' (Est: 0.5h left)... No artists.
[4671/6291] 'seattle metal' (Est: 0.5h left)... No artists.
[4672/6291] 'muzica moldoveneasca' (Est: 0.5h left)... No artists.
[4673/6291] 'd-beat' (Est: 0.5h left)... Found 50.
[4674/6291] 'nyc metal' (Est: 0.5h left)... Found 1.
[4675/6291] 'finnish electro' (Est: 0.5h left)... No artists.
[4676/6291] 'acousmatic' (Est: 0.5h left)... Found 28.
[4677/6291] 'backing track' (Est: 0.5h left)... No artists.
[4678/6291] 'mindfulness' (Est: 0.5h left)... Found 1.
[4679/6291] 'traditional funk' (Est: 0.5h left)... No artists.
[4680/6291] 'michigan folk' (Est: 0.5h left)... No artists.
[4681/6291] 'breaks' (Est: 0.5h left)... Found 50.
[4682/6291] 'dessin anime' (Est: 0.5h left)... No artists.
[4683/6291] 'irish banjo' (Est: 0.5h left)... No artists.
[4684/6291] 'ukrainian black metal' (Est: 0.5h left)... No artists.
[4685/6291] 'igbo traditional' (Est: 0.5h left)... No artists.
[4686/6291] 'malmo indie' (Est: 0.5h left)... Found 1.
[4687/6291] 'latvian rock' (Est: 0.5h left)... No artists.
[4688/6291] 'finnish worship' (Est: 0.5h left)... No artists.
[4689/6291] 'german stoner rock' (Est: 0.5h left)... No artists.
[4690/6291] 'deep funk' (Est: 0.5h left)... Found 5.
[4691/6291] 'musica de intervencao' (Est: 0.5h left)... No artists.
[4692/6291] 'rap gaucho' (Est: 0.5h left)... No artists.
[4693/6291] 'danish death metal' (Est: 0.5h left)... No artists.
[4694/6291] 'mexican death metal' (Est: 0.5h left)... No artists.
[4695/6291] 'dub metal' (Est: 0.5h left)... No artists.
[4696/6291] 'milwaukee indie' (Est: 0.5h left)... No artists.
[4697/6291] 'cantonese worship' (Est: 0.5h left)... No artists.
[4698/6291] 'lasten satuja' (Est: 0.5h left)... No artists.
[4699/6291] 'musique nigerienne' (Est: 0.5h left)... No artists.
[4700/6291] 'indonesian deathcore' (Est: 0.5h left)... No artists.
💾 Checkpoint saved (32541 entities)
[4701/6291] 'kabyle moderne' (Est: 0.5h left)... No artists.
[4702/6291] 'russian old school hip hop' (Est: 0.5h left)... No artists.
[4703/6291] 'street punk' (Est: 0.5h left)... Found 49.
[4704/6291] 'algerian folk' (Est: 0.5h left)... No artists.
[4705/6291] 'underground grunge' (Est: 0.5h left)... No artists.
[4706/6291] 'japanese classical performance' (Est: 0.5h left)... Found 1.
[4707/6291] 'classical soprano' (Est: 0.5h left)... No artists.
[4708/6291] 'ua trap' (Est: 0.5h left)... No artists.
[4709/6291] 'sevilla indie' (Est: 0.5h left)... No artists.
[4710/6291] 'reggae tico' (Est: 0.5h left)... No artists.
[4711/6291] 'zenonesque' (Est: 0.5h left)... Found 2.
[4712/6291] 'old school nederhop' (Est: 0.5h left)... No artists.
[4713/6291] 'pinoy edm' (Est: 0.5h left)... No artists.
[4714/6291] 'cymraeg' (Est: 0.5h left)... Found 5.
[4715/6291] 'slovak indie' (Est: 0.5h left)... No artists.
[4716/6291] 'afrikaans gqom' (Est: 0.5h left)... No artists.
[4717/6291] 'noel quebecois' (Est: 0.5h left)... No artists.
[4718/6291] 'odia bhajan' (Est: 0.5h left)... No artists.
[4719/6291] 'turkish classical performance' (Est: 0.5h left)... No artists.
[4720/6291] 'rwandan gospel' (Est: 0.5h left)... Found 1.
[4721/6291] 'kuduro antigo' (Est: 0.5h left)... No artists.
[4722/6291] 'swedish blues' (Est: 0.5h left)... No artists.
[4723/6291] 'turkish classical' (Est: 0.5h left)... Found 18.
[4724/6291] 'rap abc paulista' (Est: 0.5h left)... No artists.
[4725/6291] 'polish techno' (Est: 0.5h left)... No artists.
[4726/6291] 'rock campineiro' (Est: 0.5h left)... No artists.
[4727/6291] 'italian jazz fusion' (Est: 0.5h left)... No artists.
[4728/6291] 'neo grime' (Est: 0.5h left)... No artists.
[4729/6291] 'algorave' (Est: 0.5h left)... Found 3.
[4730/6291] 'canadian rockabilly' (Est: 0.5h left)... No artists.
[4731/6291] 'cardiff indie' (Est: 0.5h left)... Found 1.
[4732/6291] 'zambian gospel' (Est: 0.5h left)... No artists.
[4733/6291] 'cornish folk' (Est: 0.5h left)... No artists.
[4734/6291] 'japanese post-punk' (Est: 0.5h left)... No artists.
[4735/6291] 'hard rock mexicano' (Est: 0.5h left)... No artists.
[4736/6291] 'kansas hip hop' (Est: 0.5h left)... No artists.
[4737/6291] 'spanish jazz' (Est: 0.5h left)... No artists.
[4738/6291] 'south dakota indie' (Est: 0.5h left)... No artists.
[4739/6291] 'adivasi pop' (Est: 0.5h left)... No artists.
[4740/6291] 'kokborok pop' (Est: 0.5h left)... No artists.
[4741/6291] 'fuji' (Est: 0.5h left)... Found 3.
[4742/6291] 'historic piano performance' (Est: 0.5h left)... No artists.
[4743/6291] 'melbourne hip hop' (Est: 0.5h left)... No artists.
[4744/6291] 'portuguese indie rock' (Est: 0.5h left)... Found 1.
[4745/6291] 'malagasy folk' (Est: 0.5h left)... No artists.
[4746/6291] 'french oi' (Est: 0.5h left)... No artists.
[4747/6291] 'arizona punk' (Est: 0.5h left)... Found 2.
[4748/6291] 'musica colombiana instrumental' (Est: 0.5h left)... No artists.
[4749/6291] 'russian romance' (Est: 0.5h left)... Found 7.
[4750/6291] 'japanese death metal' (Est: 0.5h left)... No artists.
💾 Checkpoint saved (32662 entities)
[4751/6291] 'rautalanka' (Est: 0.5h left)... Found 4.
[4752/6291] 'gabonese pop' (Est: 0.5h left)... No artists.
[4753/6291] 'rock cearense' (Est: 0.5h left)... No artists.
[4754/6291] 'heligonka' (Est: 0.5h left)... No artists.
[4755/6291] 'greek folk' (Est: 0.5h left)... Found 17.
[4756/6291] 'lounge house' (Est: 0.5h left)... Found 1.
[4757/6291] 'mexican experimental' (Est: 0.5h left)... No artists.
[4758/6291] 'northwest china indie' (Est: 0.5h left)... No artists.
[4759/6291] 'mexican hardcore' (Est: 0.5h left)... No artists.
[4760/6291] 'singaporean indie' (Est: 0.5h left)... No artists.
[4761/6291] 'baja indie' (Est: 0.5h left)... No artists.
[4762/6291] 'jazz flute' (Est: 0.5h left)... No artists.
[4763/6291] 'liechtenstein' (Est: 0.5h left)... No artists.
[4764/6291] 'german post-punk' (Est: 0.5h left)... No artists.
[4765/6291] 'native american hip hop' (Est: 0.5h left)... No artists.
[4766/6291] 'deep psychobilly' (Est: 0.5h left)... No artists.
[4767/6291] 'classical jazz fusion' (Est: 0.5h left)... No artists.
[4768/6291] 'go-go' (Est: 0.5h left)... Found 11.
[4769/6291] 'sesotho hip hop' (Est: 0.5h left)... No artists.
[4770/6291] 'uzbek hip hop' (Est: 0.5h left)... No artists.
[4771/6291] 'muzica populara' (Est: 0.5h left)... No artists.
[4772/6291] 'perth hip hop' (Est: 0.5h left)... No artists.
[4773/6291] 'anthem' (Est: 0.5h left)... Found 26.
[4774/6291] 'bulgarian r&b' (Est: 0.5h left)... No artists.
[4775/6291] 'lawrence ks indie' (Est: 0.5h left)... No artists.
[4776/6291] 'death doom' (Est: 0.5h left)... Found 50.
[4777/6291] 'bal-musette' (Est: 0.5h left)... No artists.
[4778/6291] 'dutch death metal' (Est: 0.5h left)... No artists.
[4779/6291] 'deep darkpsy' (Est: 0.5h left)... No artists.
[4780/6291] 'rock paraibano' (Est: 0.5h left)... No artists.
[4781/6291] 'balinese traditional' (Est: 0.5h left)... No artists.
[4782/6291] 'kritika' (Est: 0.5h left)... No artists.
[4783/6291] 'doomcore' (Est: 0.5h left)... Found 7.
[4784/6291] 'ugandan gospel' (Est: 0.5h left)... No artists.
[4785/6291] 'australian post-rock' (Est: 0.5h left)... Found 1.
[4786/6291] 'metal catala' (Est: 0.5h left)... No artists.
[4787/6291] 'musica eletronica brasileira' (Est: 0.5h left)... Found 1.
[4788/6291] 'native american spiritual' (Est: 0.5h left)... No artists.
[4789/6291] 'schwyzerorgeli' (Est: 0.5h left)... No artists.
[4790/6291] 'khmer' (Est: 0.5h left)... Found 1.
[4791/6291] 'italian pop punk' (Est: 0.5h left)... No artists.
[4792/6291] 'canadian drill' (Est: 0.5h left)... No artists.
[4793/6291] 'old school uk hip hop' (Est: 0.5h left)... No artists.
[4794/6291] 'indian metal' (Est: 0.5h left)... Found 1.
[4795/6291] 'ethiopian hip hop' (Est: 0.5h left)... No artists.
[4796/6291] 'murga' (Est: 0.5h left)... Found 6.
[4797/6291] 'tigrigna pop' (Est: 0.5h left)... No artists.
[4798/6291] 'hull indie' (Est: 0.5h left)... No artists.
[4799/6291] 'grunneger muziek' (Est: 0.5h left)... No artists.
[4800/6291] 'power noise' (Est: 0.5h left)... Found 42.
💾 Checkpoint saved (32808 entities)
[4801/6291] 'musica etnica' (Est: 0.5h left)... No artists.
[4802/6291] 'norwegian doom metal' (Est: 0.5h left)... No artists.
[4803/6291] 'whale song' (Est: 0.5h left)... Found 2.
[4804/6291] 'danish punk' (Est: 0.5h left)... No artists.
[4805/6291] 'hardcore breaks' (Est: 0.5h left)... Found 10.
[4806/6291] 'ostschlager' (Est: 0.5h left)... Found 50.
[4807/6291] 'new tejano' (Est: 0.5h left)... No artists.
[4808/6291] 'beninese pop' (Est: 0.5h left)... No artists.
[4809/6291] 'prog quebec' (Est: 0.5h left)... No artists.
[4810/6291] 'black speed metal' (Est: 0.5h left)... Found 3.
[4811/6291] 'japanese techno' (Est: 0.5h left)... No artists.
[4812/6291] 'swedish post-punk' (Est: 0.5h left)... No artists.
[4813/6291] 'prepared piano' (Est: 0.5h left)... Found 1.
[4814/6291] 'norman ok indie' (Est: 0.5h left)... No artists.
[4815/6291] 'australian death metal' (Est: 0.5h left)... No artists.
[4816/6291] 'german renaissance' (Est: 0.5h left)... No artists.
[4817/6291] 'brass ensemble' (Est: 0.5h left)... Found 1.
[4818/6291] 'dundee indie' (Est: 0.5h left)... No artists.
[4819/6291] 'taiwanese indigenous music' (Est: 0.5h left)... No artists.
[4820/6291] 'deep punk rock' (Est: 0.5h left)... Found 1.
[4821/6291] 'classic sudanese pop' (Est: 0.5h left)... No artists.
[4822/6291] 'rap sureno chileno' (Est: 0.5h left)... No artists.
[4823/6291] 'estonian indie' (Est: 0.5h left)... No artists.
[4824/6291] 'chaabi algerien' (Est: 0.5h left)... No artists.
[4825/6291] 'balkan folk metal' (Est: 0.5h left)... No artists.
[4826/6291] 'hypnosis' (Est: 0.5h left)... Found 1.
[4827/6291] 'fado antigo' (Est: 0.5h left)... No artists.
[4828/6291] 'comptine africaine' (Est: 0.5h left)... No artists.
[4829/6291] 'argentine jazz' (Est: 0.5h left)... No artists.
[4830/6291] 'finnish folk' (Est: 0.5h left)... Found 2.
[4831/6291] 'xhosa hip hop' (Est: 0.5h left)... No artists.
[4832/6291] 'goa hip hop' (Est: 0.5h left)... No artists.
[4833/6291] 'jumptek' (Est: 0.5h left)... No artists.
[4834/6291] 'musique mahoraise' (Est: 0.5h left)... Found 1.
[4835/6291] 'surinamese hip hop' (Est: 0.5h left)... No artists.
[4836/6291] 'serbian indie' (Est: 0.5h left)... Found 1.
[4837/6291] 'medieval black metal' (Est: 0.5h left)... Found 1.
[4838/6291] 'punk mexicano' (Est: 0.5h left)... No artists.
[4839/6291] 'meenawati' (Est: 0.5h left)... No artists.
[4840/6291] 'mongolian folk' (Est: 0.5h left)... Found 5.
[4841/6291] 'persian neo-traditional' (Est: 0.5h left)... Found 1.
[4842/6291] 'swedish pop punk' (Est: 0.5h left)... No artists.
[4843/6291] 'russian experimental electronic' (Est: 0.5h left)... No artists.
[4844/6291] 'jazz accordion' (Est: 0.5h left)... No artists.
[4845/6291] 'australian post-punk' (Est: 0.5h left)... No artists.
[4846/6291] 'hampton roads indie' (Est: 0.5h left)... No artists.
[4847/6291] 'indie salvadoreno' (Est: 0.5h left)... No artists.
[4848/6291] 'saraiki pop' (Est: 0.5h left)... No artists.
[4849/6291] 'contemporary choir' (Est: 0.5h left)... No artists.
[4850/6291] 'norwegian psychedelic' (Est: 0.5h left)... No artists.
💾 Checkpoint saved (32921 entities)
[4851/6291] 'west yorkshire indie' (Est: 0.5h left)... No artists.
[4852/6291] 'uk rockabilly' (Est: 0.5h left)... Found 1.
[4853/6291] 'cambodian rock' (Est: 0.5h left)... No artists.
[4854/6291] 'harmonica jazz' (Est: 0.5h left)... No artists.
[4855/6291] 'chilean metal' (Est: 0.5h left)... No artists.
[4856/6291] 'nisiotika' (Est: 0.5h left)... No artists.
[4857/6291] 'kerkkoor' (Est: 0.5h left)... No artists.
[4858/6291] 'scottish indie folk' (Est: 0.5h left)... No artists.
[4859/6291] 'deep vocal jazz' (Est: 0.5h left)... No artists.
[4860/6291] 'juju' (Est: 0.5h left)... Found 8.
[4861/6291] 'japanese progressive house' (Est: 0.5h left)... No artists.
[4862/6291] 'czech electronic' (Est: 0.5h left)... No artists.
[4863/6291] 'orquesta tropical' (Est: 0.5h left)... No artists.
[4864/6291] 'czsk electropop' (Est: 0.5h left)... No artists.
[4865/6291] 'mexican classical' (Est: 0.5h left)... No artists.
[4866/6291] 'cocuk masallari' (Est: 0.5h left)... No artists.
[4867/6291] 'rap salvadoreno' (Est: 0.5h left)... No artists.
[4868/6291] 'symphonic melodic death metal' (Est: 0.5h left)... Found 3.
[4869/6291] 'experimental psych' (Est: 0.5h left)... No artists.
[4870/6291] 'icelandic jazz' (Est: 0.5h left)... No artists.
[4871/6291] 'bloco' (Est: 0.5h left)... No artists.
[4872/6291] 'dansk lovsang' (Est: 0.5h left)... No artists.
[4873/6291] 'musiikkia lapista' (Est: 0.5h left)... No artists.
[4874/6291] 'neo soul-jazz' (Est: 0.5h left)... No artists.
[4875/6291] 'indie michoacano' (Est: 0.5h left)... No artists.
[4876/6291] 'bulgarian electronic' (Est: 0.5h left)... No artists.
[4877/6291] 'turkmen pop' (Est: 0.5h left)... No artists.
[4878/6291] 'carnatic instrumental' (Est: 0.5h left)... No artists.
[4879/6291] 'baltic folk' (Est: 0.5h left)... No artists.
[4880/6291] 'icelandic metal' (Est: 0.5h left)... Found 1.
[4881/6291] 'rock goiano' (Est: 0.5h left)... No artists.
[4882/6291] 'chinese electronic' (Est: 0.5h left)... No artists.
[4883/6291] 'konkani pop' (Est: 0.5h left)... No artists.
[4884/6291] 'chennai indie' (Est: 0.5h left)... No artists.
[4885/6291] 'chant basque' (Est: 0.5h left)... No artists.
[4886/6291] 'christian deathcore' (Est: 0.5h left)... Found 1.
[4887/6291] 'lao hip hop' (Est: 0.5h left)... No artists.
[4888/6291] 'classic tunisian pop' (Est: 0.5h left)... No artists.
[4889/6291] 'maltese pop' (Est: 0.5h left)... No artists.
[4890/6291] 'blackened hardcore' (Est: 0.5h left)... Found 7.
[4891/6291] 'scottish gaelic folk' (Est: 0.5h left)... No artists.
[4892/6291] 'steel guitar' (Est: 0.5h left)... Found 4.
[4893/6291] 'chabad niggunim' (Est: 0.5h left)... No artists.
[4894/6291] 'norwegian experimental' (Est: 0.5h left)... No artists.
[4895/6291] 'slovenian folk' (Est: 0.5h left)... No artists.
[4896/6291] 'coventry indie' (Est: 0.5h left)... No artists.
[4897/6291] 'quarteto gospel' (Est: 0.5h left)... No artists.
[4898/6291] 'arpa grande' (Est: 0.5h left)... No artists.
[4899/6291] 'musica sul-mato-grossense' (Est: 0.5h left)... No artists.
[4900/6291] 'nz jazz' (Est: 0.5h left)... Found 1.
💾 Checkpoint saved (32988 entities)
[4901/6291] 'string quartet' (Est: 0.5h left)... Found 50.
[4902/6291] 'burundian pop' (Est: 0.5h left)... No artists.
[4903/6291] 'malaysian metal' (Est: 0.5h left)... No artists.
[4904/6291] 'free folk' (Est: 0.5h left)... Found 27.
[4905/6291] 'honky-tonk piano' (Est: 0.5h left)... No artists.
[4906/6291] 'musica andorra' (Est: 0.5h left)... No artists.
[4907/6291] 'britcore' (Est: 0.5h left)... Found 10.
[4908/6291] 'mezwed' (Est: 0.5h left)... No artists.
[4909/6291] 'modular techno' (Est: 0.5h left)... No artists.
[4910/6291] 'gotlandsk musik' (Est: 0.5h left)... No artists.
[4911/6291] 'meyxana' (Est: 0.5h left)... No artists.
[4912/6291] 'sean-nos singing' (Est: 0.5h left)... No artists.
[4913/6291] 'old school ebm' (Est: 0.5h left)... Found 6.
[4914/6291] 'mluvene slovo' (Est: 0.5h left)... No artists.
[4915/6291] 'skinhead oi' (Est: 0.5h left)... No artists.
[4916/6291] 'basque folk' (Est: 0.5h left)... No artists.
[4917/6291] 'igbo worship' (Est: 0.5h left)... No artists.
[4918/6291] 'gospel blues' (Est: 0.5h left)... Found 2.
[4919/6291] 'deep sunset lounge' (Est: 0.5h left)... No artists.
[4920/6291] 'detski pesnichki' (Est: 0.5h left)... No artists.
[4921/6291] 'ukrainian ccm' (Est: 0.5h left)... No artists.
[4922/6291] 'musique mandingue' (Est: 0.5h left)... No artists.
[4923/6291] 'nueva ola peruana' (Est: 0.5h left)... No artists.
[4924/6291] 'scottish fiddle' (Est: 0.5h left)... No artists.
[4925/6291] 'welsh folk' (Est: 0.5h left)... Found 3.
[4926/6291] 'weightless' (Est: 0.5h left)... Found 3.
[4927/6291] 'spanish renaissance' (Est: 0.5h left)... No artists.
[4928/6291] 'danish experimental' (Est: 0.5h left)... Found 1.
[4929/6291] 'portuguese black metal' (Est: 0.5h left)... No artists.
[4930/6291] 'swiss jazz' (Est: 0.5h left)... No artists.
[4931/6291] 'nu electro' (Est: 0.5h left)... Found 1.
[4932/6291] 'heavy gothic rock' (Est: 0.5h left)... No artists.
[4933/6291] 'lao pop' (Est: 0.5h left)... No artists.
[4934/6291] 'tavern' (Est: 0.5h left)... Found 1.
[4935/6291] 'iowa indie' (Est: 0.5h left)... No artists.
[4936/6291] 'north alabama indie' (Est: 0.5h left)... No artists.
[4937/6291] 'bohemian baroque' (Est: 0.5h left)... No artists.
[4938/6291] 'banjara pop' (Est: 0.5h left)... No artists.
[4939/6291] 'dubstep product' (Est: 0.5h left)... No artists.
[4940/6291] 'rap norteno chileno' (Est: 0.5h left)... No artists.
[4941/6291] 'japanoise' (Est: 0.5h left)... Found 10.
[4942/6291] 'uae indie' (Est: 0.4h left)... No artists.
[4943/6291] 'indie cantabria' (Est: 0.4h left)... No artists.
[4944/6291] 'epic black metal' (Est: 0.4h left)... Found 50.
[4945/6291] 'israeli metal' (Est: 0.4h left)... No artists.
[4946/6291] 'inuit pop' (Est: 0.4h left)... No artists.
[4947/6291] 'nz hardcore' (Est: 0.4h left)... No artists.
[4948/6291] 'spanish electropop' (Est: 0.4h left)... No artists.
[4949/6291] 'yorkshire folk' (Est: 0.4h left)... No artists.
[4950/6291] 'georgian folk' (Est: 0.4h left)... Found 1.
💾 Checkpoint saved (33170 entities)
[4951/6291] 'drikkelek' (Est: 0.4h left)... No artists.
[4952/6291] 'geinin song' (Est: 0.4h left)... No artists.
[4953/6291] 'japanese prog' (Est: 0.4h left)... No artists.
[4954/6291] 'garage rock mexicano' (Est: 0.4h left)... No artists.
[4955/6291] 'progressive black metal' (Est: 0.4h left)... Found 47.
[4956/6291] 'korean metal' (Est: 0.4h left)... No artists.
[4957/6291] 'classic afrobeat' (Est: 0.4h left)... No artists.
[4958/6291] 'boston electronic' (Est: 0.4h left)... No artists.
[4959/6291] 'brazilian lo-fi rock' (Est: 0.4h left)... No artists.
[4960/6291] 'cambridge choir' (Est: 0.4h left)... No artists.
[4961/6291] 'haur kantak' (Est: 0.4h left)... No artists.
[4962/6291] 'afrikaans gospel' (Est: 0.4h left)... No artists.
[4963/6291] 'musica purepecha' (Est: 0.4h left)... No artists.
[4964/6291] 'albanian alternative' (Est: 0.4h left)... No artists.
[4965/6291] 'birthday' (Est: 0.4h left)... Found 14.
[4966/6291] 'wind symphony' (Est: 0.4h left)... No artists.
[4967/6291] 'italian stoner rock' (Est: 0.4h left)... No artists.
[4968/6291] 'kaseko' (Est: 0.4h left)... Found 10.
[4969/6291] 'taiwan metal' (Est: 0.4h left)... No artists.
[4970/6291] 'serbian alternative rock' (Est: 0.4h left)... No artists.
[4971/6291] 'chinese metalcore' (Est: 0.4h left)... No artists.
[4972/6291] 'sebene' (Est: 0.4h left)... No artists.
[4973/6291] 'sulawesi indie' (Est: 0.4h left)... No artists.
[4974/6291] 'japanese choir' (Est: 0.4h left)... No artists.
[4975/6291] 'barnasogur' (Est: 0.4h left)... No artists.
[4976/6291] 'slaskie piosenki' (Est: 0.4h left)... No artists.
[4977/6291] 'funeral doom' (Est: 0.4h left)... Found 50.
[4978/6291] 'swedish rock-and-roll' (Est: 0.4h left)... No artists.
[4979/6291] 'duduk' (Est: 0.4h left)... Found 4.
[4980/6291] 'musica wixarika' (Est: 0.4h left)... No artists.
[4981/6291] 'industrial black metal' (Est: 0.4h left)... Found 14.
[4982/6291] 'polka' (Est: 0.4h left)... Found 28.
[4983/6291] 'screamocore' (Est: 0.4h left)... No artists.
[4984/6291] 'comfy synth' (Est: 0.4h left)... Found 23.
[4985/6291] 'fado de coimbra' (Est: 0.4h left)... Found 8.
[4986/6291] 'university choir' (Est: 0.4h left)... No artists.
[4987/6291] 'classical saxophone' (Est: 0.4h left)... No artists.
[4988/6291] 'banda de viento' (Est: 0.4h left)... Found 1.
[4989/6291] 'georgian electronic' (Est: 0.4h left)... No artists.
[4990/6291] 'psytech' (Est: 0.4h left)... Found 20.
[4991/6291] 'bleakgaze' (Est: 0.4h left)... Found 1.
[4992/6291] 'finnish idol pop' (Est: 0.4h left)... No artists.
[4993/6291] 'taiwanese pop' (Est: 0.4h left)... No artists.
[4994/6291] 'guam indie' (Est: 0.4h left)... No artists.
[4995/6291] 'galician jazz' (Est: 0.4h left)... Found 1.
[4996/6291] 'musica guineense' (Est: 0.4h left)... No artists.
[4997/6291] 'nova musica amazonense' (Est: 0.4h left)... No artists.
[4998/6291] 'swansea indie' (Est: 0.4h left)... No artists.
[4999/6291] 'rap guineen' (Est: 0.4h left)... No artists.
[5000/6291] 'seggae' (Est: 0.4h left)... Found 3.
💾 Checkpoint saved (33405 entities)
[5001/6291] 'maracatu' (Est: 0.4h left)... Found 2.
[5002/6291] 'pohadky' (Est: 0.4h left)... No artists.
[5003/6291] 'vintage taiwan pop' (Est: 0.4h left)... No artists.
[5004/6291] 'old-time fiddle' (Est: 0.4h left)... No artists.
[5005/6291] 'psicodelia mexicana' (Est: 0.4h left)... No artists.
[5006/6291] 'deep discofox' (Est: 0.4h left)... No artists.
[5007/6291] 'maloya' (Est: 0.4h left)... Found 22.
[5008/6291] 'afro-cuban traditional' (Est: 0.4h left)... No artists.
[5009/6291] 'musica brasiliense' (Est: 0.4h left)... No artists.
[5010/6291] 'telugu hip hop' (Est: 0.4h left)... No artists.
[5011/6291] 'slovenian hip hop' (Est: 0.4h left)... No artists.
[5012/6291] 'south carolina metal' (Est: 0.4h left)... No artists.
[5013/6291] 'rondalla' (Est: 0.4h left)... Found 2.
[5014/6291] 'choro contemporaneo' (Est: 0.4h left)... No artists.
[5015/6291] 'siberian folk' (Est: 0.4h left)... No artists.
[5016/6291] 'polish ambient' (Est: 0.4h left)... No artists.
[5017/6291] 'heavy psych' (Est: 0.4h left)... Found 50.
[5018/6291] 'russian folk metal' (Est: 0.4h left)... No artists.
[5019/6291] 'cajun' (Est: 0.4h left)... Found 50.
[5020/6291] 'irish techno' (Est: 0.4h left)... No artists.
[5021/6291] 'experimental black metal' (Est: 0.4h left)... Found 26.
[5022/6291] 'wellington indie' (Est: 0.4h left)... No artists.
[5023/6291] 'shakuhachi' (Est: 0.4h left)... Found 7.
[5024/6291] 'muzica lautareasca' (Est: 0.4h left)... No artists.
[5025/6291] 'kinderliedjies' (Est: 0.4h left)... No artists.
[5026/6291] 'hammered dulcimer' (Est: 0.4h left)... Found 1.
[5027/6291] 'faroese rock' (Est: 0.4h left)... No artists.
[5028/6291] 'belgian blues' (Est: 0.4h left)... No artists.
[5029/6291] 'korean hyperpop' (Est: 0.4h left)... No artists.
[5030/6291] 'icelandic black metal' (Est: 0.4h left)... No artists.
[5031/6291] 'ambient fusion' (Est: 0.4h left)... No artists.
[5032/6291] 'classical organ' (Est: 0.4h left)... No artists.
[5033/6291] 'finnish blues' (Est: 0.4h left)... No artists.
[5034/6291] 'hot jazz' (Est: 0.4h left)... Found 4.
[5035/6291] 'starogradska' (Est: 0.4h left)... No artists.
[5036/6291] 'war metal' (Est: 0.4h left)... Found 31.
[5037/6291] 'adelaide punk' (Est: 0.4h left)... No artists.
[5038/6291] 'kashmiri hip hop' (Est: 0.4h left)... Found 1.
[5039/6291] 'progressive technical death metal' (Est: 0.4h left)... Found 1.
[5040/6291] 'traditional bluegrass' (Est: 0.4h left)... Found 1.
[5041/6291] 'tennessee experimental' (Est: 0.4h left)... No artists.
[5042/6291] 'khasi pop' (Est: 0.4h left)... No artists.
[5043/6291] 'panamanian indie' (Est: 0.4h left)... No artists.
[5044/6291] 'jazzcore' (Est: 0.4h left)... Found 18.
[5045/6291] 'oriental classical' (Est: 0.4h left)... Found 1.
[5046/6291] 'yu-mex' (Est: 0.4h left)... Found 1.
[5047/6291] 'musica chiapaneca' (Est: 0.4h left)... No artists.
[5048/6291] 'musica indigena brasileira' (Est: 0.4h left)... No artists.
[5049/6291] 'austrian techno' (Est: 0.4h left)... No artists.
[5050/6291] 'scottish jazz' (Est: 0.4h left)... No artists.
💾 Checkpoint saved (33624 entities)
[5051/6291] 'goa trance' (Est: 0.4h left)... Found 50.
[5052/6291] 'sludgecore' (Est: 0.4h left)... Found 13.
[5053/6291] 'atmospheric post-rock' (Est: 0.4h left)... No artists.
[5054/6291] 'mexican thrash metal' (Est: 0.4h left)... No artists.
[5055/6291] 'mevlevi sufi' (Est: 0.4h left)... No artists.
[5056/6291] 'hard glam' (Est: 0.4h left)... No artists.
[5057/6291] 'burkinabe pop' (Est: 0.4h left)... No artists.
[5058/6291] 'musica otavalena' (Est: 0.4h left)... No artists.
[5059/6291] 'indian jazz' (Est: 0.4h left)... Found 1.
[5060/6291] 'nova musica maranhense' (Est: 0.4h left)... No artists.
[5061/6291] 'acid idm' (Est: 0.4h left)... No artists.
[5062/6291] 'polish modern jazz' (Est: 0.4h left)... No artists.
[5063/6291] 'mexican post-rock' (Est: 0.4h left)... No artists.
[5064/6291] 'hazaragi pop' (Est: 0.4h left)... No artists.
[5065/6291] 'estonian folk' (Est: 0.4h left)... Found 1.
[5066/6291] 'pittsburgh indie rock' (Est: 0.4h left)... No artists.
[5067/6291] 'chamorro pop' (Est: 0.4h left)... No artists.
[5068/6291] 'aggro chileno' (Est: 0.4h left)... No artists.
[5069/6291] 'melodic doom' (Est: 0.4h left)... Found 22.
[5070/6291] 'greek indie rock' (Est: 0.4h left)... No artists.
[5071/6291] 'french stoner rock' (Est: 0.4h left)... No artists.
[5072/6291] 'lapland hip hop' (Est: 0.4h left)... No artists.
[5073/6291] 'italian emo' (Est: 0.4h left)... No artists.
[5074/6291] 'rap mocambicana' (Est: 0.4h left)... No artists.
[5075/6291] 'native american metal' (Est: 0.4h left)... No artists.
[5076/6291] 'hypnotic techno' (Est: 0.4h left)... Found 3.
[5077/6291] 'vietnamese electronic' (Est: 0.4h left)... No artists.
[5078/6291] 'dambora' (Est: 0.4h left)... No artists.
[5079/6291] 'shanghai indie' (Est: 0.4h left)... No artists.
[5080/6291] 'viola da gamba' (Est: 0.4h left)... Found 29.
[5081/6291] 'convent' (Est: 0.4h left)... No artists.
[5082/6291] 'deep psytrance' (Est: 0.4h left)... No artists.
[5083/6291] 'poznan indie' (Est: 0.4h left)... No artists.
[5084/6291] 'serbian folk' (Est: 0.4h left)... No artists.
[5085/6291] 'surabaya indie' (Est: 0.4h left)... No artists.
[5086/6291] 'triangle indie' (Est: 0.4h left)... No artists.
[5087/6291] 'french emo' (Est: 0.4h left)... Found 1.
[5088/6291] 'portuguese jazz' (Est: 0.4h left)... No artists.
[5089/6291] 'slovenian metal' (Est: 0.4h left)... No artists.
[5090/6291] 'haryanvi ragni' (Est: 0.4h left)... No artists.
[5091/6291] 'indie canario' (Est: 0.4h left)... No artists.
[5092/6291] 'son jarocho' (Est: 0.4h left)... Found 9.
[5093/6291] 'japanese concert band' (Est: 0.4h left)... No artists.
[5094/6291] 'lovecraftian metal' (Est: 0.4h left)... No artists.
[5095/6291] 'classic psychedelic rock' (Est: 0.4h left)... No artists.
[5096/6291] 'reading' (Est: 0.4h left)... Found 21.
[5097/6291] 'deep downtempo fusion' (Est: 0.4h left)... No artists.
[5098/6291] 'ngoni' (Est: 0.4h left)... No artists.
[5099/6291] 'dicsoites' (Est: 0.4h left)... No artists.
[5100/6291] 'austrian jazz' (Est: 0.4h left)... No artists.
💾 Checkpoint saved (33799 entities)
[5101/6291] 'cape breton folk' (Est: 0.4h left)... No artists.
[5102/6291] 'ambient industrial' (Est: 0.4h left)... Found 3.
[5103/6291] 'guzheng' (Est: 0.4h left)... Found 1.
[5104/6291] 'namibian pop' (Est: 0.4h left)... No artists.
[5105/6291] 'latin shoegaze' (Est: 0.4h left)... No artists.
[5106/6291] 'rap euskera' (Est: 0.4h left)... No artists.
[5107/6291] 'dutch classical piano' (Est: 0.4h left)... No artists.
[5108/6291] 'german post-rock' (Est: 0.4h left)... No artists.
[5109/6291] 'bosnian electronic' (Est: 0.4h left)... No artists.
[5110/6291] 'banda militar' (Est: 0.4h left)... No artists.
[5111/6291] 'protest folk' (Est: 0.4h left)... No artists.
[5112/6291] 'belgian contemporary classical' (Est: 0.4h left)... No artists.
[5113/6291] 'classical mandolin' (Est: 0.4h left)... No artists.
[5114/6291] 'bluegrass fiddle' (Est: 0.4h left)... No artists.
[5115/6291] 'belgian black metal' (Est: 0.4h left)... No artists.
[5116/6291] 'modern string quartet' (Est: 0.4h left)... No artists.
[5117/6291] 'free improvisation' (Est: 0.4h left)... Found 50.
[5118/6291] 'maltese hip hop' (Est: 0.4h left)... No artists.
[5119/6291] 'melodic progressive metal' (Est: 0.4h left)... Found 5.
[5120/6291] 'nordnorsk rap' (Est: 0.4h left)... No artists.
[5121/6291] 'trap boliviano' (Est: 0.4h left)... No artists.
[5122/6291] 'lastelaulud' (Est: 0.4h left)... No artists.
[5123/6291] 'icelandic punk' (Est: 0.4h left)... Found 1.
[5124/6291] 'deep classic garage rock' (Est: 0.4h left)... No artists.
[5125/6291] 'chapman stick' (Est: 0.4h left)... Found 2.
[5126/6291] 'gumbe' (Est: 0.4h left)... Found 2.
[5127/6291] 'norwegian hardcore' (Est: 0.4h left)... No artists.
[5128/6291] 'women's choir' (Est: 0.4h left)... No artists.
[5129/6291] 'koledy' (Est: 0.4h left)... No artists.
[5130/6291] 'polish psychedelia' (Est: 0.4h left)... No artists.
[5131/6291] 'italian experimental' (Est: 0.4h left)... No artists.
[5132/6291] 'musica queretana' (Est: 0.4h left)... No artists.
[5133/6291] 'australian black metal' (Est: 0.4h left)... No artists.
[5134/6291] 'norwegian techno' (Est: 0.4h left)... No artists.
[5135/6291] 'concertina' (Est: 0.4h left)... Found 2.
[5136/6291] 'bandolim' (Est: 0.4h left)... No artists.
[5137/6291] 'sacred steel' (Est: 0.4h left)... Found 1.
[5138/6291] 'metal ecuatoriano' (Est: 0.4h left)... Found 1.
[5139/6291] 'dusseldorf indie' (Est: 0.4h left)... No artists.
[5140/6291] 'downtempo fusion' (Est: 0.4h left)... No artists.
[5141/6291] 'marathi hip hop' (Est: 0.4h left)... No artists.
[5142/6291] 'swedish classical' (Est: 0.4h left)... No artists.
[5143/6291] 'macedonian folk' (Est: 0.4h left)... No artists.
[5144/6291] 'boeremusiek' (Est: 0.4h left)... Found 2.
[5145/6291] 'forest black metal' (Est: 0.4h left)... No artists.
[5146/6291] 'swiss country' (Est: 0.4h left)... No artists.
[5147/6291] 'full on groove' (Est: 0.4h left)... No artists.
[5148/6291] 'haitian dance' (Est: 0.4h left)... No artists.
[5149/6291] 'finnish modern jazz' (Est: 0.4h left)... No artists.
[5150/6291] 'vocal ensemble' (Est: 0.4h left)... Found 1.
💾 Checkpoint saved (33895 entities)
[5151/6291] 'chechen pop' (Est: 0.4h left)... No artists.
[5152/6291] 'arpa paraguaya' (Est: 0.4h left)... No artists.
[5153/6291] 'merida indie' (Est: 0.4h left)... No artists.
[5154/6291] 'latvian folk' (Est: 0.4h left)... No artists.
[5155/6291] 'hawaiian indie' (Est: 0.4h left)... No artists.
[5156/6291] 'sunset lounge' (Est: 0.4h left)... No artists.
[5157/6291] 'tibetan hip hop' (Est: 0.4h left)... No artists.
[5158/6291] 'deep g funk' (Est: 0.4h left)... No artists.
[5159/6291] 'new hampshire indie' (Est: 0.4h left)... No artists.
[5160/6291] 'vaikiskos dainos' (Est: 0.4h left)... No artists.
[5161/6291] 'italian black metal' (Est: 0.4h left)... Found 1.
[5162/6291] 'thai shoegaze' (Est: 0.4h left)... No artists.
[5163/6291] 'spanish progressive rock' (Est: 0.4h left)... No artists.
[5164/6291] 'slovenske chvaly' (Est: 0.4h left)... No artists.
[5165/6291] 'indiana indie' (Est: 0.4h left)... No artists.
[5166/6291] 'early american folk' (Est: 0.4h left)... No artists.
[5167/6291] 'rap ecuatoguineano' (Est: 0.4h left)... No artists.
[5168/6291] 'basel indie' (Est: 0.4h left)... No artists.
[5169/6291] 'brazilian black metal' (Est: 0.4h left)... No artists.
[5170/6291] 'lowercase' (Est: 0.4h left)... Found 10.
[5171/6291] 'rap malien' (Est: 0.4h left)... No artists.
[5172/6291] 'korean jazz' (Est: 0.4h left)... No artists.
[5173/6291] 'scottish americana' (Est: 0.4h left)... Found 2.
[5174/6291] 'rap nica' (Est: 0.4h left)... No artists.
[5175/6291] 'dark minimal techno' (Est: 0.4h left)... No artists.
[5176/6291] 'arab metal' (Est: 0.4h left)... No artists.
[5177/6291] 'rotterdam indie' (Est: 0.4h left)... No artists.
[5178/6291] 'death industrial' (Est: 0.4h left)... Found 32.
[5179/6291] 'musica tradicional dominicana' (Est: 0.4h left)... No artists.
[5180/6291] 'indonesian shoegaze' (Est: 0.4h left)... No artists.
[5181/6291] 'finnish post-punk' (Est: 0.4h left)... Found 1.
[5182/6291] 'lagu iban' (Est: 0.4h left)... No artists.
[5183/6291] 'south african modern jazz' (Est: 0.4h left)... No artists.
[5184/6291] 'british classical piano' (Est: 0.4h left)... No artists.
[5185/6291] 'viet instrumental' (Est: 0.4h left)... No artists.
[5186/6291] 'combos nacionales' (Est: 0.4h left)... No artists.
[5187/6291] 'benga' (Est: 0.4h left)... Found 6.
[5188/6291] 'rock caipira' (Est: 0.4h left)... No artists.
[5189/6291] 'medway sound' (Est: 0.4h left)... Found 1.
[5190/6291] 'edo old school' (Est: 0.4h left)... No artists.
[5191/6291] 'karbi pop' (Est: 0.4h left)... No artists.
[5192/6291] 'techno argentina' (Est: 0.4h left)... No artists.
[5193/6291] 'ukrainian metalcore' (Est: 0.4h left)... No artists.
[5194/6291] 'folk siciliana' (Est: 0.4h left)... No artists.
[5195/6291] 'nyckelharpa' (Est: 0.4h left)... Found 1.
[5196/6291] 'malang punk' (Est: 0.4h left)... No artists.
[5197/6291] 'noise' (Est: 0.4h left)... Found 50.
[5198/6291] 'via' (Est: 0.4h left)... Found 5.
[5199/6291] 'cuban funk' (Est: 0.4h left)... No artists.
[5200/6291] 'british brass band' (Est: 0.4h left)... Found 5.
💾 Checkpoint saved (34001 entities)
[5201/6291] 'sufi chant' (Est: 0.4h left)... No artists.
[5202/6291] 'brazilian metalcore' (Est: 0.4h left)... No artists.
[5203/6291] 'experimental dub' (Est: 0.4h left)... Found 1.
[5204/6291] 'greek punk' (Est: 0.4h left)... No artists.
[5205/6291] 'vintage reggae' (Est: 0.4h left)... No artists.
[5206/6291] 'contemporary classical piano' (Est: 0.4h left)... No artists.
[5207/6291] 'dutch punk' (Est: 0.4h left)... No artists.
[5208/6291] 'finnish tango' (Est: 0.4h left)... Found 4.
[5209/6291] 'salzburg indie' (Est: 0.4h left)... No artists.
[5210/6291] 'musica cearense' (Est: 0.4h left)... No artists.
[5211/6291] 'irish accordion' (Est: 0.4h left)... No artists.
[5212/6291] 'mathgrind' (Est: 0.4h left)... Found 5.
[5213/6291] 'canti alpini' (Est: 0.4h left)... No artists.
[5214/6291] 'bhutanese pop' (Est: 0.4h left)... No artists.
[5215/6291] 'frankfurt indie' (Est: 0.4h left)... No artists.
[5216/6291] 'barrelhouse piano' (Est: 0.4h left)...❌ Exception for tag 'barrelhouse piano': ('Connection aborted.', ConnectionResetError(104, 'Connection reset by peer'))
 No artists.
[5217/6291] 'tongan pop' (Est: 0.4h left)... No artists.
[5218/6291] 'black sludge' (Est: 0.4h left)... Found 2.
[5219/6291] 'shoegaze chileno' (Est: 0.4h left)... No artists.
[5220/6291] 'peruvian metal' (Est: 0.4h left)... No artists.
[5221/6291] 'math rock latinoamericano' (Est: 0.4h left)... No artists.
[5222/6291] 'c64' (Est: 0.4h left)... Found 50.
[5223/6291] 'fado instrumental' (Est: 0.4h left)... No artists.
[5224/6291] 'danish classical' (Est: 0.4h left)... No artists.
[5225/6291] 'rap gabonais' (Est: 0.4h left)... No artists.
[5226/6291] 'rwandan hip hop' (Est: 0.4h left)... No artists.
[5227/6291] 'demoscene' (Est: 0.4h left)... Found 50.
[5228/6291] 'tajik pop' (Est: 0.4h left)... No artists.
[5229/6291] 'rez country' (Est: 0.4h left)... No artists.
[5230/6291] 'veena' (Est: 0.4h left)... Found 4.
[5231/6291] 'power electronics' (Est: 0.4h left)... Found 50.
[5232/6291] 'musica morelense' (Est: 0.4h left)... No artists.
[5233/6291] 'russian hardcore' (Est: 0.4h left)... No artists.
[5234/6291] 'south african metal' (Est: 0.4h left)... No artists.
[5235/6291] 'leon gto indie' (Est: 0.4h left)... No artists.
[5236/6291] 'indie fuzzpop' (Est: 0.4h left)... Found 1.
[5237/6291] 'oeteldonk' (Est: 0.4h left)... No artists.
[5238/6291] 'chamber choir' (Est: 0.4h left)... Found 6.
[5239/6291] 'seychelles pop' (Est: 0.4h left)... No artists.
[5240/6291] 'german rockabilly' (Est: 0.4h left)... No artists.
[5241/6291] 'djecje pjesme' (Est: 0.3h left)... No artists.
[5242/6291] 'folk metal latinoamericano' (Est: 0.3h left)... No artists.
[5243/6291] 'baps' (Est: 0.3h left)... No artists.
[5244/6291] 'steelpan' (Est: 0.3h left)... Found 1.
[5245/6291] 'sda choir' (Est: 0.3h left)... No artists.
[5246/6291] 'rio grande do sul indie' (Est: 0.3h left)... No artists.
[5247/6291] 'illbient' (Est: 0.3h left)... Found 21.
[5248/6291] 'ryukoka' (Est: 0.3h left)... Found 45.
[5249/6291] 'occult black metal' (Est: 0.3h left)... Found 4.
[5250/6291] 'lesotho traditional' (Est: 0.3h left)... No artists.
💾 Checkpoint saved (34249 entities)
[5251/6291] 'denver rap' (Est: 0.3h left)... No artists.
[5252/6291] 'sundanese traditional' (Est: 0.3h left)... No artists.
[5253/6291] 'coptic hymn' (Est: 0.3h left)... No artists.
[5254/6291] 'marrabenta' (Est: 0.3h left)... Found 11.
[5255/6291] 'belgian death metal' (Est: 0.3h left)... No artists.
[5256/6291] 'irish black metal' (Est: 0.3h left)... No artists.
[5257/6291] 'latvian electronic' (Est: 0.3h left)... Found 1.
[5258/6291] 'cuatro puertorriqueno' (Est: 0.3h left)... No artists.
[5259/6291] 'spanish post-rock' (Est: 0.3h left)... No artists.
[5260/6291] 'italian contemporary classical' (Est: 0.3h left)... Found 2.
[5261/6291] 'deep hardtechno' (Est: 0.3h left)... No artists.
[5262/6291] 'tuna universitaria' (Est: 0.3h left)... No artists.
[5263/6291] 'neo-manele' (Est: 0.3h left)... No artists.
[5264/6291] 'finnish choir' (Est: 0.3h left)... Found 28.
[5265/6291] 'greek techno' (Est: 0.3h left)... No artists.
[5266/6291] 'uk post-metal' (Est: 0.3h left)... No artists.
[5267/6291] 'vintage country folk' (Est: 0.3h left)... No artists.
[5268/6291] 'japanese dub' (Est: 0.3h left)... Found 1.
[5269/6291] 'qanun' (Est: 0.3h left)... Found 1.
[5270/6291] 'trikiti' (Est: 0.3h left)... No artists.
[5271/6291] 'latin surf rock' (Est: 0.3h left)... No artists.
[5272/6291] 'japanese orchestra' (Est: 0.3h left)... Found 1.
[5273/6291] 'alternative metalcore' (Est: 0.3h left)... Found 1.
[5274/6291] 'italogaze' (Est: 0.3h left)... No artists.
[5275/6291] 'australian classical piano' (Est: 0.3h left)... No artists.
[5276/6291] 'nz alternative rock' (Est: 0.3h left)... No artists.
[5277/6291] 'guitar case' (Est: 0.3h left)... No artists.
[5278/6291] 'metal gaucho' (Est: 0.3h left)... No artists.
[5279/6291] 'derry indie' (Est: 0.3h left)... Found 1.
[5280/6291] 'lowlands hardcore' (Est: 0.3h left)... No artists.
[5281/6291] 'chamame brasilero' (Est: 0.3h left)... No artists.
[5282/6291] 'ritual ambient' (Est: 0.3h left)... Found 50.
[5283/6291] 'chinese post-rock' (Est: 0.3h left)... No artists.
[5284/6291] 'french post-rock' (Est: 0.3h left)... Found 1.
[5285/6291] 'classic australian country' (Est: 0.3h left)... No artists.
[5286/6291] 'yoik' (Est: 0.3h left)... No artists.
[5287/6291] 'german orchestra' (Est: 0.3h left)... Found 45.
[5288/6291] 'classical clarinet' (Est: 0.3h left)... No artists.
[5289/6291] 'russian contemporary classical' (Est: 0.3h left)... Found 1.
[5290/6291] 'galician indie' (Est: 0.3h left)... No artists.
[5291/6291] 'dub poetry' (Est: 0.3h left)... Found 7.
[5292/6291] 'dortmund indie' (Est: 0.3h left)... No artists.
[5293/6291] 'brno indie' (Est: 0.3h left)... No artists.
[5294/6291] 'myanmar gospel' (Est: 0.3h left)... No artists.
[5295/6291] 'ugandan hip hop' (Est: 0.3h left)... No artists.
[5296/6291] 'pops orchestra' (Est: 0.3h left)... Found 1.
[5297/6291] 'belgian post-rock' (Est: 0.3h left)... No artists.
[5298/6291] 'baroque ensemble' (Est: 0.3h left)... Found 4.
[5299/6291] 'norwegian folk' (Est: 0.3h left)... Found 5.
[5300/6291] 'russian orchestra' (Est: 0.3h left)... Found 48.
💾 Checkpoint saved (34477 entities)
[5301/6291] 'gaita' (Est: 0.3h left)... Found 7.
[5302/6291] 'mexican techno' (Est: 0.3h left)... No artists.
[5303/6291] 'swedish fiddle' (Est: 0.3h left)... No artists.
[5304/6291] 'macedonian electronic' (Est: 0.3h left)... No artists.
[5305/6291] 'italian doom metal' (Est: 0.3h left)... Found 2.
[5306/6291] 'yakut pop' (Est: 0.3h left)... No artists.
[5307/6291] 'brockton hip hop' (Est: 0.3h left)... No artists.
[5308/6291] 'nz punk' (Est: 0.3h left)... No artists.
[5309/6291] 'irish fiddle' (Est: 0.3h left)... Found 1.
[5310/6291] 'finnish experimental' (Est: 0.3h left)... No artists.
[5311/6291] 'coldwave' (Est: 0.3h left)... Found 50.
[5312/6291] 'portsmouth indie' (Est: 0.3h left)... No artists.
[5313/6291] 'romanian metal' (Est: 0.3h left)... No artists.
[5314/6291] 'french renaissance' (Est: 0.3h left)... No artists.
[5315/6291] 'sarod' (Est: 0.3h left)... Found 4.
[5316/6291] 'fort wayne indie' (Est: 0.3h left)... No artists.
[5317/6291] 'turkish death metal' (Est: 0.3h left)... Found 1.
[5318/6291] 'volkstumliche musik' (Est: 0.3h left)... Found 18.
[5319/6291] 'firenze indie' (Est: 0.3h left)... No artists.
[5320/6291] 'canadian classical piano' (Est: 0.3h left)... No artists.
[5321/6291] 'musica sergipana' (Est: 0.3h left)... No artists.
[5322/6291] 'indonesian neo-psychedelia' (Est: 0.3h left)... No artists.
[5323/6291] 'keller synth' (Est: 0.3h left)... Found 2.
[5324/6291] 'cifteli' (Est: 0.3h left)... No artists.
[5325/6291] 'gothic doom' (Est: 0.3h left)... Found 37.
[5326/6291] 'tarantella' (Est: 0.3h left)... No artists.
[5327/6291] 'drama' (Est: 0.3h left)... Found 50.
[5328/6291] 'finnish hardcore' (Est: 0.3h left)... Found 2.
[5329/6291] 'quebec hardcore' (Est: 0.3h left)... No artists.
[5330/6291] 'swedish emo' (Est: 0.3h left)... No artists.
[5331/6291] 'swedish contemporary classical' (Est: 0.3h left)... No artists.
[5332/6291] 'rap toscana' (Est: 0.3h left)... No artists.
[5333/6291] 'sotalaulut' (Est: 0.3h left)... No artists.
[5334/6291] 'deep filthstep' (Est: 0.3h left)... No artists.
[5335/6291] 'deep eurodance' (Est: 0.3h left)... No artists.
[5336/6291] 'brass band brasileiro' (Est: 0.3h left)... No artists.
[5337/6291] 'modern chamber music' (Est: 0.3h left)... No artists.
[5338/6291] 'south african punk' (Est: 0.3h left)... No artists.
[5339/6291] 'medimeisterschaften' (Est: 0.3h left)... No artists.
[5340/6291] 'indie poblano' (Est: 0.3h left)... No artists.
[5341/6291] 'trondheim indie' (Est: 0.3h left)... No artists.
[5342/6291] 'israeli punk' (Est: 0.3h left)... No artists.
[5343/6291] 'dutch underground hip hop' (Est: 0.3h left)... No artists.
[5344/6291] 'chinese reggae' (Est: 0.3h left)... No artists.
[5345/6291] 'isle of man indie' (Est: 0.3h left)... No artists.
[5346/6291] 'magyar musicalek' (Est: 0.3h left)... No artists.
[5347/6291] 'bernu dziesmas' (Est: 0.3h left)... No artists.
[5348/6291] 'radio symphony' (Est: 0.3h left)... No artists.
[5349/6291] 'decije pesme' (Est: 0.3h left)... No artists.
[5350/6291] 're:techno' (Est: 0.3h left)... No artists.
💾 Checkpoint saved (34665 entities)
[5351/6291] 'raw black metal' (Est: 0.3h left)... Found 50.
[5352/6291] 'metal paranaense' (Est: 0.3h left)... No artists.
[5353/6291] 'oulu indie' (Est: 0.3h left)... No artists.
[5354/6291] 'ancient mediterranean' (Est: 0.3h left)... No artists.
[5355/6291] 'ohangla' (Est: 0.3h left)... No artists.
[5356/6291] 'idol game' (Est: 0.3h left)... No artists.
[5357/6291] 'cello ensemble' (Est: 0.3h left)... Found 1.
[5358/6291] 'indie paraense' (Est: 0.3h left)... No artists.
[5359/6291] 'rap alagoano' (Est: 0.3h left)... No artists.
[5360/6291] 'musica prehispanica' (Est: 0.3h left)... No artists.
[5361/6291] 'taiwan classical performance' (Est: 0.3h left)... No artists.
[5362/6291] 'clawhammer banjo' (Est: 0.3h left)... No artists.
[5363/6291] 'romanian punk' (Est: 0.3h left)... No artists.
[5364/6291] 'missouri indie' (Est: 0.3h left)... No artists.
[5365/6291] 'spanish classical piano' (Est: 0.3h left)...❌ Exception for tag 'spanish classical piano': ('Connection aborted.', ConnectionResetError(104, 'Connection reset by peer'))
 No artists.
[5366/6291] 'polish experimental electronic' (Est: 0.3h left)... No artists.
[5367/6291] 'italian hardcore' (Est: 0.3h left)... No artists.
[5368/6291] 'classic latvian pop' (Est: 0.3h left)... No artists.
[5369/6291] 'jazz dominicano' (Est: 0.3h left)... No artists.
[5370/6291] 'botswana hip hop' (Est: 0.3h left)... No artists.
[5371/6291] 'shib' (Est: 0.3h left)... No artists.
[5372/6291] 'electroacoustic improvisation' (Est: 0.3h left)... No artists.
[5373/6291] 'west virginia metal' (Est: 0.3h left)... No artists.
[5374/6291] 'lute' (Est: 0.3h left)... Found 6.
[5375/6291] 'indie boliviano' (Est: 0.3h left)... No artists.
[5376/6291] 'oratory' (Est: 0.3h left)... No artists.
[5377/6291] 'austrian punk' (Est: 0.3h left)... No artists.
[5378/6291] 'karen pop' (Est: 0.3h left)... No artists.
[5379/6291] 'syro-aramaic chant' (Est: 0.3h left)... No artists.
[5380/6291] 'chill-out trance' (Est: 0.3h left)... No artists.
[5381/6291] 'balalaika' (Est: 0.3h left)... Found 1.
[5382/6291] 'vintage norwegian pop' (Est: 0.3h left)... No artists.
[5383/6291] 'kompa chretien' (Est: 0.3h left)... No artists.
[5384/6291] 'instrumental death metal' (Est: 0.3h left)... Found 2.
[5385/6291] 'mizo gospel' (Est: 0.3h left)... No artists.
[5386/6291] 'bern indie' (Est: 0.3h left)... No artists.
[5387/6291] 'san antonio indie' (Est: 0.3h left)... No artists.
[5388/6291] 'rap sergipano' (Est: 0.3h left)... No artists.
[5389/6291] 'japanese melodic hardcore' (Est: 0.3h left)...❌ Exception for tag 'japanese melodic hardcore': ('Connection aborted.', ConnectionResetError(104, 'Connection reset by peer'))
 No artists.
[5390/6291] 'fisarmonica' (Est: 0.3h left)... No artists.
[5391/6291] 'jug band' (Est: 0.3h left)... Found 11.
[5392/6291] 'drone rock' (Est: 0.3h left)... Found 12.
[5393/6291] 'post-punk brasileiro' (Est: 0.3h left)... No artists.
[5394/6291] 'musica folk asturiana' (Est: 0.3h left)... No artists.
[5395/6291] 'swedish ebm' (Est: 0.3h left)... No artists.
[5396/6291] 'french rock-and-roll' (Est: 0.3h left)... No artists.
[5397/6291] 'oxford choir' (Est: 0.3h left)... No artists.
[5398/6291] 'lombok indie' (Est: 0.3h left)... No artists.
[5399/6291] 'tamburica' (Est: 0.3h left)... Found 1.
[5400/6291] 'austrian stoner rock' (Est: 0.3h left)... No artists.
💾 Checkpoint saved (34792 entities)
[5401/6291] 'luxembourgian pop' (Est: 0.3h left)... No artists.
[5402/6291] 'modern mod' (Est: 0.3h left)... No artists.
[5403/6291] 'reggae boliviano' (Est: 0.3h left)... No artists.
[5404/6291] 'tuvan folk' (Est: 0.3h left)... No artists.
[5405/6291] 'canadian shoegaze' (Est: 0.3h left)... No artists.
[5406/6291] 'hong kong tv drama' (Est: 0.3h left)... No artists.
[5407/6291] 'chinese new year' (Est: 0.3h left)... No artists.
[5408/6291] 'skweee' (Est: 0.3h left)... Found 2.
[5409/6291] 'diy pop punk' (Est: 0.3h left)...❌ Exception for tag 'diy pop punk': ('Connection aborted.', ConnectionResetError(104, 'Connection reset by peer'))
 No artists.
[5410/6291] 'italian classical piano' (Est: 0.3h left)... No artists.
[5411/6291] 'swedish choir' (Est: 0.3h left)... Found 2.
[5412/6291] 'muzica bisericeasca' (Est: 0.3h left)... No artists.
[5413/6291] 'galway indie' (Est: 0.3h left)... Found 1.
[5414/6291] 'new england hardcore' (Est: 0.3h left)... No artists.
[5415/6291] 'rock catracho' (Est: 0.3h left)... No artists.
[5416/6291] 'chinese metal' (Est: 0.3h left)... Found 1.
[5417/6291] 'neo-trad prog' (Est: 0.3h left)... No artists.
[5418/6291] 'iraqi hip hop' (Est: 0.3h left)... No artists.
[5419/6291] 'jazz chileno' (Est: 0.3h left)... No artists.
[5420/6291] 'bosstown sound' (Est: 0.3h left)...❌ Exception for tag 'bosstown sound': ('Connection aborted.', ConnectionResetError(104, 'Connection reset by peer'))
 No artists.
[5421/6291] 'japanese black metal' (Est: 0.3h left)... No artists.
[5422/6291] 'rominimal' (Est: 0.3h left)... Found 1.
[5423/6291] 'ohio hardcore' (Est: 0.3h left)... No artists.
[5424/6291] 'hungarian contemporary classical' (Est: 0.3h left)... No artists.
[5425/6291] 'finnish psychedelic rock' (Est: 0.3h left)... No artists.
[5426/6291] 'rap paraguayo' (Est: 0.3h left)... No artists.
[5427/6291] 'hypertrance' (Est: 0.3h left)... Found 4.
[5428/6291] 'canzone siciliane' (Est: 0.3h left)... No artists.
[5429/6291] 'christian death metal' (Est: 0.3h left)... No artists.
[5430/6291] 'irish contemporary classical' (Est: 0.3h left)... No artists.
[5431/6291] 'swazi pop' (Est: 0.3h left)... No artists.
[5432/6291] 'australian shoegaze' (Est: 0.3h left)... No artists.
[5433/6291] 'nubian traditional' (Est: 0.3h left)... No artists.
[5434/6291] 'classic ukrainian pop' (Est: 0.3h left)... No artists.
[5435/6291] 'staff band' (Est: 0.3h left)... No artists.
[5436/6291] 'traditional southern folk' (Est: 0.3h left)... No artists.
[5437/6291] 'rock alagoano' (Est: 0.3h left)... No artists.
[5438/6291] 'indie sudcaliforniano' (Est: 0.3h left)... No artists.
[5439/6291] 'trap kreyol' (Est: 0.3h left)... No artists.
[5440/6291] 'catalan folk' (Est: 0.3h left)...❌ Exception for tag 'catalan folk': ('Connection aborted.', ConnectionResetError(104, 'Connection reset by peer'))
 Found 1.
[5441/6291] 'jazz tico' (Est: 0.3h left)... No artists.
[5442/6291] 'russian black metal' (Est: 0.3h left)...❌ Exception for tag 'russian black metal': ('Connection aborted.', ConnectionResetError(104, 'Connection reset by peer'))
 Found 2.
[5443/6291] 'ringtone' (Est: 0.3h left)... Found 6.
[5444/6291] 'danish folk' (Est: 0.3h left)... Found 15.
[5445/6291] 'singaporean metal' (Est: 0.3h left)... No artists.
[5446/6291] 'muzica ardeleneasca' (Est: 0.3h left)... No artists.
[5447/6291] 'russian choir' (Est: 0.3h left)... Found 3.
[5448/6291] 'cuban electronic' (Est: 0.3h left)... No artists.
[5449/6291] 'austrian orchestra' (Est: 0.3h left)... Found 13.
[5450/6291] 'icelandic traditional' (Est: 0.3h left)... No artists.
💾 Checkpoint saved (34882 entities)
[5451/6291] 'bulgarian folk' (Est: 0.3h left)... No artists.
[5452/6291] 'kannada indie' (Est: 0.3h left)... No artists.
[5453/6291] 'musica piauiense' (Est: 0.3h left)... No artists.
[5454/6291] 'kol isha' (Est: 0.3h left)... No artists.
[5455/6291] 'terrorcore' (Est: 0.3h left)... Found 24.
[5456/6291] 'lagu maluku' (Est: 0.3h left)... No artists.
[5457/6291] 'houston indie' (Est: 0.3h left)... No artists.
[5458/6291] 'rap nortista' (Est: 0.3h left)... No artists.
[5459/6291] 'cathedral choir' (Est: 0.3h left)... No artists.
[5460/6291] 'folclore portugues' (Est: 0.3h left)... No artists.
[5461/6291] 'croatian metal' (Est: 0.3h left)... No artists.
[5462/6291] 'svensk indie' (Est: 0.3h left)... No artists.
[5463/6291] 'paraguayan indie' (Est: 0.3h left)... No artists.
[5464/6291] 'musique urbaine brazzaville' (Est: 0.3h left)... No artists.
[5465/6291] 'cumbia funk' (Est: 0.3h left)... No artists.
[5466/6291] 'industrial hardcore' (Est: 0.3h left)... Found 17.
[5467/6291] 'pilates' (Est: 0.3h left)... No artists.
[5468/6291] 'armenian indie' (Est: 0.3h left)... No artists.
[5469/6291] 'zarzuela' (Est: 0.3h left)... Found 2.
[5470/6291] 'korean musicals' (Est: 0.3h left)... No artists.
[5471/6291] 'faroese folk' (Est: 0.3h left)... Found 1.
[5472/6291] 'libyan hip hop' (Est: 0.3h left)... No artists.
[5473/6291] 'russian power metal' (Est: 0.3h left)...❌ Exception for tag 'russian power metal': ('Connection aborted.', ConnectionResetError(104, 'Connection reset by peer'))
 No artists.
[5474/6291] 'tibetan traditional' (Est: 0.3h left)... Found 1.
[5475/6291] 'viet edm' (Est: 0.3h left)... No artists.
[5476/6291] 'chamber ensemble' (Est: 0.3h left)... Found 2.
[5477/6291] 'polish post-rock' (Est: 0.3h left)... No artists.
[5478/6291] 'indian ambient' (Est: 0.3h left)... No artists.
[5479/6291] 'deep hardcore' (Est: 0.3h left)... No artists.
[5480/6291] 'belgian punk' (Est: 0.3h left)... No artists.
[5481/6291] 'new jack smooth' (Est: 0.3h left)... No artists.
[5482/6291] 'mountain dulcimer' (Est: 0.3h left)... No artists.
[5483/6291] 'pontian folk' (Est: 0.3h left)... No artists.
[5484/6291] 'musica campista' (Est: 0.3h left)... No artists.
[5485/6291] 'turkish experimental' (Est: 0.3h left)... No artists.
[5486/6291] 'deep melodic metalcore' (Est: 0.3h left)... No artists.
[5487/6291] 'arkansas metal' (Est: 0.3h left)... No artists.
[5488/6291] 'japanese hardcore' (Est: 0.3h left)...❌ Exception for tag 'japanese hardcore': ('Connection aborted.', ConnectionResetError(104, 'Connection reset by peer'))
 Found 8.
[5489/6291] 'wisconsin metal' (Est: 0.3h left)... No artists.
[5490/6291] 'paracana' (Est: 0.3h left)... No artists.
[5491/6291] 'italo beats' (Est: 0.3h left)... No artists.
[5492/6291] 'dub product' (Est: 0.3h left)... Found 1.
[5493/6291] 'pinoy shoegaze' (Est: 0.3h left)... No artists.
[5494/6291] 'prague indie' (Est: 0.3h left)... No artists.
[5495/6291] 'jazz tuba' (Est: 0.3h left)... Found 1.
[5496/6291] 'norwegian punk' (Est: 0.3h left)... Found 1.
[5497/6291] 'native american black metal' (Est: 0.3h left)... No artists.
[5498/6291] 'irish flute' (Est: 0.3h left)... No artists.
[5499/6291] 'baton rouge indie' (Est: 0.3h left)... No artists.
[5500/6291] 'guitarra portuguesa' (Est: 0.3h left)... No artists.
💾 Checkpoint saved (34966 entities)
[5501/6291] 'tabla' (Est: 0.3h left)... Found 18.
[5502/6291] 'wuhan indie' (Est: 0.3h left)... No artists.
[5503/6291] 'indian violin' (Est: 0.3h left)... Found 1.
[5504/6291] 'dansk comedy' (Est: 0.3h left)... No artists.
[5505/6291] 'colombian hardcore' (Est: 0.3h left)... No artists.
[5506/6291] 'horror punk brasileiro' (Est: 0.3h left)... No artists.
[5507/6291] 'colorado hardcore' (Est: 0.3h left)... No artists.
[5508/6291] 'new brunswick indie' (Est: 0.3h left)... No artists.
[5509/6291] 'chinese post-punk' (Est: 0.3h left)... No artists.
[5510/6291] 'grisly death metal' (Est: 0.3h left)... No artists.
[5511/6291] 'indie psychedelic rock' (Est: 0.3h left)... No artists.
[5512/6291] 'dungeon rap' (Est: 0.3h left)... No artists.
[5513/6291] 'swedish grindcore' (Est: 0.3h left)... No artists.
[5514/6291] 'avant-rock' (Est: 0.3h left)... Found 12.
[5515/6291] 'colombian electronic' (Est: 0.3h left)... No artists.
[5516/6291] 'vintage french psychedelic' (Est: 0.3h left)... No artists.
[5517/6291] 'bulgarian indie' (Est: 0.3h left)... No artists.
[5518/6291] 'animegrind' (Est: 0.3h left)... Found 8.
[5519/6291] 'musique mauritanienne' (Est: 0.3h left)... No artists.
[5520/6291] 'hungarian classical piano' (Est: 0.3h left)... No artists.
[5521/6291] 'neo-industrial rock' (Est: 0.3h left)... No artists.
[5522/6291] 'goa psytrance' (Est: 0.3h left)... No artists.
[5523/6291] 'finnish electronic' (Est: 0.3h left)... No artists.
[5524/6291] 'modern electroacoustic' (Est: 0.3h left)... No artists.
[5525/6291] 'chinese classical' (Est: 0.3h left)... Found 48.
[5526/6291] 'guatemalan metal' (Est: 0.3h left)... No artists.
[5527/6291] 'musica menorquina' (Est: 0.3h left)... No artists.
[5528/6291] 'indie hidalguense' (Est: 0.3h left)... No artists.
[5529/6291] 'poetry' (Est: 0.3h left)... Found 50.
[5530/6291] 'kinderchor' (Est: 0.3h left)... No artists.
[5531/6291] 'tar' (Est: 0.3h left)...❌ Exception for tag 'tar': ('Connection aborted.', ConnectionResetError(104, 'Connection reset by peer'))
 Found 1.
[5532/6291] 'deep jazz fusion' (Est: 0.3h left)... No artists.
[5533/6291] 'nagaland indie' (Est: 0.3h left)... No artists.
[5534/6291] 'australian thrash metal' (Est: 0.3h left)... No artists.
[5535/6291] 'italian post-rock' (Est: 0.3h left)... No artists.
[5536/6291] 'hardingfele' (Est: 0.3h left)... Found 1.
[5537/6291] 'vintage spanish pop' (Est: 0.3h left)... No artists.
[5538/6291] 'dechovka' (Est: 0.3h left)... No artists.
[5539/6291] 'trekkspill' (Est: 0.3h left)... No artists.
[5540/6291] 'south sudanese pop' (Est: 0.3h left)... No artists.
[5541/6291] 'musica ecuatoguineana' (Est: 0.2h left)... No artists.
[5542/6291] 'irish underground rap' (Est: 0.2h left)... No artists.
[5543/6291] 'japanese buddhist chant' (Est: 0.2h left)... No artists.
[5544/6291] 'christian thrash metal' (Est: 0.2h left)... No artists.
[5545/6291] 'botswana pop' (Est: 0.2h left)... No artists.
[5546/6291] 'historically informed performance' (Est: 0.2h left)... No artists.
[5547/6291] 'spanish blues' (Est: 0.2h left)... No artists.
[5548/6291] 'american early music' (Est: 0.2h left)... No artists.
[5549/6291] 'baithak gana' (Est: 0.2h left)... Found 2.
[5550/6291] 'xenharmonic' (Est: 0.2h left)... Found 4.
💾 Checkpoint saved (35116 entities)
[5551/6291] 'neo honky tonk' (Est: 0.2h left)... No artists.
[5552/6291] 'indie trujillano' (Est: 0.2h left)... No artists.
[5553/6291] 'utah metal' (Est: 0.2h left)... No artists.
[5554/6291] 'oromo pop' (Est: 0.2h left)... No artists.
[5555/6291] 'german shoegaze' (Est: 0.2h left)... No artists.
[5556/6291] 'metal tico' (Est: 0.2h left)... No artists.
[5557/6291] 'rock progresivo mexicano' (Est: 0.2h left)... No artists.
[5558/6291] 'bahamian folk' (Est: 0.2h left)... No artists.
[5559/6291] 'eastern bloc groove' (Est: 0.2h left)... No artists.
[5560/6291] 'greek jazz' (Est: 0.2h left)... No artists.
[5561/6291] 'afghan traditional' (Est: 0.2h left)... No artists.
[5562/6291] 'gotico brasileiro' (Est: 0.2h left)... No artists.
[5563/6291] 'musica rapa nui' (Est: 0.2h left)... No artists.
[5564/6291] 'deep full on' (Est: 0.2h left)... No artists.
[5565/6291] 'vintage swing' (Est: 0.2h left)... No artists.
[5566/6291] 'bengali folk' (Est: 0.2h left)... No artists.
[5567/6291] 'candombe' (Est: 0.2h left)... Found 31.
[5568/6291] 'covertrance' (Est: 0.2h left)... No artists.
[5569/6291] 'spanish psychedelic rock' (Est: 0.2h left)... No artists.
[5570/6291] 'indonesian experimental' (Est: 0.2h left)... No artists.
[5571/6291] 'santoor' (Est: 0.2h left)... Found 4.
[5572/6291] 'belgian stoner rock' (Est: 0.2h left)... No artists.
[5573/6291] 'arab experimental' (Est: 0.2h left)... No artists.
[5574/6291] 'dragspel' (Est: 0.2h left)... No artists.
[5575/6291] 'abstractro' (Est: 0.2h left)... No artists.
[5576/6291] 'caucasian classical piano' (Est: 0.2h left)... No artists.
[5577/6291] 'irish gaelic folk' (Est: 0.2h left)... No artists.
[5578/6291] 'balafon' (Est: 0.2h left)... Found 1.
[5579/6291] 'unblack metal' (Est: 0.2h left)... Found 2.
[5580/6291] 'chinese experimental' (Est: 0.2h left)... No artists.
[5581/6291] 'javanese gamelan' (Est: 0.2h left)... Found 1.
[5582/6291] 'garifuna folk' (Est: 0.2h left)... No artists.
[5583/6291] 'lai hla' (Est: 0.2h left)... No artists.
[5584/6291] 'marcha funebre' (Est: 0.2h left)... No artists.
[5585/6291] 'indie hidrocalido' (Est: 0.2h left)... No artists.
[5586/6291] 'totalism' (Est: 0.2h left)... Found 2.
[5587/6291] 'spanish baroque' (Est: 0.2h left)... No artists.
[5588/6291] 'classic konkani pop' (Est: 0.2h left)... No artists.
[5589/6291] 'norwegian blues' (Est: 0.2h left)... No artists.
[5590/6291] 'streichquartett' (Est: 0.2h left)... No artists.
[5591/6291] 'yuri' (Est: 0.2h left)... No artists.
[5592/6291] 'belarusian metal' (Est: 0.2h left)... No artists.
[5593/6291] 'st petersburg fl indie' (Est: 0.2h left)... No artists.
[5594/6291] 'musique concrete' (Est: 0.2h left)... Found 50.
[5595/6291] 'rajasthani folk' (Est: 0.2h left)... Found 1.
[5596/6291] 'swiss punk' (Est: 0.2h left)... No artists.
[5597/6291] 'mainland se asia metal' (Est: 0.2h left)... No artists.
[5598/6291] 'circassian folk' (Est: 0.2h left)... No artists.
[5599/6291] 'taiko' (Est: 0.2h left)... Found 11.
[5600/6291] 'canadian choir' (Est: 0.2h left)... Found 1.
💾 Checkpoint saved (35240 entities)
[5601/6291] 'jazz colombiano' (Est: 0.2h left)... No artists.
[5602/6291] 'medieval ensemble' (Est: 0.2h left)... No artists.
[5603/6291] 'scottish drill' (Est: 0.2h left)... No artists.
[5604/6291] 'indie arequipeno' (Est: 0.2h left)... No artists.
[5605/6291] 'minimal synth' (Est: 0.2h left)... Found 50.
[5606/6291] 'classical flute' (Est: 0.2h left)... No artists.
[5607/6291] 'latin american heavy psych' (Est: 0.2h left)... No artists.
[5608/6291] 'lithuanian folk' (Est: 0.2h left)... No artists.
[5609/6291] 'irish trap' (Est: 0.2h left)... No artists.
[5610/6291] 'molam' (Est: 0.2h left)... No artists.
[5611/6291] 'bolivian metal' (Est: 0.2h left)... No artists.
[5612/6291] 'grunge revival' (Est: 0.2h left)... No artists.
[5613/6291] 'classic female blues' (Est: 0.2h left)... No artists.
[5614/6291] 'batswana traditional' (Est: 0.2h left)... No artists.
[5615/6291] 'jugendchor' (Est: 0.2h left)... No artists.
[5616/6291] 'alandsk musik' (Est: 0.2h left)... No artists.
[5617/6291] 'muzica maramureseana' (Est: 0.2h left)... No artists.
[5618/6291] 'duhovne pjesme' (Est: 0.2h left)... No artists.
[5619/6291] 'gaddiyali pop' (Est: 0.2h left)... No artists.
[5620/6291] 'min'yo' (Est: 0.2h left)... Found 23.
[5621/6291] 'rap gasy' (Est: 0.2h left)... Found 1.
[5622/6291] 'korean experimental' (Est: 0.2h left)... No artists.
[5623/6291] 'australian rockabilly' (Est: 0.2h left)... No artists.
[5624/6291] 'aberdeen indie' (Est: 0.2h left)... No artists.
[5625/6291] 'romanian black metal' (Est: 0.2h left)... No artists.
[5626/6291] 'thai worship' (Est: 0.2h left)... No artists.
[5627/6291] 'israeli traditional' (Est: 0.2h left)... No artists.
[5628/6291] 'christian symphonic metal' (Est: 0.2h left)... No artists.
[5629/6291] 'andalusian classical' (Est: 0.2h left)... Found 7.
[5630/6291] 'folclore castilla y leon' (Est: 0.2h left)... No artists.
[5631/6291] 'folk cantabria' (Est: 0.2h left)... No artists.
[5632/6291] 'men's choir' (Est: 0.2h left)... No artists.
[5633/6291] 'marinera' (Est: 0.2h left)... No artists.
[5634/6291] 'himalayan folk' (Est: 0.2h left)... No artists.
[5635/6291] 'luxembourgian hip hop' (Est: 0.2h left)... No artists.
[5636/6291] 'raga rock' (Est: 0.2h left)... Found 21.
[5637/6291] 'trio cubano' (Est: 0.2h left)... No artists.
[5638/6291] 'classical mezzo-soprano' (Est: 0.2h left)... No artists.
[5639/6291] 'brazilian rockabilly' (Est: 0.2h left)... No artists.
[5640/6291] 'russian death metal' (Est: 0.2h left)... Found 1.
[5641/6291] 'italian screamo' (Est: 0.2h left)... No artists.
[5642/6291] 'kosovan indie' (Est: 0.2h left)... No artists.
[5643/6291] 'brazilian stoner rock' (Est: 0.2h left)... No artists.
[5644/6291] 'macedonian indie' (Est: 0.2h left)... No artists.
[5645/6291] 'garo pop' (Est: 0.2h left)... No artists.
[5646/6291] 'nhac thieu nhi' (Est: 0.2h left)... No artists.
[5647/6291] 'dutch folk' (Est: 0.2h left)... Found 1.
[5648/6291] 'cape breton indie' (Est: 0.2h left)... No artists.
[5649/6291] 'classical percussion' (Est: 0.2h left)... No artists.
[5650/6291] 'rock potiguar' (Est: 0.2h left)... No artists.
💾 Checkpoint saved (35357 entities)
[5651/6291] 'pinoy traditional' (Est: 0.2h left)... No artists.
[5652/6291] 'senegalese traditional' (Est: 0.2h left)... No artists.
[5653/6291] 'classical countertenor' (Est: 0.2h left)... No artists.
[5654/6291] 'brazilian contemporary classical' (Est: 0.2h left)... No artists.
[5655/6291] 'koto' (Est: 0.2h left)... Found 4.
[5656/6291] 'bangla gojol' (Est: 0.2h left)... Found 1.
[5657/6291] 'korean punk' (Est: 0.2h left)... No artists.
[5658/6291] 'croatian folk' (Est: 0.2h left)... Found 1.
[5659/6291] 'dombra' (Est: 0.2h left)... No artists.
[5660/6291] 'rap potiguar' (Est: 0.2h left)... No artists.
[5661/6291] 'sindhi' (Est: 0.2h left)... Found 1.
[5662/6291] 'hula' (Est: 0.2h left)... No artists.
[5663/6291] 'grim death metal' (Est: 0.2h left)... Found 1.
[5664/6291] 'prank' (Est: 0.2h left)... Found 6.
[5665/6291] 'neo-proto' (Est: 0.2h left)... No artists.
[5666/6291] 'danish electro' (Est: 0.2h left)... No artists.
[5667/6291] 'novos talentos brasileiros' (Est: 0.2h left)... No artists.
[5668/6291] 'israeli classical' (Est: 0.2h left)... No artists.
[5669/6291] 'classical baritone' (Est: 0.2h left)... No artists.
[5670/6291] 'rhythm rock' (Est: 0.2h left)... Found 1.
[5671/6291] 'colombian death metal' (Est: 0.2h left)... No artists.
[5672/6291] 'german choir' (Est: 0.2h left)... Found 18.
[5673/6291] 'classic assamese pop' (Est: 0.2h left)... No artists.
[5674/6291] 'finnish techno' (Est: 0.2h left)... No artists.
[5675/6291] 'zeuhl' (Est: 0.2h left)... Found 33.
[5676/6291] 'colombian black metal' (Est: 0.2h left)... No artists.
[5677/6291] 'portuguese contemporary classical' (Est: 0.2h left)... No artists.
[5678/6291] 'lagu betawi' (Est: 0.2h left)... No artists.
[5679/6291] 'kinnauri pop' (Est: 0.2h left)... No artists.
[5680/6291] 'korean classical performance' (Est: 0.2h left)... No artists.
[5681/6291] 'rock nica' (Est: 0.2h left)... No artists.
[5682/6291] 'french classical piano' (Est: 0.2h left)... No artists.
[5683/6291] 'otroske pesmice' (Est: 0.2h left)... No artists.
[5684/6291] 'dutch punk rock' (Est: 0.2h left)... No artists.
[5685/6291] 'umea indie' (Est: 0.2h left)... No artists.
[5686/6291] 'cantonese opera' (Est: 0.2h left)... Found 13.
[5687/6291] 'dutch contemporary classical' (Est: 0.2h left)... No artists.
[5688/6291] 'sinhala edm' (Est: 0.2h left)... No artists.
[5689/6291] 'metal noir quebecois' (Est: 0.2h left)... Found 1.
[5690/6291] 'danish hardcore' (Est: 0.2h left)... No artists.
[5691/6291] 'mising pop' (Est: 0.2h left)... No artists.
[5692/6291] 'polynesian traditional' (Est: 0.2h left)... No artists.
[5693/6291] 'deep free jazz' (Est: 0.2h left)... No artists.
[5694/6291] 'glitter trance' (Est: 0.2h left)... No artists.
[5695/6291] 'scottish smallpipe' (Est: 0.2h left)... No artists.
[5696/6291] 'deep vocal house' (Est: 0.2h left)... No artists.
[5697/6291] 'post-punk colombiano' (Est: 0.2h left)... No artists.
[5698/6291] 'brass quintet' (Est: 0.2h left)... Found 1.
[5699/6291] 'canadian contemporary classical' (Est: 0.2h left)... No artists.
[5700/6291] 'maghreb' (Est: 0.2h left)... Found 2.
💾 Checkpoint saved (35479 entities)
[5701/6291] 'musique peule' (Est: 0.2h left)... No artists.
[5702/6291] 'indonesian bamboo' (Est: 0.2h left)... No artists.
[5703/6291] 'slc hardcore' (Est: 0.2h left)... No artists.
[5704/6291] 'rock sergipano' (Est: 0.2h left)... No artists.
[5705/6291] 'malawian folk' (Est: 0.2h left)... No artists.
[5706/6291] 'finnish rockabilly' (Est: 0.2h left)... No artists.
[5707/6291] 'hakkapop' (Est: 0.2h left)... No artists.
[5708/6291] 'portuguese death metal' (Est: 0.2h left)... No artists.
[5709/6291] 'dutch stoner rock' (Est: 0.2h left)... No artists.
[5710/6291] 'saxophone trio' (Est: 0.2h left)... No artists.
[5711/6291] 'marimba' (Est: 0.2h left)... Found 6.
[5712/6291] 'vintage finnish jazz' (Est: 0.2h left)... No artists.
[5713/6291] 'dhrupad' (Est: 0.2h left)... Found 8.
[5714/6291] 'western ny metal' (Est: 0.2h left)... No artists.
[5715/6291] 'euro hi-nrg' (Est: 0.2h left)... No artists.
[5716/6291] 'russian jazz' (Est: 0.2h left)... No artists.
[5717/6291] 'musica colimense' (Est: 0.2h left)... No artists.
[5718/6291] 'deep northern soul' (Est: 0.2h left)... No artists.
[5719/6291] 'indian instrumental rock' (Est: 0.2h left)... No artists.
[5720/6291] 'minnesota metal' (Est: 0.2h left)... No artists.
[5721/6291] 'northamptonshire indie' (Est: 0.2h left)... No artists.
[5722/6291] 'canadian stoner rock' (Est: 0.2h left)... No artists.
[5723/6291] 'epic collage' (Est: 0.2h left)... Found 5.
[5724/6291] 'ho munda' (Est: 0.2h left)... No artists.
[5725/6291] 'nyahbinghi' (Est: 0.2h left)... Found 3.
[5726/6291] 'kentucky mountain folk' (Est: 0.2h left)... No artists.
[5727/6291] 'mento' (Est: 0.2h left)... Found 4.
[5728/6291] 'irish ballad' (Est: 0.2h left)... No artists.
[5729/6291] 'italian blues' (Est: 0.2h left)... No artists.
[5730/6291] 'estonian metal' (Est: 0.2h left)... Found 2.
[5731/6291] 'muzica banateana' (Est: 0.2h left)... No artists.
[5732/6291] 'piada' (Est: 0.2h left)... No artists.
[5733/6291] 'dytyachi pisni' (Est: 0.2h left)... No artists.
[5734/6291] 'classical trombone' (Est: 0.2h left)... No artists.
[5735/6291] 'italian progressive metal' (Est: 0.2h left)... No artists.
[5736/6291] 'appalachian black metal' (Est: 0.2h left)... No artists.
[5737/6291] 'zither' (Est: 0.2h left)... Found 3.
[5738/6291] 'hangoskonyvek' (Est: 0.2h left)... No artists.
[5739/6291] 'swiss experimental' (Est: 0.2h left)... No artists.
[5740/6291] 'metal salvadoreno' (Est: 0.2h left)... No artists.
[5741/6291] 'guggenmusik' (Est: 0.2h left)... Found 34.
[5742/6291] 'izvorna muzika' (Est: 0.2h left)... No artists.
[5743/6291] 'experimental percussion' (Est: 0.2h left)... No artists.
[5744/6291] 'dark black metal' (Est: 0.2h left)... No artists.
[5745/6291] 'bikutsi' (Est: 0.2h left)... No artists.
[5746/6291] 'tanzorchester' (Est: 0.2h left)... No artists.
[5747/6291] 'lok dohori' (Est: 0.2h left)... No artists.
[5748/6291] 'american classical piano' (Est: 0.2h left)... No artists.
[5749/6291] 'singaporean punk' (Est: 0.2h left)... No artists.
[5750/6291] 'anime game' (Est: 0.2h left)... No artists.
💾 Checkpoint saved (35579 entities)
[5751/6291] 'eletronica underground brasileira' (Est: 0.2h left)... No artists.
[5752/6291] 'italian modern prog' (Est: 0.2h left)... No artists.
[5753/6291] 'salon music' (Est: 0.2h left)... No artists.
[5754/6291] 'classical accordion' (Est: 0.2h left)... Found 1.
[5755/6291] 'iranian experimental' (Est: 0.2h left)... No artists.
[5756/6291] 'thrash-groove metal' (Est: 0.2h left)... Found 1.
[5757/6291] 'polish classical piano' (Est: 0.2h left)... No artists.
[5758/6291] 'kikuyu pop' (Est: 0.2h left)... No artists.
[5759/6291] 'chilean techno' (Est: 0.2h left)... No artists.
[5760/6291] 'hungarian black metal' (Est: 0.2h left)... No artists.
[5761/6291] 'kolo' (Est: 0.2h left)... No artists.
[5762/6291] 'welsh choir' (Est: 0.2h left)... No artists.
[5763/6291] 'bulgarian metal' (Est: 0.2h left)... No artists.
[5764/6291] 'edinburgh metal' (Est: 0.2h left)... No artists.
[5765/6291] 'dogri pop' (Est: 0.2h left)... No artists.
[5766/6291] 'guatemalan indie' (Est: 0.2h left)... No artists.
[5767/6291] 'dutch baroque' (Est: 0.2h left)... No artists.
[5768/6291] 'czsk black metal' (Est: 0.2h left)... No artists.
[5769/6291] 'quebec metal' (Est: 0.2h left)... No artists.
[5770/6291] 'borneo traditional' (Est: 0.2h left)... No artists.
[5771/6291] 'rozpravky' (Est: 0.2h left)... No artists.
[5772/6291] 'vintage radio show' (Est: 0.2h left)... No artists.
[5773/6291] 'alabama hardcore' (Est: 0.2h left)... No artists.
[5774/6291] 'kikuyu gospel' (Est: 0.2h left)... No artists.
[5775/6291] 'moravian folk' (Est: 0.2h left)... No artists.
[5776/6291] 'experimental big band' (Est: 0.2h left)... Found 15.
[5777/6291] 'macedonian rock' (Est: 0.2h left)... No artists.
[5778/6291] 'dutch experimental' (Est: 0.2h left)... No artists.
[5779/6291] 'norwegian choir' (Est: 0.2h left)... Found 1.
[5780/6291] 'musique soninke' (Est: 0.2h left)... No artists.
[5781/6291] 'orquesta cubana' (Est: 0.2h left)... No artists.
[5782/6291] 'chinese wind' (Est: 0.2h left)... No artists.
[5783/6291] 'pipa' (Est: 0.2h left)... Found 4.
[5784/6291] 'cerkes muzikleri' (Est: 0.2h left)... No artists.
[5785/6291] 'rakugo' (Est: 0.2h left)... No artists.
[5786/6291] 'delaware indie' (Est: 0.2h left)... No artists.
[5787/6291] 'sardinia indie' (Est: 0.2h left)... No artists.
[5788/6291] 'punk ecuatoriano' (Est: 0.2h left)... No artists.
[5789/6291] 'tulum' (Est: 0.2h left)... No artists.
[5790/6291] 'african metal' (Est: 0.2h left)... No artists.
[5791/6291] 'autoharp' (Est: 0.2h left)... Found 1.
[5792/6291] 'assamese hip hop' (Est: 0.2h left)... No artists.
[5793/6291] 'musique ancienne' (Est: 0.2h left)... No artists.
[5794/6291] 'kapa haka' (Est: 0.2h left)... No artists.
[5795/6291] 'classic nz country' (Est: 0.2h left)... No artists.
[5796/6291] 'croatian electronic' (Est: 0.2h left)... No artists.
[5797/6291] 'rock dominicano' (Est: 0.2h left)... Found 1.
[5798/6291] 'indie asturiana' (Est: 0.2h left)... No artists.
[5799/6291] 'musica blumenauense' (Est: 0.2h left)... No artists.
[5800/6291] 'stubenmusik' (Est: 0.2h left)... No artists.
💾 Checkpoint saved (35643 entities)
[5801/6291] 'synthetic classical' (Est: 0.2h left)... No artists.
[5802/6291] 'rock in opposition' (Est: 0.2h left)... Found 20.
[5803/6291] 'frafra' (Est: 0.2h left)... No artists.
[5804/6291] 'field recording' (Est: 0.2h left)... Found 50.
[5805/6291] 'ceske chvaly' (Est: 0.2h left)... No artists.
[5806/6291] 'middle eastern traditional' (Est: 0.2h left)... No artists.
[5807/6291] 'albanian folk' (Est: 0.2h left)... Found 5.
[5808/6291] 'vintage hawaiian' (Est: 0.2h left)... No artists.
[5809/6291] 'deep indie singer-songwriter' (Est: 0.2h left)... No artists.
[5810/6291] 'detskie rasskazy' (Est: 0.2h left)... No artists.
[5811/6291] 'chinese punk' (Est: 0.2h left)... No artists.
[5812/6291] 'rock pernambucano' (Est: 0.2h left)... No artists.
[5813/6291] 'blues band' (Est: 0.2h left)... Found 2.
[5814/6291] 'christian doom metal' (Est: 0.2h left)... No artists.
[5815/6291] 'spanish death metal' (Est: 0.2h left)... No artists.
[5816/6291] 'santur' (Est: 0.2h left)... Found 7.
[5817/6291] 'folklore panameno' (Est: 0.2h left)... No artists.
[5818/6291] 'early french punk' (Est: 0.2h left)... No artists.
[5819/6291] 'italian soprano' (Est: 0.2h left)... Found 21.
[5820/6291] 'mapouka' (Est: 0.2h left)... No artists.
[5821/6291] 'deep italo disco' (Est: 0.2h left)... No artists.
[5822/6291] 'rock catarinense' (Est: 0.2h left)... No artists.
[5823/6291] 'french experimental rock' (Est: 0.2h left)... No artists.
[5824/6291] 'serbian metal' (Est: 0.2h left)... No artists.
[5825/6291] 'rongmei pop' (Est: 0.2h left)... No artists.
[5826/6291] 'black noise' (Est: 0.2h left)... Found 14.
[5827/6291] 'ceilidh' (Est: 0.2h left)... Found 6.
[5828/6291] 'caucasian folk' (Est: 0.2h left)... No artists.
[5829/6291] 'russian thrash metal' (Est: 0.2h left)... No artists.
[5830/6291] 'sound collage' (Est: 0.2h left)... Found 50.
[5831/6291] 'irish experimental electronic' (Est: 0.2h left)... No artists.
[5832/6291] 'indonesian thrash metal' (Est: 0.2h left)... No artists.
[5833/6291] 'haitian traditional' (Est: 0.2h left)... No artists.
[5834/6291] 'slovak metal' (Est: 0.2h left)... No artists.
[5835/6291] 'gwoka' (Est: 0.2h left)... No artists.
[5836/6291] 'indie queretano' (Est: 0.2h left)... No artists.
[5837/6291] 'metalcore espanol' (Est: 0.2h left)... No artists.
[5838/6291] 'belgian hardcore' (Est: 0.2h left)... Found 1.
[5839/6291] 'korean traditional' (Est: 0.2h left)... Found 1.
[5840/6291] 'malaysian hardcore' (Est: 0.2h left)... No artists.
[5841/6291] 'lithuanian metal' (Est: 0.1h left)... No artists.
[5842/6291] 'italian baritone' (Est: 0.1h left)... Found 5.
[5843/6291] 'ukrainian choir' (Est: 0.1h left)... No artists.
[5844/6291] 'shehnai' (Est: 0.1h left)... No artists.
[5845/6291] 'german contemporary classical' (Est: 0.1h left)... No artists.
[5846/6291] 'finnish contemporary classical' (Est: 0.1h left)... No artists.
[5847/6291] 'musica mato-grossense' (Est: 0.1h left)... No artists.
[5848/6291] 'beat poetry' (Est: 0.1h left)... Found 15.
[5849/6291] 'brazilian heavy metal' (Est: 0.1h left)... No artists.
[5850/6291] 'deep swedish rock' (Est: 0.1h left)... No artists.
💾 Checkpoint saved (35822 entities)
[5851/6291] 'belgian experimental' (Est: 0.1h left)... No artists.
[5852/6291] 'macau pop' (Est: 0.1h left)... No artists.
[5853/6291] 'kosovan folk' (Est: 0.1h left)... No artists.
[5854/6291] 'djembe' (Est: 0.1h left)... Found 7.
[5855/6291] 'instrumental black metal' (Est: 0.1h left)... No artists.
[5856/6291] 'alpenpanorama' (Est: 0.1h left)... No artists.
[5857/6291] 'baroque singing' (Est: 0.1h left)... No artists.
[5858/6291] 'slash punk' (Est: 0.1h left)... No artists.
[5859/6291] 'musica amapaense' (Est: 0.1h left)... No artists.
[5860/6291] 'trombone brasileiro' (Est: 0.1h left)... No artists.
[5861/6291] 'pontianak indie' (Est: 0.1h left)... No artists.
[5862/6291] 'african experimental' (Est: 0.1h left)... No artists.
[5863/6291] 'suomisaundi' (Est: 0.1h left)... Found 10.
[5864/6291] 'vapor house' (Est: 0.1h left)... No artists.
[5865/6291] 'dweilorkest' (Est: 0.1h left)... No artists.
[5866/6291] 'indie nica' (Est: 0.1h left)... No artists.
[5867/6291] 'nordic orchestra' (Est: 0.1h left)... No artists.
[5868/6291] 'electroacoustic composition' (Est: 0.1h left)... No artists.
[5869/6291] 'musica acoriana' (Est: 0.1h left)... No artists.
[5870/6291] 'saxony metal' (Est: 0.1h left)... No artists.
[5871/6291] 'ladakhi pop' (Est: 0.1h left)... No artists.
[5872/6291] 'normal indie' (Est: 0.1h left)... No artists.
[5873/6291] 'alaska hip hop' (Est: 0.1h left)... No artists.
[5874/6291] 'mexican power metal' (Est: 0.1h left)... No artists.
[5875/6291] 'musica campineira' (Est: 0.1h left)... No artists.
[5876/6291] 'bandura' (Est: 0.1h left)... Found 3.
[5877/6291] 'lincoln ne indie' (Est: 0.1h left)... No artists.
[5878/6291] 'soda pop' (Est: 0.1h left)... No artists.
[5879/6291] 'danish choir' (Est: 0.1h left)... Found 2.
[5880/6291] 'guqin' (Est: 0.1h left)... Found 10.
[5881/6291] 'recorder' (Est: 0.1h left)... Found 31.
[5882/6291] 'vintage classical singing' (Est: 0.1h left)... No artists.
[5883/6291] 'british electroacoustic' (Est: 0.1h left)... No artists.
[5884/6291] 'georgian polyphony' (Est: 0.1h left)... No artists.
[5885/6291] 'latin american classical piano' (Est: 0.1h left)... No artists.
[5886/6291] 'spanish stoner rock' (Est: 0.1h left)... No artists.
[5887/6291] 'humour francais' (Est: 0.1h left)... No artists.
[5888/6291] 'chill groove' (Est: 0.1h left)... No artists.
[5889/6291] 'historic classical performance' (Est: 0.1h left)... No artists.
[5890/6291] 'antilliaanse folklore' (Est: 0.1h left)... No artists.
[5891/6291] 'bohol indie' (Est: 0.1h left)... No artists.
[5892/6291] 'idaho hip hop' (Est: 0.1h left)... No artists.
[5893/6291] 'cimbalova muzika' (Est: 0.1h left)... No artists.
[5894/6291] 'theremin' (Est: 0.1h left)... Found 4.
[5895/6291] 'deep surf music' (Est: 0.1h left)... No artists.
[5896/6291] 'luxembourgian metal' (Est: 0.1h left)... No artists.
[5897/6291] 'dutch idol pop' (Est: 0.1h left)... No artists.
[5898/6291] 'deep hardcore punk' (Est: 0.1h left)... No artists.
[5899/6291] 'kantele' (Est: 0.1h left)... Found 7.
[5900/6291] 'turkish black metal' (Est: 0.1h left)... No artists.
💾 Checkpoint saved (35936 entities)
[5901/6291] 'french contemporary classical' (Est: 0.1h left)... No artists.
[5902/6291] 'modern performance' (Est: 0.1h left)... No artists.
[5903/6291] 'brazilian post-rock' (Est: 0.1h left)... No artists.
[5904/6291] 'musica rondoniense' (Est: 0.1h left)... No artists.
[5905/6291] 'deep space rock' (Est: 0.1h left)... No artists.
[5906/6291] 'charred death' (Est: 0.1h left)... No artists.
[5907/6291] 'rock sul-mato-grossense' (Est: 0.1h left)... No artists.
[5908/6291] 'moorish traditional' (Est: 0.1h left)... No artists.
[5909/6291] 'organetto' (Est: 0.1h left)... No artists.
[5910/6291] 'punk tico' (Est: 0.1h left)... No artists.
[5911/6291] 'bury st edmunds indie' (Est: 0.1h left)... No artists.
[5912/6291] 'orkney and shetland folk' (Est: 0.1h left)... No artists.
[5913/6291] 'string orchestra' (Est: 0.1h left)... Found 3.
[5914/6291] 'h8000' (Est: 0.1h left)... No artists.
[5915/6291] 'latin american baroque' (Est: 0.1h left)... No artists.
[5916/6291] 'tan co' (Est: 0.1h left)... No artists.
[5917/6291] 'south borneo indie' (Est: 0.1h left)... No artists.
[5918/6291] 'modern free jazz' (Est: 0.1h left)... No artists.
[5919/6291] 'italian rockabilly' (Est: 0.1h left)... No artists.
[5920/6291] 'classical bass' (Est: 0.1h left)... No artists.
[5921/6291] 'russian modern jazz' (Est: 0.1h left)... No artists.
[5922/6291] 'taiwan graduation song' (Est: 0.1h left)... No artists.
[5923/6291] 'brazilian surf rock' (Est: 0.1h left)... No artists.
[5924/6291] 'czech classical piano' (Est: 0.1h left)... No artists.
[5925/6291] 'tibetan folk pop' (Est: 0.1h left)... No artists.
[5926/6291] 'aghani lil-atfal' (Est: 0.1h left)... No artists.
[5927/6291] 'jazz composition' (Est: 0.1h left)... No artists.
[5928/6291] 'hip hop mauritanien' (Est: 0.1h left)... No artists.
[5929/6291] 'classical bassoon' (Est: 0.1h left)... No artists.
[5930/6291] 'karntner volksmusik' (Est: 0.1h left)... No artists.
[5931/6291] 'gayageum' (Est: 0.1h left)... Found 2.
[5932/6291] 'gong' (Est: 0.1h left)... Found 2.
[5933/6291] 'esperanto' (Est: 0.1h left)... Found 50.
[5934/6291] 'new england experimental' (Est: 0.1h left)... No artists.
[5935/6291] 'glass' (Est: 0.1h left)... Found 24.
[5936/6291] 'italian occult psychedelia' (Est: 0.1h left)... No artists.
[5937/6291] 'malaysian traditional' (Est: 0.1h left)... No artists.
[5938/6291] 'czech jazz' (Est: 0.1h left)... No artists.
[5939/6291] 'indie catracho' (Est: 0.1h left)... No artists.
[5940/6291] 'folclore extremeno' (Est: 0.1h left)... No artists.
[5941/6291] 'brazilian grindcore' (Est: 0.1h left)... No artists.
[5942/6291] 'italian baroque ensemble' (Est: 0.1h left)... No artists.
[5943/6291] 'extratone' (Est: 0.1h left)... Found 12.
[5944/6291] 'indie tucumano' (Est: 0.1h left)... No artists.
[5945/6291] 'naturjodel' (Est: 0.1h left)... No artists.
[5946/6291] 'rock abc paulista' (Est: 0.1h left)... No artists.
[5947/6291] 'neo-trad doom metal' (Est: 0.1h left)... No artists.
[5948/6291] 'austrian choir' (Est: 0.1h left)... Found 4.
[5949/6291] 'musica londrinense' (Est: 0.1h left)... No artists.
[5950/6291] 'rabm' (Est: 0.1h left)... Found 4.
💾 Checkpoint saved (36070 entities)
[5951/6291] 'polish noise rock' (Est: 0.1h left)... Found 1.
[5952/6291] 'jazz caraibes' (Est: 0.1h left)... No artists.
[5953/6291] 'marsmuziek' (Est: 0.1h left)... No artists.
[5954/6291] 'musica caririense' (Est: 0.1h left)... No artists.
[5955/6291] 'lithuanian jazz' (Est: 0.1h left)... Found 5.
[5956/6291] 'metal galego' (Est: 0.1h left)... No artists.
[5957/6291] 'russian screamo' (Est: 0.1h left)... No artists.
[5958/6291] 'somatik techno' (Est: 0.1h left)... No artists.
[5959/6291] 'icelandic choir' (Est: 0.1h left)... No artists.
[5960/6291] 'belfast metal' (Est: 0.1h left)... No artists.
[5961/6291] 'chaotic black metal' (Est: 0.1h left)... No artists.
[5962/6291] 'zohioliin duu' (Est: 0.1h left)... No artists.
[5963/6291] 'greek clarinet' (Est: 0.1h left)... No artists.
[5964/6291] 'gospel papiamento' (Est: 0.1h left)... No artists.
[5965/6291] 'classical oboe' (Est: 0.1h left)... No artists.
[5966/6291] 'vintage old-time' (Est: 0.1h left)... No artists.
[5967/6291] 'italian bass' (Est: 0.1h left)... Found 11.
[5968/6291] 'proto-rap' (Est: 0.1h left)... No artists.
[5969/6291] 'jota aragonesa' (Est: 0.1h left)... No artists.
[5970/6291] 'liberian pop' (Est: 0.1h left)... No artists.
[5971/6291] 'vintage gospel' (Est: 0.1h left)... No artists.
[5972/6291] 'jazz boliviano' (Est: 0.1h left)... No artists.
[5973/6291] 'irish experimental' (Est: 0.1h left)... No artists.
[5974/6291] 'danish contemporary classical' (Est: 0.1h left)... No artists.
[5975/6291] 'german grindcore' (Est: 0.1h left)... No artists.
[5976/6291] 'skiffle' (Est: 0.1h left)... Found 18.
[5977/6291] 'chakma pop' (Est: 0.1h left)... No artists.
[5978/6291] 'polish metalcore' (Est: 0.1h left)... No artists.
[5979/6291] 'taiwan experimental' (Est: 0.1h left)... No artists.
[5980/6291] 'hipco' (Est: 0.1h left)... No artists.
[5981/6291] 'deep active rock' (Est: 0.1h left)... No artists.
[5982/6291] 'turkmen hip hop' (Est: 0.1h left)... No artists.
[5983/6291] 'indian techno' (Est: 0.1h left)... No artists.
[5984/6291] 'egyptian traditional' (Est: 0.1h left)... No artists.
[5985/6291] 'folclore navarra' (Est: 0.1h left)... No artists.
[5986/6291] 'romanian contemporary classical' (Est: 0.1h left)... No artists.
[5987/6291] 'cimbalom' (Est: 0.1h left)... Found 5.
[5988/6291] 'belfast indie' (Est: 0.1h left)... No artists.
[5989/6291] 'historic orchestral performance' (Est: 0.1h left)... No artists.
[5990/6291] 'contra dance' (Est: 0.1h left)... Found 49.
[5991/6291] 'flashcore' (Est: 0.1h left)... Found 6.
[5992/6291] 'czech swing' (Est: 0.1h left)... No artists.
[5993/6291] 'austrian classical piano' (Est: 0.1h left)... No artists.
[5994/6291] 'mexican electronic' (Est: 0.1h left)... No artists.
[5995/6291] 'latvian metal' (Est: 0.1h left)... No artists.
[5996/6291] 'folklore quebecois' (Est: 0.1h left)... No artists.
[5997/6291] 'french orchestra' (Est: 0.1h left)... Found 14.
[5998/6291] 'lion city hardcore' (Est: 0.1h left)... No artists.
[5999/6291] 'zomi pop' (Est: 0.1h left)... No artists.
[6000/6291] 'orkiestra symfoniczna' (Est: 0.1h left)... No artists.
💾 Checkpoint saved (36217 entities)
[6001/6291] 'landler' (Est: 0.1h left)... Found 1.
[6002/6291] 'hard chime' (Est: 0.1h left)... No artists.
[6003/6291] 'metal cristao' (Est: 0.1h left)... No artists.
[6004/6291] 'magyar kabare' (Est: 0.1h left)... No artists.
[6005/6291] 'thai traditional' (Est: 0.1h left)... No artists.
[6006/6291] 'swazi hip hop' (Est: 0.1h left)... No artists.
[6007/6291] 'deep pop emo' (Est: 0.1h left)... No artists.
[6008/6291] 'cante alentejano' (Est: 0.1h left)... Found 2.
[6009/6291] 'cryptic black metal' (Est: 0.1h left)... No artists.
[6010/6291] 'czech psychedelic' (Est: 0.1h left)... No artists.
[6011/6291] 'spanish black metal' (Est: 0.1h left)... No artists.
[6012/6291] 'italian industrial' (Est: 0.1h left)... No artists.
[6013/6291] 'band organ' (Est: 0.1h left)... No artists.
[6014/6291] 'afrikaans folk' (Est: 0.1h left)... No artists.
[6015/6291] 'moroccan traditional' (Est: 0.1h left)... No artists.
[6016/6291] 'rock paraense' (Est: 0.1h left)... No artists.
[6017/6291] 'thai psychedelic' (Est: 0.1h left)... No artists.
[6018/6291] 'ethnomusicology' (Est: 0.1h left)... No artists.
[6019/6291] 'ainu folk' (Est: 0.1h left)... No artists.
[6020/6291] 'northumbrian folk' (Est: 0.1h left)... No artists.
[6021/6291] 'deep orgcore' (Est: 0.1h left)... No artists.
[6022/6291] 'karelian folk' (Est: 0.1h left)... No artists.
[6023/6291] 'italian classical guitar' (Est: 0.1h left)... No artists.
[6024/6291] 'mexican black metal' (Est: 0.1h left)... Found 1.
[6025/6291] 'portuguese post-rock' (Est: 0.1h left)... No artists.
[6026/6291] 'rap paraense' (Est: 0.1h left)... No artists.
[6027/6291] 'viola' (Est: 0.1h left)... Found 50.
[6028/6291] 'nadaswaram' (Est: 0.1h left)... No artists.
[6029/6291] 'italian heavy metal' (Est: 0.1h left)... Found 1.
[6030/6291] 'korean minyo' (Est: 0.1h left)... No artists.
[6031/6291] 'gypsy' (Est: 0.1h left)... Found 50.
[6032/6291] 'classical piano trio' (Est: 0.1h left)... No artists.
[6033/6291] 'minnesang' (Est: 0.1h left)... No artists.
[6034/6291] 'classical tuba' (Est: 0.1h left)... No artists.
[6035/6291] 'rap burkinabe' (Est: 0.1h left)... No artists.
[6036/6291] 'baltic black metal' (Est: 0.1h left)... No artists.
[6037/6291] 'maldivian pop' (Est: 0.1h left)... No artists.
[6038/6291] 'czech hardcore' (Est: 0.1h left)... No artists.
[6039/6291] 'musica piemonteisa' (Est: 0.1h left)... No artists.
[6040/6291] 'indonesian black metal' (Est: 0.1h left)... No artists.
[6041/6291] 'musique traditionnelle congolaise' (Est: 0.1h left)... No artists.
[6042/6291] 'metal paraguayo' (Est: 0.1h left)... No artists.
[6043/6291] 'french rockabilly' (Est: 0.1h left)... No artists.
[6044/6291] 'portuguese hardcore' (Est: 0.1h left)... No artists.
[6045/6291] 'palm wine guitar' (Est: 0.1h left)... No artists.
[6046/6291] 'frevo' (Est: 0.1h left)... Found 4.
[6047/6291] 'korean hardcore' (Est: 0.1h left)... No artists.
[6048/6291] 'experimental dubstep' (Est: 0.1h left)... No artists.
[6049/6291] 'baltic choir' (Est: 0.1h left)... No artists.
[6050/6291] 'musica roraimense' (Est: 0.1h left)... No artists.
💾 Checkpoint saved (36309 entities)
[6051/6291] 'baoule' (Est: 0.1h left)... No artists.
[6052/6291] 'metal uruguayo' (Est: 0.1h left)... No artists.
[6053/6291] 'ethiopian traditional' (Est: 0.1h left)... No artists.
[6054/6291] 'post-rock latinoamericano' (Est: 0.1h left)... No artists.
[6055/6291] 'fife and drum' (Est: 0.1h left)... Found 4.
[6056/6291] 'metal balear' (Est: 0.1h left)... No artists.
[6057/6291] 'classical guitar duo' (Est: 0.1h left)... Found 1.
[6058/6291] 'troubadour' (Est: 0.1h left)... Found 10.
[6059/6291] 'spoken word' (Est: 0.1h left)... Found 50.
[6060/6291] 'portuguese early music' (Est: 0.1h left)... No artists.
[6061/6291] 'persian poetry' (Est: 0.1h left)... No artists.
[6062/6291] 'italian orchestra' (Est: 0.1h left)... Found 7.
[6063/6291] 'song poem' (Est: 0.1h left)... No artists.
[6064/6291] 'boy soprano' (Est: 0.1h left)... Found 3.
[6065/6291] 'korean contemporary classical' (Est: 0.1h left)... No artists.
[6066/6291] 'deep indie rock' (Est: 0.1h left)... Found 1.
[6067/6291] 'appenzeller folk' (Est: 0.1h left)... No artists.
[6068/6291] 'indie nordeste argentino' (Est: 0.1h left)... No artists.
[6069/6291] 'deep neo-synthpop' (Est: 0.1h left)... No artists.
[6070/6291] 'kadongo kamu' (Est: 0.1h left)... No artists.
[6071/6291] 'irish death metal' (Est: 0.1h left)... No artists.
[6072/6291] 'metal catarinense' (Est: 0.1h left)... No artists.
[6073/6291] 'central american metal' (Est: 0.1h left)... No artists.
[6074/6291] 'turkish hardcore' (Est: 0.1h left)... No artists.
[6075/6291] 'animal singing' (Est: 0.1h left)... Found 1.
[6076/6291] 'trombone ensemble' (Est: 0.1h left)... No artists.
[6077/6291] 'tatar folk' (Est: 0.1h left)... No artists.
[6078/6291] 'metal cearense' (Est: 0.1h left)... No artists.
[6079/6291] 'baltic classical piano' (Est: 0.1h left)... No artists.
[6080/6291] 'marathi balgeet' (Est: 0.1h left)... No artists.
[6081/6291] 'deep southern soul' (Est: 0.1h left)... No artists.
[6082/6291] 'balochi folk' (Est: 0.1h left)... No artists.
[6083/6291] 'pansori' (Est: 0.1h left)... Found 2.
[6084/6291] 'dizi' (Est: 0.1h left)... Found 1.
[6085/6291] 'brazilian classical piano' (Est: 0.1h left)... No artists.
[6086/6291] 'musique traditionnelle comorienne' (Est: 0.1h left)... No artists.
[6087/6291] 'inuit traditional' (Est: 0.1h left)... No artists.
[6088/6291] 'south african techno' (Est: 0.1h left)... No artists.
[6089/6291] 'lagu jambi' (Est: 0.1h left)... No artists.
[6090/6291] 'sarangi' (Est: 0.1h left)... Found 3.
[6091/6291] 'euphonium' (Est: 0.1h left)... Found 1.
[6092/6291] 'spanish contemporary classical' (Est: 0.1h left)... Found 1.
[6093/6291] 'experimental poetry' (Est: 0.1h left)... No artists.
[6094/6291] 'rock nacional feminino' (Est: 0.1h left)... No artists.
[6095/6291] 'yiddish folk' (Est: 0.1h left)... No artists.
[6096/6291] 'accordion band' (Est: 0.1h left)... No artists.
[6097/6291] 'musica sinfonica' (Est: 0.1h left)... No artists.
[6098/6291] 'trecento' (Est: 0.1h left)... No artists.
[6099/6291] 'sacred harp' (Est: 0.1h left)... Found 1.
[6100/6291] 'portuguese experimental' (Est: 0.1h left)... No artists.
💾 Checkpoint saved (36416 entities)
[6101/6291] 'deep r&b' (Est: 0.1h left)... Found 1.
[6102/6291] 'polish experimental' (Est: 0.1h left)... No artists.
[6103/6291] 'grunge argentina' (Est: 0.1h left)... No artists.
[6104/6291] 'akordeon' (Est: 0.1h left)... No artists.
[6105/6291] 'hard dance' (Est: 0.1h left)... Found 9.
[6106/6291] 'metal baiano' (Est: 0.1h left)... No artists.
[6107/6291] 'harmonikka' (Est: 0.1h left)... No artists.
[6108/6291] 'black metal argentino' (Est: 0.1h left)... No artists.
[6109/6291] 'kamba pop' (Est: 0.1h left)... No artists.
[6110/6291] 'ghanaian traditional' (Est: 0.1h left)... No artists.
[6111/6291] 'taarab' (Est: 0.1h left)... Found 6.
[6112/6291] 'nordnorsk ponk' (Est: 0.1h left)... No artists.
[6113/6291] 'industrial noise' (Est: 0.1h left)... Found 1.
[6114/6291] 'hard stoner rock' (Est: 0.1h left)... No artists.
[6115/6291] 'venezuelan metal' (Est: 0.1h left)... No artists.
[6116/6291] 'traditional irish singing' (Est: 0.1h left)... No artists.
[6117/6291] 'luxembourgian electronic' (Est: 0.1h left)... No artists.
[6118/6291] 'malaysian post-rock' (Est: 0.1h left)... No artists.
[6119/6291] 'chinese black metal' (Est: 0.1h left)... No artists.
[6120/6291] 'santa fe indie' (Est: 0.1h left)... No artists.
[6121/6291] 'malian traditional' (Est: 0.1h left)... Found 1.
[6122/6291] 'grunge brasileiro' (Est: 0.1h left)... No artists.
[6123/6291] 'kazakh traditional' (Est: 0.1h left)... No artists.
[6124/6291] 'vietnamese traditional' (Est: 0.1h left)... No artists.
[6125/6291] 'tanzanian traditional' (Est: 0.1h left)... No artists.
[6126/6291] 'classical guitar quartet' (Est: 0.1h left)... No artists.
[6127/6291] 'deep delta blues' (Est: 0.1h left)... No artists.
[6128/6291] 'ethereal gothic' (Est: 0.1h left)... No artists.
[6129/6291] 'maltese metal' (Est: 0.1h left)... No artists.
[6130/6291] 'estonian jazz' (Est: 0.1h left)... No artists.
[6131/6291] 'historical keyboard' (Est: 0.1h left)... No artists.
[6132/6291] 'jaw harp' (Est: 0.1h left)... No artists.
[6133/6291] 'irish hardcore' (Est: 0.1h left)... No artists.
[6134/6291] 'musica puntana' (Est: 0.1h left)... No artists.
[6135/6291] 'alphorn' (Est: 0.1h left)... Found 1.
[6136/6291] 'alternative hardcore' (Est: 0.1h left)... Found 50.
[6137/6291] 'deep latin jazz' (Est: 0.1h left)... No artists.
[6138/6291] 'classical contralto' (Est: 0.1h left)... No artists.
[6139/6291] 'bulgarian experimental' (Est: 0.1h left)... No artists.
[6140/6291] 'trouvere' (Est: 0.1h left)... No artists.
[6141/6291] 'classical piano duo' (Est: 0.1h left)... No artists.
[6142/6291] 'deep chill-out' (Est: 0.0h left)... No artists.
[6143/6291] 'punk ska' (Est: 0.0h left)... Found 1.
[6144/6291] 'police band' (Est: 0.0h left)... No artists.
[6145/6291] 'czech contemporary classical' (Est: 0.0h left)... No artists.
[6146/6291] 'balkan classical piano' (Est: 0.0h left)... No artists.
[6147/6291] 'uyghur folk' (Est: 0.0h left)... No artists.
[6148/6291] 'swedish jazz orkester' (Est: 0.0h left)... No artists.
[6149/6291] 'jewish cantorial' (Est: 0.0h left)... No artists.
[6150/6291] 'musica urbana oaxaquena' (Est: 0.0h left)... No artists.
💾 Checkpoint saved (36511 entities)
[6151/6291] 'school choir' (Est: 0.0h left)... No artists.
[6152/6291] 'ars subtilior' (Est: 0.0h left)... Found 2.
[6153/6291] 'necrogrind' (Est: 0.0h left)... No artists.
[6154/6291] 'musique tchadienne' (Est: 0.0h left)... No artists.
[6155/6291] 'montana metal' (Est: 0.0h left)... Found 1.
[6156/6291] 'irish modern jazz' (Est: 0.0h left)... No artists.
[6157/6291] 'cypriot metal' (Est: 0.0h left)... No artists.
[6158/6291] 'portuguese classical' (Est: 0.0h left)... No artists.
[6159/6291] 'australian choir' (Est: 0.0h left)... No artists.
[6160/6291] 'ghoststep' (Est: 0.0h left)... No artists.
[6161/6291] 'new zealand classical' (Est: 0.0h left)... No artists.
[6162/6291] 'iranian metal' (Est: 0.0h left)... Found 2.
[6163/6291] 'puerto rican metal' (Est: 0.0h left)... No artists.
[6164/6291] 'indonesian electronic' (Est: 0.0h left)... Found 1.
[6165/6291] 'canto a tenore' (Est: 0.0h left)... No artists.
[6166/6291] 'chilean black metal' (Est: 0.0h left)... No artists.
[6167/6291] 'lagu lampung' (Est: 0.0h left)... No artists.
[6168/6291] 'bells' (Est: 0.0h left)... Found 3.
[6169/6291] 'south african dnb' (Est: 0.0h left)... No artists.
[6170/6291] 'jangle rock' (Est: 0.0h left)... Found 4.
[6171/6291] 'huqin' (Est: 0.0h left)... No artists.
[6172/6291] 'romanian classical piano' (Est: 0.0h left)... No artists.
[6173/6291] 'peruvian death metal' (Est: 0.0h left)... No artists.
[6174/6291] 'brazilian doom metal' (Est: 0.0h left)... No artists.
[6175/6291] 'deep indie pop' (Est: 0.0h left)... No artists.
[6176/6291] 'art song' (Est: 0.0h left)... Found 17.
[6177/6291] 'metis fiddle' (Est: 0.0h left)... No artists.
[6178/6291] 'classical horn' (Est: 0.0h left)... No artists.
[6179/6291] 'central asian folk' (Est: 0.0h left)... No artists.
[6180/6291] 'rock cristao fluminense' (Est: 0.0h left)... No artists.
[6181/6291] 'pygmy music' (Est: 0.0h left)... No artists.
[6182/6291] 'shantykoren' (Est: 0.0h left)... No artists.
[6183/6291] 'cosmic uplifting trance' (Est: 0.0h left)... No artists.
[6184/6291] 'hawaiian punk' (Est: 0.0h left)... No artists.
[6185/6291] 'deep motown' (Est: 0.0h left)... No artists.
[6186/6291] 'pibroch' (Est: 0.0h left)... No artists.
[6187/6291] 'russian oi' (Est: 0.0h left)... No artists.
[6188/6291] 'caribbean metal' (Est: 0.0h left)... Found 1.
[6189/6291] 'school ensemble' (Est: 0.0h left)... No artists.
[6190/6291] 'twee indie pop' (Est: 0.0h left)... No artists.
[6191/6291] 'vanuatu music' (Est: 0.0h left)... Found 1.
[6192/6291] 'horo' (Est: 0.0h left)... No artists.
[6193/6291] 'tahitian traditional' (Est: 0.0h left)... No artists.
[6194/6291] 'metal nortista' (Est: 0.0h left)... No artists.
[6195/6291] 'handbells' (Est: 0.0h left)... Found 2.
[6196/6291] 'polish early music' (Est: 0.0h left)... No artists.
[6197/6291] 'musica ponta-grossense' (Est: 0.0h left)... No artists.
[6198/6291] 'schrammelmusik' (Est: 0.0h left)... No artists.
[6199/6291] 'indie tabasqueno' (Est: 0.0h left)... No artists.
[6200/6291] 'metal pernambucano' (Est: 0.0h left)... No artists.
💾 Checkpoint saved (36576 entities)
[6201/6291] 'classical saxophone quartet' (Est: 0.0h left)... No artists.
[6202/6291] 'czech experimental' (Est: 0.0h left)... No artists.
[6203/6291] 'deep symphonic black metal' (Est: 0.0h left)... No artists.
[6204/6291] 'musica mogiana' (Est: 0.0h left)... No artists.
[6205/6291] 'opera chorus' (Est: 0.0h left)... No artists.
[6206/6291] 'albanian iso polyphony' (Est: 0.0h left)... No artists.
[6207/6291] 'drone psych' (Est: 0.0h left)... No artists.
[6208/6291] 'draaiorgel' (Est: 0.0h left)... No artists.
[6209/6291] 'sirmauri pop' (Est: 0.0h left)... No artists.
[6210/6291] 'twin cities indie' (Est: 0.0h left)... No artists.
[6211/6291] 'austrian contemporary classical' (Est: 0.0h left)... No artists.
[6212/6291] 'clarinet ensemble' (Est: 0.0h left)... No artists.
[6213/6291] 'baroque woodwind' (Est: 0.0h left)... No artists.
[6214/6291] 'indonesian indigenous traditional' (Est: 0.0h left)... No artists.
[6215/6291] 'burkinabe traditional' (Est: 0.0h left)... No artists.
[6216/6291] 'musica maringaense' (Est: 0.0h left)... No artists.
[6217/6291] 'harsh noise wall' (Est: 0.0h left)... Found 50.
[6218/6291] 'chip hop' (Est: 0.0h left)... Found 1.
[6219/6291] 'swiss contemporary classical' (Est: 0.0h left)... No artists.
[6220/6291] 'modern downshift' (Est: 0.0h left)... No artists.
[6221/6291] 'polish choir' (Est: 0.0h left)... No artists.
[6222/6291] 'baroque violin' (Est: 0.0h left)... Found 1.
[6223/6291] 'lagu madura' (Est: 0.0h left)... No artists.
[6224/6291] 'deep smooth r&b' (Est: 0.0h left)... No artists.
[6225/6291] 'trad jazz catala' (Est: 0.0h left)... No artists.
[6226/6291] 'dark electro-industrial' (Est: 0.0h left)... No artists.
[6227/6291] 'kaba gaida' (Est: 0.0h left)... No artists.
[6228/6291] 'rock noise' (Est: 0.0h left)... No artists.
[6229/6291] 'wagnerian singing' (Est: 0.0h left)... No artists.
[6230/6291] 'indie emo rock' (Est: 0.0h left)... No artists.
[6231/6291] 'peruvian experimental' (Est: 0.0h left)... No artists.
[6232/6291] 'musique alsacienne' (Est: 0.0h left)... No artists.
[6233/6291] 'cantonese traditional' (Est: 0.0h left)... No artists.
[6234/6291] 'belgian classical piano' (Est: 0.0h left)... No artists.
[6235/6291] 'deep power-pop punk' (Est: 0.0h left)... No artists.
[6236/6291] 'deep deep tech house' (Est: 0.0h left)... No artists.
[6237/6291] 'rwandan traditional' (Est: 0.0h left)... No artists.
[6238/6291] 'kyrgyz traditional' (Est: 0.0h left)... No artists.
[6239/6291] 'burmese traditional' (Est: 0.0h left)... No artists.
[6240/6291] 'chinese opera' (Est: 0.0h left)... Found 4.
[6241/6291] 'burundian traditional' (Est: 0.0h left)... No artists.
[6242/6291] 'baroque cello' (Est: 0.0h left)... Found 1.
[6243/6291] 'cambodian traditional' (Est: 0.0h left)... No artists.
[6244/6291] 'vintage swoon' (Est: 0.0h left)... No artists.
[6245/6291] 'musique centrafricaine' (Est: 0.0h left)... No artists.
[6246/6291] 'faroese jazz' (Est: 0.0h left)... No artists.
[6247/6291] 'bruneian indie' (Est: 0.0h left)... No artists.
[6248/6291] 'korean classical piano' (Est: 0.0h left)... No artists.
[6249/6291] 'vintage rockabilly' (Est: 0.0h left)... No artists.
[6250/6291] 'rhythm and boogie' (Est: 0.0h left)... No artists.
💾 Checkpoint saved (36673 entities)
[6251/6291] 'marci brijuzi' (Est: 0.0h left)... No artists.
[6252/6291] 'papuan traditional' (Est: 0.0h left)... No artists.
[6253/6291] 'macedonian metal' (Est: 0.0h left)... No artists.
[6254/6291] 'lao traditional' (Est: 0.0h left)... No artists.
[6255/6291] 'gay chorus' (Est: 0.0h left)... No artists.
[6256/6291] 'wind quintet' (Est: 0.0h left)... Found 3.
[6257/6291] 'polish free jazz' (Est: 0.0h left)... No artists.
[6258/6291] 'deep breakcore' (Est: 0.0h left)... No artists.
[6259/6291] 'tanci' (Est: 0.0h left)... No artists.
[6260/6291] 'balikpapan indie' (Est: 0.0h left)... No artists.
[6261/6291] 'uzbek traditional' (Est: 0.0h left)... No artists.
[6262/6291] 'musica timor-leste' (Est: 0.0h left)... No artists.
[6263/6291] 'italian violin' (Est: 0.0h left)... No artists.
[6264/6291] 'wandelweiser' (Est: 0.0h left)... No artists.
[6265/6291] 'bothy ballad' (Est: 0.0h left)... No artists.
[6266/6291] 'metal piauiense' (Est: 0.0h left)... Found 1.
[6267/6291] 'kenyan traditional' (Est: 0.0h left)... No artists.
[6268/6291] 'quatuor a cordes' (Est: 0.0h left)... No artists.
[6269/6291] 'italian choir' (Est: 0.0h left)... No artists.
[6270/6291] 'zampogna' (Est: 0.0h left)... No artists.
[6271/6291] 'ugandan traditional' (Est: 0.0h left)... No artists.
[6272/6291] 'yemeni traditional' (Est: 0.0h left)... No artists.
[6273/6291] 'tajik traditional' (Est: 0.0h left)... No artists.
[6274/6291] 'wind ensemble' (Est: 0.0h left)... No artists.
[6275/6291] 'hungarian choir' (Est: 0.0h left)... No artists.
[6276/6291] 'swiss classical piano' (Est: 0.0h left)... No artists.
[6277/6291] 'mazandarani folk' (Est: 0.0h left)... No artists.
[6278/6291] 'historic string quartet' (Est: 0.0h left)... No artists.
[6279/6291] 'italian mezzo-soprano' (Est: 0.0h left)... Found 5.
[6280/6291] 'swazi traditional' (Est: 0.0h left)... No artists.
[6281/6291] 'trallalero' (Est: 0.0h left)... No artists.
[6282/6291] 'baroque brass' (Est: 0.0h left)... No artists.
[6283/6291] 'himene tarava' (Est: 0.0h left)... No artists.
[6284/6291] 'vintage western' (Est: 0.0h left)... No artists.
[6285/6291] 'classical string trio' (Est: 0.0h left)... No artists.
[6286/6291] 'cinematic dubstep' (Est: 0.0h left)... No artists.
[6287/6291] 'quartetto d'archi' (Est: 0.0h left)... No artists.
[6288/6291] 'yunnan traditional' (Est: 0.0h left)... No artists.
[6289/6291] 'classical piano quartet' (Est: 0.0h left)... No artists.
[6290/6291] 'string quintet' (Est: 0.0h left)... No artists.
[6291/6291] 'youth orchestra' (Est: 0.0h left)... No artists.
💾 Checkpoint saved (36722 entities)

✅ Maximalist Hydration Complete!
Entities: 36,722
Relationships: 43,172
Saved to enao_maximalist.sif.json
